localStart=preMatcher.start(),ASSIGNMENT, line no: 22,preMatcher.find(localStart),METHOD_INVOCATION, line no: 21, 2.7777777777777777, 1.0, 1.0, 0.0, 0.7777777777777778
localStart,SIMPLE_NAME, line no: 22,start,SIMPLE_NAME, line no: 22, 2.5, 1.0, 1.0, 0.0, 0.5
preMatcher,SIMPLE_NAME, line no: 22,Matcher,SIMPLE_NAME, line no: 3, 2.5, 0.006134969325153374, 1.0, 0.0, 0.5
preMatcher,SIMPLE_NAME, line no: 22,matcher,SIMPLE_NAME, line no: 14, 2.5, 1.0, 1.0, 0.0, 0.5
start,SIMPLE_NAME, line no: 22,startIndex,SIMPLE_NAME, line no: 11, 2.5, 0.006134969325153374, 1.0, 0.0, 0.5
start,SIMPLE_NAME, line no: 22,localStart,SIMPLE_NAME, line no: 20, 2.5, 1.0, 1.0, 0.0, 0.5
localStart,SIMPLE_NAME, line no: 22,localStart + 1,INFIX_EXPRESSION, line no: 24, 2.4814814814814814, 0.9814814814814815, 1.0, 0.0, 0.5
localStart,SIMPLE_NAME, line no: 22,localStart=end,ASSIGNMENT, line no: 32, 2.3395061728395063, 0.10493827160493827, 1.0, 0.0, 0.5
localStart,SIMPLE_NAME, line no: 22,startIndex,SIMPLE_NAME, line no: 11, 2.3333333333333335, 0.006172839506172839, 1.0, 0.0, 0.3333333333333333
preMatcher,SIMPLE_NAME, line no: 22,postMatcher,SIMPLE_NAME, line no: 16, 2.3333333333333335, 1.0, 1.0, 0.0, 0.3333333333333333
preMatcher,SIMPLE_NAME, line no: 22,prePattern.matcher(input),METHOD_INVOCATION, line no: 14, 2.2857142857142856, 1.0, 1.0, 0.0, 0.2857142857142857
localStart=preMatcher.start(),ASSIGNMENT, line no: 22,localStart,SIMPLE_NAME, line no: 20, 2.25, 1.0, 1.0, 0.0, 0.25
localStart=preMatcher.start(),ASSIGNMENT, line no: 22,preMatcher.start(),METHOD_INVOCATION, line no: 22, 2.25, 1.0, 0.5, 0.0, 0.75
preMatcher.start(),METHOD_INVOCATION, line no: 22,preMatcher.find(localStart),METHOD_INVOCATION, line no: 21, 2.25, 1.0, 0.5, 0.0, 0.75
localStart,SIMPLE_NAME, line no: 22,localStart=preMatcher.start(),ASSIGNMENT, line no: 22, 2.243827160493827, 0.9938271604938271, 1.0, 0.0, 0.25
preMatcher.start(),METHOD_INVOCATION, line no: 22,localStart=preMatcher.start(),ASSIGNMENT, line no: 22, 2.243827160493827, 0.9938271604938271, 0.5, 0.0, 0.75
start,SIMPLE_NAME, line no: 22,localStart + 1,INFIX_EXPRESSION, line no: 24, 2.23159509202454, 0.9815950920245399, 1.0, 0.0, 0.25
preMatcher.start(),METHOD_INVOCATION, line no: 22,start,SIMPLE_NAME, line no: 22, 2.1666666666666665, 1.0, 1.0, 0.0, 0.16666666666666666
start,SIMPLE_NAME, line no: 22,preMatcher.start(),METHOD_INVOCATION, line no: 22, 2.160531697341513, 0.9938650306748467, 1.0, 0.0, 0.16666666666666666
preMatcher.start(),METHOD_INVOCATION, line no: 22,startIndex,SIMPLE_NAME, line no: 11, 2.142857142857143, 0.006172839506172839, 1.0, 0.0, 0.14285714285714285
preMatcher.start(),METHOD_INVOCATION, line no: 22,localStart,SIMPLE_NAME, line no: 20, 2.142857142857143, 1.0, 1.0, 0.0, 0.14285714285714285
preMatcher,SIMPLE_NAME, line no: 22,pattern.matcher(input),METHOD_INVOCATION, line no: 18, 2.142857142857143, 1.0, 1.0, 0.0, 0.14285714285714285
localStart,SIMPLE_NAME, line no: 22,preMatcher.start(),METHOD_INVOCATION, line no: 22, 2.13668430335097, 0.9938271604938271, 1.0, 0.0, 0.14285714285714285
localStart=preMatcher.start(),ASSIGNMENT, line no: 22,start,SIMPLE_NAME, line no: 22, 2.125, 1.0, 1.0, 0.0, 0.125
preMatcher,SIMPLE_NAME, line no: 22,postPattern.matcher(input),METHOD_INVOCATION, line no: 16, 2.125, 1.0, 1.0, 0.0, 0.125
start,SIMPLE_NAME, line no: 22,localStart=preMatcher.start(),ASSIGNMENT, line no: 22, 2.1127300613496933, 0.9877300613496932, 1.0, 0.0, 0.125
localStart=preMatcher.start(),ASSIGNMENT, line no: 22,startIndex,SIMPLE_NAME, line no: 11, 2.111111111111111, 0.006211180124223602, 1.0, 0.0, 0.1111111111111111
start,SIMPLE_NAME, line no: 22,localStart=end,ASSIGNMENT, line no: 32, 2.084355828220859, 0.10429447852760736, 1.0, 0.0, 0.25
start,SIMPLE_NAME, line no: 22,length,SIMPLE_NAME, line no: 29, 1.9877300613496933, 0.6625766871165644, 1.0, 0.0, 0.0
localStart,SIMPLE_NAME, line no: 22,length,SIMPLE_NAME, line no: 29, 1.9876543209876543, 0.6666666666666666, 1.0, 0.0, 0.0
preMatcher.start(),METHOD_INVOCATION, line no: 22,1,NUMBER_LITERAL, line no: 24, 1.9876543209876543, 0.9876543209876543, 1.0, 0.0, 0.0
preMatcher.start(),METHOD_INVOCATION, line no: 22,length,SIMPLE_NAME, line no: 29, 1.9876543209876543, 0.6666666666666666, 1.0, 0.0, 0.0
localStart=preMatcher.start(),ASSIGNMENT, line no: 22,1,NUMBER_LITERAL, line no: 24, 1.9875776397515528, 0.9875776397515528, 1.0, 0.0, 0.0
localStart=preMatcher.start(),ASSIGNMENT, line no: 22,length,SIMPLE_NAME, line no: 29, 1.9875776397515528, 0.6708074534161491, 1.0, 0.0, 0.0
start,SIMPLE_NAME, line no: 22,1,NUMBER_LITERAL, line no: 24, 1.98159509202454, 0.9815950920245399, 1.0, 0.0, 0.0
start,SIMPLE_NAME, line no: 22,input.length(),METHOD_INVOCATION, line no: 29, 1.98159509202454, 0.656441717791411, 1.0, 0.0, 0.0
localStart,SIMPLE_NAME, line no: 22,1,NUMBER_LITERAL, line no: 24, 1.9814814814814814, 0.9814814814814815, 1.0, 0.0, 0.0
localStart,SIMPLE_NAME, line no: 22,input.length(),METHOD_INVOCATION, line no: 29, 1.9814814814814814, 0.6604938271604939, 1.0, 0.0, 0.0
preMatcher,SIMPLE_NAME, line no: 22,matcher.region(startIndex end),METHOD_INVOCATION, line no: 26, 1.934355828220859, 0.8343558282208589, 1.0, 0.0, 0.1
start,SIMPLE_NAME, line no: 22,getStartOffsetLastFound,SIMPLE_NAME, line no: 41, 1.856441717791411, 0.656441717791411, 1.0, 0.0, 0.2
localStart=preMatcher.start(),ASSIGNMENT, line no: 22,end,SIMPLE_NAME, line no: 25, 1.8509316770186337, 0.8385093167701864, 1.0, 0.0, 0.0
start,SIMPLE_NAME, line no: 22,matcher.start(),METHOD_INVOCATION, line no: 36, 1.8503067484662576, 0.6503067484662577, 1.0, 0.0, 0.2
localStart,SIMPLE_NAME, line no: 22,end,SIMPLE_NAME, line no: 25, 1.845679012345679, 0.8333333333333334, 1.0, 0.0, 0.0
preMatcher.start(),METHOD_INVOCATION, line no: 22,end,SIMPLE_NAME, line no: 25, 1.845679012345679, 0.8333333333333334, 1.0, 0.0, 0.0
preMatcher,SIMPLE_NAME, line no: 22,region,SIMPLE_NAME, line no: 26, 1.8404907975460123, 0.8404907975460123, 1.0, 0.0, 0.0
start,SIMPLE_NAME, line no: 22,end,SIMPLE_NAME, line no: 25, 1.8404907975460123, 0.8282208588957055, 1.0, 0.0, 0.0
localStart,SIMPLE_NAME, line no: 22,postMatcher.end(),METHOD_INVOCATION, line no: 25, 1.8333333333333335, 0.8333333333333334, 1.0, 0.0, 0.0
start,SIMPLE_NAME, line no: 22,postMatcher.end(),METHOD_INVOCATION, line no: 25, 1.8282208588957056, 0.8282208588957055, 1.0, 0.0, 0.0
localStart,SIMPLE_NAME, line no: 22,getStartOffsetLastFound,SIMPLE_NAME, line no: 41, 1.8271604938271606, 0.6604938271604939, 1.0, 0.0, 0.16666666666666666
localStart,SIMPLE_NAME, line no: 22,matcher.start(),METHOD_INVOCATION, line no: 36, 1.8209876543209877, 0.654320987654321, 1.0, 0.0, 0.16666666666666666
localStart=preMatcher.start(),ASSIGNMENT, line no: 22,postMatcher.find(localStart + 1),METHOD_INVOCATION, line no: 24, 1.820910973084886, 0.9875776397515528, 0.3333333333333333, 0.0, 0.5
localStart=preMatcher.start(),ASSIGNMENT, line no: 22,localStart > input.length(),INFIX_EXPRESSION, line no: 46, 1.7754564276303406, 0.84472049689441, 0.3333333333333333, 0.0, 0.45454545454545453
start,SIMPLE_NAME, line no: 22,this.getStartOffsetLastFound(),METHOD_INVOCATION, line no: 41, 1.7614178595773688, 0.6503067484662577, 1.0, 0.0, 0.1111111111111111
preMatcher.start(),METHOD_INVOCATION, line no: 22,getStartOffsetLastFound,SIMPLE_NAME, line no: 41, 1.760493827160494, 0.6604938271604939, 1.0, 0.0, 0.1
localStart,SIMPLE_NAME, line no: 22,this.getStartOffsetLastFound(),METHOD_INVOCATION, line no: 41, 1.754320987654321, 0.654320987654321, 1.0, 0.0, 0.1
localStart=preMatcher.start(),ASSIGNMENT, line no: 22,getStartOffsetLastFound,SIMPLE_NAME, line no: 41, 1.7479296066252588, 0.6645962732919255, 1.0, 0.0, 0.08333333333333333
start,SIMPLE_NAME, line no: 22,this._startOffSet=matcher.start(),ASSIGNMENT, line no: 36, 1.7441717791411042, 0.6441717791411042, 1.0, 0.0, 0.1
localStart,SIMPLE_NAME, line no: 22,this._startOffSet=matcher.start(),ASSIGNMENT, line no: 36, 1.739057239057239, 0.6481481481481481, 1.0, 0.0, 0.09090909090909091
localStart=preMatcher.start(),ASSIGNMENT, line no: 22,localStart + 1,INFIX_EXPRESSION, line no: 24, 1.6875776397515527, 0.9875776397515528, 0.5, 0.0, 0.2
localStart=preMatcher.start(),ASSIGNMENT, line no: 22,2,NUMBER_LITERAL, line no: 37, 1.670807453416149, 0.6708074534161491, 1.0, 0.0, 0.0
localStart,SIMPLE_NAME, line no: 22,2,NUMBER_LITERAL, line no: 37, 1.6666666666666665, 0.6666666666666666, 1.0, 0.0, 0.0
localStart,SIMPLE_NAME, line no: 22,body.length(),METHOD_INVOCATION, line no: 37, 1.6666666666666665, 0.6604938271604939, 1.0, 0.0, 0.0
preMatcher.start(),METHOD_INVOCATION, line no: 22,2,NUMBER_LITERAL, line no: 37, 1.6666666666666665, 0.6666666666666666, 1.0, 0.0, 0.0
localStart=preMatcher.start(),ASSIGNMENT, line no: 22,_startOffSet,SIMPLE_NAME, line no: 36, 1.6645962732919255, 0.6645962732919255, 1.0, 0.0, 0.0
localStart=preMatcher.start(),ASSIGNMENT, line no: 22,_endOffSet,SIMPLE_NAME, line no: 37, 1.6645962732919255, 0.6645962732919255, 1.0, 0.0, 0.0
localStart=preMatcher.start(),ASSIGNMENT, line no: 22,getEndOffsetLastFound,SIMPLE_NAME, line no: 42, 1.6645962732919255, 0.6645962732919255, 1.0, 0.0, 0.0
start,SIMPLE_NAME, line no: 22,2,NUMBER_LITERAL, line no: 37, 1.6625766871165644, 0.6625766871165644, 1.0, 0.0, 0.0
start,SIMPLE_NAME, line no: 22,body.length(),METHOD_INVOCATION, line no: 37, 1.6625766871165644, 0.656441717791411, 1.0, 0.0, 0.0
localStart,SIMPLE_NAME, line no: 22,end - 1,INFIX_EXPRESSION, line no: 29, 1.6604938271604939, 0.6604938271604939, 1.0, 0.0, 0.0
localStart,SIMPLE_NAME, line no: 22,_startOffSet,SIMPLE_NAME, line no: 36, 1.6604938271604939, 0.6604938271604939, 1.0, 0.0, 0.0
localStart,SIMPLE_NAME, line no: 22,_endOffSet,SIMPLE_NAME, line no: 37, 1.6604938271604939, 0.6604938271604939, 1.0, 0.0, 0.0
localStart,SIMPLE_NAME, line no: 22,end - 2,INFIX_EXPRESSION, line no: 37, 1.6604938271604939, 0.6604938271604939, 1.0, 0.0, 0.0
localStart,SIMPLE_NAME, line no: 22,body.length() - 1,INFIX_EXPRESSION, line no: 40, 1.6604938271604939, 0.6604938271604939, 1.0, 0.0, 0.0
localStart,SIMPLE_NAME, line no: 22,getEndOffsetLastFound,SIMPLE_NAME, line no: 42, 1.6604938271604939, 0.6604938271604939, 1.0, 0.0, 0.0
preMatcher.start(),METHOD_INVOCATION, line no: 22,_startOffSet,SIMPLE_NAME, line no: 36, 1.6604938271604939, 0.6604938271604939, 1.0, 0.0, 0.0
preMatcher.start(),METHOD_INVOCATION, line no: 22,_endOffSet,SIMPLE_NAME, line no: 37, 1.6604938271604939, 0.6604938271604939, 1.0, 0.0, 0.0
preMatcher.start(),METHOD_INVOCATION, line no: 22,getEndOffsetLastFound,SIMPLE_NAME, line no: 42, 1.6604938271604939, 0.6604938271604939, 1.0, 0.0, 0.0
start,SIMPLE_NAME, line no: 22,end - 1,INFIX_EXPRESSION, line no: 29, 1.656441717791411, 0.656441717791411, 1.0, 0.0, 0.0
start,SIMPLE_NAME, line no: 22,_startOffSet,SIMPLE_NAME, line no: 36, 1.656441717791411, 0.656441717791411, 1.0, 0.0, 0.0
start,SIMPLE_NAME, line no: 22,_endOffSet,SIMPLE_NAME, line no: 37, 1.656441717791411, 0.656441717791411, 1.0, 0.0, 0.0
start,SIMPLE_NAME, line no: 22,end - 2,INFIX_EXPRESSION, line no: 37, 1.656441717791411, 0.656441717791411, 1.0, 0.0, 0.0
start,SIMPLE_NAME, line no: 22,body.length() - 1,INFIX_EXPRESSION, line no: 40, 1.656441717791411, 0.656441717791411, 1.0, 0.0, 0.0
start,SIMPLE_NAME, line no: 22,getEndOffsetLastFound,SIMPLE_NAME, line no: 42, 1.656441717791411, 0.656441717791411, 1.0, 0.0, 0.0
localStart,SIMPLE_NAME, line no: 22,this._startOffSet,FIELD_ACCESS, line no: 36, 1.654320987654321, 0.654320987654321, 1.0, 0.0, 0.0
localStart,SIMPLE_NAME, line no: 22,this._endOffSet,FIELD_ACCESS, line no: 37, 1.654320987654321, 0.654320987654321, 1.0, 0.0, 0.0
localStart,SIMPLE_NAME, line no: 22,end - 2 + body.length(),INFIX_EXPRESSION, line no: 37, 1.654320987654321, 0.654320987654321, 1.0, 0.0, 0.0
localStart,SIMPLE_NAME, line no: 22,this.getEndOffsetLastFound(),METHOD_INVOCATION, line no: 41, 1.654320987654321, 0.654320987654321, 1.0, 0.0, 0.0
start,SIMPLE_NAME, line no: 22,this._startOffSet,FIELD_ACCESS, line no: 36, 1.6503067484662577, 0.6503067484662577, 1.0, 0.0, 0.0
start,SIMPLE_NAME, line no: 22,this._endOffSet,FIELD_ACCESS, line no: 37, 1.6503067484662577, 0.6503067484662577, 1.0, 0.0, 0.0
start,SIMPLE_NAME, line no: 22,end - 2 + body.length(),INFIX_EXPRESSION, line no: 37, 1.6503067484662577, 0.6503067484662577, 1.0, 0.0, 0.0
start,SIMPLE_NAME, line no: 22,this.getEndOffsetLastFound(),METHOD_INVOCATION, line no: 41, 1.6503067484662577, 0.6503067484662577, 1.0, 0.0, 0.0
localStart,SIMPLE_NAME, line no: 22,this._endOffSet=end - 2 + body.length(),ASSIGNMENT, line no: 37, 1.6481481481481481, 0.6481481481481481, 1.0, 0.0, 0.0
start,SIMPLE_NAME, line no: 22,this._endOffSet=end - 2 + body.length(),ASSIGNMENT, line no: 37, 1.6441717791411041, 0.6441717791411042, 1.0, 0.0, 0.0
preMatcher.start(),METHOD_INVOCATION, line no: 22,prePattern.matcher(input),METHOD_INVOCATION, line no: 14, 1.625, 1.0, 0.0, 0.0, 0.625
localStart=preMatcher.start(),ASSIGNMENT, line no: 22,localStart=end,ASSIGNMENT, line no: 32, 1.5113871635610765, 0.10559006211180125, 0.3333333333333333, 0.0, 0.3333333333333333
localStart=preMatcher.start(),ASSIGNMENT, line no: 22,prePattern.matcher(input),METHOD_INVOCATION, line no: 14, 1.5, 1.0, 0.0, 0.0, 0.5
preMatcher.start(),METHOD_INVOCATION, line no: 22,pattern.matcher(input),METHOD_INVOCATION, line no: 18, 1.5, 1.0, 0.0, 0.0, 0.5
preMatcher.start(),METHOD_INVOCATION, line no: 22,matcher.start(),METHOD_INVOCATION, line no: 36, 1.4876543209876543, 0.654320987654321, 0.0, 0.0, 0.8333333333333334
preMatcher.start(),METHOD_INVOCATION, line no: 22,postPattern.matcher(input),METHOD_INVOCATION, line no: 16, 1.4444444444444444, 1.0, 0.0, 0.0, 0.4444444444444444
preMatcher.start(),METHOD_INVOCATION, line no: 22,postMatcher.find(localStart + 1),METHOD_INVOCATION, line no: 24, 1.4421997755331089, 0.9876543209876543, 0.0, 0.0, 0.45454545454545453
preMatcher.start(),METHOD_INVOCATION, line no: 22,matcher.find(),METHOD_INVOCATION, line no: 27, 1.4109347442680775, 0.8395061728395061, 0.0, 0.0, 0.5714285714285714
localStart=preMatcher.start(),ASSIGNMENT, line no: 22,pattern.matcher(input),METHOD_INVOCATION, line no: 18, 1.4, 1.0, 0.0, 0.0, 0.4
preMatcher.start(),METHOD_INVOCATION, line no: 22,this.getPrePatternString(),METHOD_INVOCATION, line no: 13, 1.4, 1.0, 0.0, 0.0, 0.4
preMatcher.start(),METHOD_INVOCATION, line no: 22,localStart > input.length(),INFIX_EXPRESSION, line no: 46, 1.3814814814814815, 0.8395061728395061, 0.0, 0.0, 0.4
localStart=preMatcher.start(),ASSIGNMENT, line no: 22,postPattern.matcher(input),METHOD_INVOCATION, line no: 16, 1.3636363636363638, 1.0, 0.0, 0.0, 0.36363636363636365
preMatcher.start(),METHOD_INVOCATION, line no: 22,Pattern.compile(this.getPrePatternString()),METHOD_INVOCATION, line no: 13, 1.3636363636363638, 1.0, 0.0, 0.0, 0.36363636363636365
preMatcher.start(),METHOD_INVOCATION, line no: 22,input.length(),METHOD_INVOCATION, line no: 29, 1.3626543209876543, 0.6604938271604939, 0.0, 0.0, 0.375
preMatcher.start(),METHOD_INVOCATION, line no: 22,matcher.region(startIndex end),METHOD_INVOCATION, line no: 26, 1.3395061728395061, 0.8395061728395061, 0.0, 0.0, 0.5
preMatcher,SIMPLE_NAME, line no: 22,mainMatcher,SIMPLE_NAME, line no: 87, 1.3394683026584866, 0.006134969325153374, 1.0, 0.0, 0.3333333333333333
preMatcher.start(),METHOD_INVOCATION, line no: 22,postMatcher.end(),METHOD_INVOCATION, line no: 25, 1.3333333333333335, 0.8333333333333334, 0.0, 0.0, 0.5
localStart=preMatcher.start(),ASSIGNMENT, line no: 22,this.getPrePatternString(),METHOD_INVOCATION, line no: 13, 1.3333333333333333, 1.0, 0.0, 0.0, 0.3333333333333333
preMatcher.start(),METHOD_INVOCATION, line no: 22,preMatcher,SIMPLE_NAME, line no: 14, 1.3333333333333333, 1.0, 0.0, 0.0, 0.3333333333333333
preMatcher,SIMPLE_NAME, line no: 22,prePattern,SIMPLE_NAME, line no: 13, 1.3333333333333333, 1.0, 0.0, 0.0, 0.3333333333333333
preMatcher,SIMPLE_NAME, line no: 22,preMatcher.start(),METHOD_INVOCATION, line no: 22, 1.32719836400818, 0.9938650306748467, 0.0, 0.0, 0.3333333333333333
localStart=preMatcher.start(),ASSIGNMENT, line no: 22,Pattern.compile(this.getPrePatternString()),METHOD_INVOCATION, line no: 13, 1.3076923076923077, 1.0, 0.0, 0.0, 0.3076923076923077
preMatcher.start(),METHOD_INVOCATION, line no: 22,this.getPatternString(),METHOD_INVOCATION, line no: 17, 1.3, 1.0, 0.0, 0.0, 0.3
localStart=preMatcher.start(),ASSIGNMENT, line no: 22,matcher.find(),METHOD_INVOCATION, line no: 27, 1.2891649413388544, 0.84472049689441, 0.0, 0.0, 0.4444444444444444
localStart=preMatcher.start(),ASSIGNMENT, line no: 22,input.length(),METHOD_INVOCATION, line no: 29, 1.2875776397515528, 0.6645962732919255, 0.0, 0.0, 0.3
localStart=preMatcher.start(),ASSIGNMENT, line no: 22,matcher.start(),METHOD_INVOCATION, line no: 36, 1.283385093167702, 0.6583850931677019, 0.0, 0.0, 0.625
preMatcher.start(),METHOD_INVOCATION, line no: 22,this.getPostPatternString(),METHOD_INVOCATION, line no: 15, 1.2727272727272727, 1.0, 0.0, 0.0, 0.2727272727272727
preMatcher.start(),METHOD_INVOCATION, line no: 22,Pattern.compile(this.getPatternString()),METHOD_INVOCATION, line no: 17, 1.2727272727272727, 1.0, 0.0, 0.0, 0.2727272727272727
localStart=preMatcher.start(),ASSIGNMENT, line no: 22,matcher.region(startIndex end),METHOD_INVOCATION, line no: 26, 1.2613871635610767, 0.84472049689441, 0.0, 0.0, 0.4166666666666667
localStart=preMatcher.start(),ASSIGNMENT, line no: 22,preMatcher,SIMPLE_NAME, line no: 14, 1.25, 1.0, 0.0, 0.0, 0.25
localStart=preMatcher.start(),ASSIGNMENT, line no: 22,this.getPatternString(),METHOD_INVOCATION, line no: 17, 1.25, 1.0, 0.0, 0.0, 0.25
localStart,SIMPLE_NAME, line no: 22,preMatcher.find(localStart),METHOD_INVOCATION, line no: 21, 1.25, 1.0, 0.0, 0.0, 0.25
preMatcher.start(),METHOD_INVOCATION, line no: 22,Pattern.compile(this.getPostPatternString()),METHOD_INVOCATION, line no: 15, 1.25, 1.0, 0.0, 0.0, 0.25
preMatcher,SIMPLE_NAME, line no: 22,preMatcher.find(localStart),METHOD_INVOCATION, line no: 21, 1.25, 1.0, 0.0, 0.0, 0.25
localStart=preMatcher.start(),ASSIGNMENT, line no: 22,postMatcher.end(),METHOD_INVOCATION, line no: 25, 1.2385093167701864, 0.8385093167701864, 0.0, 0.0, 0.4
preMatcher,SIMPLE_NAME, line no: 22,localStart=preMatcher.start(),ASSIGNMENT, line no: 22, 1.2377300613496933, 0.9877300613496932, 0.0, 0.0, 0.25
preMatcher.start(),METHOD_INVOCATION, line no: 22,matcher.group(),METHOD_INVOCATION, line no: 35, 1.2319223985890653, 0.6604938271604939, 0.0, 0.0, 0.5714285714285714
localStart,SIMPLE_NAME, line no: 22,localStart > input.length(),INFIX_EXPRESSION, line no: 46, 1.2314814814814814, 0.8395061728395061, 0.0, 0.0, 0.25
localStart=preMatcher.start(),ASSIGNMENT, line no: 22,this.getPostPatternString(),METHOD_INVOCATION, line no: 15, 1.2307692307692308, 1.0, 0.0, 0.0, 0.23076923076923078
localStart=preMatcher.start(),ASSIGNMENT, line no: 22,Pattern.compile(this.getPatternString()),METHOD_INVOCATION, line no: 17, 1.2307692307692308, 1.0, 0.0, 0.0, 0.23076923076923078
localStart=preMatcher.start(),ASSIGNMENT, line no: 22,Pattern.compile(this.getPostPatternString()),METHOD_INVOCATION, line no: 15, 1.2142857142857142, 1.0, 0.0, 0.0, 0.21428571428571427
preMatcher,SIMPLE_NAME, line no: 22,getPrePatternString,SIMPLE_NAME, line no: 13, 1.2, 1.0, 0.0, 0.0, 0.2
localStart=preMatcher.start(),ASSIGNMENT, line no: 22,this._found=false,ASSIGNMENT, line no: 12, 1.1818181818181819, 1.0, 0.0, 0.0, 0.18181818181818182
localStart,SIMPLE_NAME, line no: 22,postMatcher.find(localStart + 1),METHOD_INVOCATION, line no: 24, 1.1814814814814816, 0.9814814814814815, 0.0, 0.0, 0.2
localStart=preMatcher.start(),ASSIGNMENT, line no: 22,0,NUMBER_LITERAL, line no: 60, 1.1739130434782608, 0.17391304347826086, 1.0, 0.0, 0.0
localStart,SIMPLE_NAME, line no: 22,0,NUMBER_LITERAL, line no: 60, 1.1728395061728394, 0.1728395061728395, 1.0, 0.0, 0.0
preMatcher.start(),METHOD_INVOCATION, line no: 22,0,NUMBER_LITERAL, line no: 60, 1.1728395061728394, 0.1728395061728395, 1.0, 0.0, 0.0
start,SIMPLE_NAME, line no: 22,0,NUMBER_LITERAL, line no: 60, 1.1717791411042944, 0.17177914110429449, 1.0, 0.0, 0.0
preMatcher.start(),METHOD_INVOCATION, line no: 22,Matcher,SIMPLE_NAME, line no: 3, 1.1666666666666667, 0.006172839506172839, 0.0, 0.0, 0.16666666666666666
preMatcher.start(),METHOD_INVOCATION, line no: 22,matcher,SIMPLE_NAME, line no: 14, 1.1666666666666667, 1.0, 0.0, 0.0, 0.16666666666666666
preMatcher,SIMPLE_NAME, line no: 22,java.util.regex.Matcher,QUALIFIED_NAME, line no: 3, 1.1666666666666667, 0.0, 1.0, 0.0, 0.16666666666666666
localStart=preMatcher.start(),ASSIGNMENT, line no: 22,this._startOffSet=matcher.start(),ASSIGNMENT, line no: 36, 1.1521739130434783, 0.6521739130434783, 0.0, 0.0, 0.5
preMatcher.start(),METHOD_INVOCATION, line no: 22,matcher.group(2),METHOD_INVOCATION, line no: 38, 1.1481481481481481, 0.6481481481481481, 0.0, 0.0, 0.5
preMatcher.start(),METHOD_INVOCATION, line no: 22,prePattern,SIMPLE_NAME, line no: 13, 1.1428571428571428, 1.0, 0.0, 0.0, 0.14285714285714285
preMatcher.start(),METHOD_INVOCATION, line no: 22,postMatcher,SIMPLE_NAME, line no: 16, 1.1428571428571428, 1.0, 0.0, 0.0, 0.14285714285714285
localStart=preMatcher.start(),ASSIGNMENT, line no: 22,Matcher,SIMPLE_NAME, line no: 3, 1.125, 0.006211180124223602, 0.0, 0.0, 0.125
localStart=preMatcher.start(),ASSIGNMENT, line no: 22,matcher,SIMPLE_NAME, line no: 14, 1.125, 1.0, 0.0, 0.0, 0.125
preMatcher.start(),METHOD_INVOCATION, line no: 22,this._found,FIELD_ACCESS, line no: 12, 1.125, 1.0, 0.0, 0.0, 0.125
start,SIMPLE_NAME, line no: 22,preMatcher.find(localStart),METHOD_INVOCATION, line no: 21, 1.125, 1.0, 0.0, 0.0, 0.125
localStart=preMatcher.start(),ASSIGNMENT, line no: 22,prePattern,SIMPLE_NAME, line no: 13, 1.1111111111111112, 1.0, 0.0, 0.0, 0.1111111111111111
localStart=preMatcher.start(),ASSIGNMENT, line no: 22,postMatcher,SIMPLE_NAME, line no: 16, 1.1111111111111112, 1.0, 0.0, 0.0, 0.1111111111111111
preMatcher.start(),METHOD_INVOCATION, line no: 22,getPrePatternString,SIMPLE_NAME, line no: 13, 1.1111111111111112, 1.0, 0.0, 0.0, 0.1111111111111111
preMatcher,SIMPLE_NAME, line no: 22,this.getPrePatternString(),METHOD_INVOCATION, line no: 13, 1.1111111111111112, 1.0, 0.0, 0.0, 0.1111111111111111
localStart=preMatcher.start(),ASSIGNMENT, line no: 22,matcher.group(),METHOD_INVOCATION, line no: 35, 1.10904071773637, 0.6645962732919255, 0.0, 0.0, 0.4444444444444444
preMatcher.start(),METHOD_INVOCATION, line no: 22,this._startOffSet=matcher.start(),ASSIGNMENT, line no: 36, 1.1026936026936027, 0.6481481481481481, 0.0, 0.0, 0.45454545454545453
start,SIMPLE_NAME, line no: 22,localStart > input.length(),INFIX_EXPRESSION, line no: 46, 1.1004601226993866, 0.8343558282208589, 0.0, 0.0, 0.125
localStart=preMatcher.start(),ASSIGNMENT, line no: 22,this._found,FIELD_ACCESS, line no: 12, 1.1, 1.0, 0.0, 0.0, 0.1
preMatcher.start(),METHOD_INVOCATION, line no: 22,this._found=false,ASSIGNMENT, line no: 12, 1.1, 1.0, 0.0, 0.0, 0.1
preMatcher,SIMPLE_NAME, line no: 22,Pattern.compile(this.getPrePatternString()),METHOD_INVOCATION, line no: 13, 1.1, 1.0, 0.0, 0.0, 0.1
preMatcher.start(),METHOD_INVOCATION, line no: 22,localStart + 1,INFIX_EXPRESSION, line no: 24, 1.0987654320987654, 0.9876543209876543, 0.0, 0.0, 0.1111111111111111
localStart=preMatcher.start(),ASSIGNMENT, line no: 22,getPrePatternString,SIMPLE_NAME, line no: 13, 1.0909090909090908, 1.0, 0.0, 0.0, 0.09090909090909091
start,SIMPLE_NAME, line no: 22,postMatcher.find(localStart + 1),METHOD_INVOCATION, line no: 24, 1.0815950920245399, 0.9815950920245399, 0.0, 0.0, 0.1
preMatcher,SIMPLE_NAME, line no: 22,postMatcher.find(localStart + 1),METHOD_INVOCATION, line no: 24, 1.0725041829336308, 0.9815950920245399, 0.0, 0.0, 0.09090909090909091
localStart=preMatcher.start(),ASSIGNMENT, line no: 22,matcher.group(2),METHOD_INVOCATION, line no: 38, 1.0521739130434784, 0.6521739130434783, 0.0, 0.0, 0.4
preMatcher.start(),METHOD_INVOCATION, line no: 22,body.length(),METHOD_INVOCATION, line no: 37, 1.0416666666666665, 0.6604938271604939, 0.0, 0.0, 0.375
preMatcher.start(),METHOD_INVOCATION, line no: 22,matcher.group() + body.substring(1),INFIX_EXPRESSION, line no: 35, 1.0179573512906845, 0.654320987654321, 0.0, 0.0, 0.36363636363636365
preMatcher.start(),METHOD_INVOCATION, line no: 22,this.getStartOffsetLastFound(),METHOD_INVOCATION, line no: 41, 1.0179573512906845, 0.654320987654321, 0.0, 0.0, 0.36363636363636365
preMatcher,SIMPLE_NAME, line no: 22,matcher.find(),METHOD_INVOCATION, line no: 27, 1.0010224948875255, 0.8343558282208589, 0.0, 0.0, 0.16666666666666666
localStart=preMatcher.start(),ASSIGNMENT, line no: 22,Pattern,SIMPLE_NAME, line no: 4, 1.0, 0.006211180124223602, 0.0, 0.0, 0.0
localStart=preMatcher.start(),ASSIGNMENT, line no: 22,input,SIMPLE_NAME, line no: 11, 1.0, 0.006211180124223602, 0.0, 0.0, 0.0
localStart=preMatcher.start(),ASSIGNMENT, line no: 22,this,THIS_EXPRESSION, line no: 12, 1.0, 1.0, 0.0, 0.0, 0.0
localStart=preMatcher.start(),ASSIGNMENT, line no: 22,_found,SIMPLE_NAME, line no: 12, 1.0, 1.0, 0.0, 0.0, 0.0
localStart=preMatcher.start(),ASSIGNMENT, line no: 22,false,BOOLEAN_LITERAL, line no: 12, 1.0, 1.0, 0.0, 0.0, 0.0
localStart=preMatcher.start(),ASSIGNMENT, line no: 22,compile,SIMPLE_NAME, line no: 13, 1.0, 1.0, 0.0, 0.0, 0.0
localStart=preMatcher.start(),ASSIGNMENT, line no: 22,postPattern,SIMPLE_NAME, line no: 15, 1.0, 1.0, 0.0, 0.0, 0.0
localStart=preMatcher.start(),ASSIGNMENT, line no: 22,getPostPatternString,SIMPLE_NAME, line no: 15, 1.0, 1.0, 0.0, 0.0, 0.0
localStart=preMatcher.start(),ASSIGNMENT, line no: 22,pattern,SIMPLE_NAME, line no: 17, 1.0, 1.0, 0.0, 0.0, 0.0
localStart=preMatcher.start(),ASSIGNMENT, line no: 22,getPatternString,SIMPLE_NAME, line no: 17, 1.0, 1.0, 0.0, 0.0, 0.0
localStart=preMatcher.start(),ASSIGNMENT, line no: 22,find,SIMPLE_NAME, line no: 21, 1.0, 1.0, 0.0, 0.0, 0.0
localStart,SIMPLE_NAME, line no: 22,Matcher,SIMPLE_NAME, line no: 3, 1.0, 0.006172839506172839, 0.0, 0.0, 0.0
localStart,SIMPLE_NAME, line no: 22,Pattern,SIMPLE_NAME, line no: 4, 1.0, 0.006172839506172839, 0.0, 0.0, 0.0
localStart,SIMPLE_NAME, line no: 22,input,SIMPLE_NAME, line no: 11, 1.0, 0.006172839506172839, 0.0, 0.0, 0.0
localStart,SIMPLE_NAME, line no: 22,this._found=false,ASSIGNMENT, line no: 12, 1.0, 1.0, 0.0, 0.0, 0.0
localStart,SIMPLE_NAME, line no: 22,this._found,FIELD_ACCESS, line no: 12, 1.0, 1.0, 0.0, 0.0, 0.0
localStart,SIMPLE_NAME, line no: 22,this,THIS_EXPRESSION, line no: 12, 1.0, 1.0, 0.0, 0.0, 0.0
localStart,SIMPLE_NAME, line no: 22,_found,SIMPLE_NAME, line no: 12, 1.0, 1.0, 0.0, 0.0, 0.0
localStart,SIMPLE_NAME, line no: 22,false,BOOLEAN_LITERAL, line no: 12, 1.0, 1.0, 0.0, 0.0, 0.0
localStart,SIMPLE_NAME, line no: 22,prePattern,SIMPLE_NAME, line no: 13, 1.0, 1.0, 0.0, 0.0, 0.0
localStart,SIMPLE_NAME, line no: 22,Pattern.compile(this.getPrePatternString()),METHOD_INVOCATION, line no: 13, 1.0, 1.0, 0.0, 0.0, 0.0
localStart,SIMPLE_NAME, line no: 22,compile,SIMPLE_NAME, line no: 13, 1.0, 1.0, 0.0, 0.0, 0.0
localStart,SIMPLE_NAME, line no: 22,this.getPrePatternString(),METHOD_INVOCATION, line no: 13, 1.0, 1.0, 0.0, 0.0, 0.0
localStart,SIMPLE_NAME, line no: 22,getPrePatternString,SIMPLE_NAME, line no: 13, 1.0, 1.0, 0.0, 0.0, 0.0
localStart,SIMPLE_NAME, line no: 22,preMatcher,SIMPLE_NAME, line no: 14, 1.0, 1.0, 0.0, 0.0, 0.0
localStart,SIMPLE_NAME, line no: 22,prePattern.matcher(input),METHOD_INVOCATION, line no: 14, 1.0, 1.0, 0.0, 0.0, 0.0
localStart,SIMPLE_NAME, line no: 22,matcher,SIMPLE_NAME, line no: 14, 1.0, 1.0, 0.0, 0.0, 0.0
localStart,SIMPLE_NAME, line no: 22,postPattern,SIMPLE_NAME, line no: 15, 1.0, 1.0, 0.0, 0.0, 0.0
localStart,SIMPLE_NAME, line no: 22,Pattern.compile(this.getPostPatternString()),METHOD_INVOCATION, line no: 15, 1.0, 1.0, 0.0, 0.0, 0.0
localStart,SIMPLE_NAME, line no: 22,this.getPostPatternString(),METHOD_INVOCATION, line no: 15, 1.0, 1.0, 0.0, 0.0, 0.0
localStart,SIMPLE_NAME, line no: 22,getPostPatternString,SIMPLE_NAME, line no: 15, 1.0, 1.0, 0.0, 0.0, 0.0
localStart,SIMPLE_NAME, line no: 22,postMatcher,SIMPLE_NAME, line no: 16, 1.0, 1.0, 0.0, 0.0, 0.0
localStart,SIMPLE_NAME, line no: 22,postPattern.matcher(input),METHOD_INVOCATION, line no: 16, 1.0, 1.0, 0.0, 0.0, 0.0
localStart,SIMPLE_NAME, line no: 22,pattern,SIMPLE_NAME, line no: 17, 1.0, 1.0, 0.0, 0.0, 0.0
localStart,SIMPLE_NAME, line no: 22,Pattern.compile(this.getPatternString()),METHOD_INVOCATION, line no: 17, 1.0, 1.0, 0.0, 0.0, 0.0
localStart,SIMPLE_NAME, line no: 22,this.getPatternString(),METHOD_INVOCATION, line no: 17, 1.0, 1.0, 0.0, 0.0, 0.0
localStart,SIMPLE_NAME, line no: 22,getPatternString,SIMPLE_NAME, line no: 17, 1.0, 1.0, 0.0, 0.0, 0.0
localStart,SIMPLE_NAME, line no: 22,pattern.matcher(input),METHOD_INVOCATION, line no: 18, 1.0, 1.0, 0.0, 0.0, 0.0
localStart,SIMPLE_NAME, line no: 22,find,SIMPLE_NAME, line no: 21, 1.0, 1.0, 0.0, 0.0, 0.0
preMatcher.start(),METHOD_INVOCATION, line no: 22,Pattern,SIMPLE_NAME, line no: 4, 1.0, 0.006172839506172839, 0.0, 0.0, 0.0
preMatcher.start(),METHOD_INVOCATION, line no: 22,input,SIMPLE_NAME, line no: 11, 1.0, 0.006172839506172839, 0.0, 0.0, 0.0
preMatcher.start(),METHOD_INVOCATION, line no: 22,this,THIS_EXPRESSION, line no: 12, 1.0, 1.0, 0.0, 0.0, 0.0
preMatcher.start(),METHOD_INVOCATION, line no: 22,_found,SIMPLE_NAME, line no: 12, 1.0, 1.0, 0.0, 0.0, 0.0
preMatcher.start(),METHOD_INVOCATION, line no: 22,false,BOOLEAN_LITERAL, line no: 12, 1.0, 1.0, 0.0, 0.0, 0.0
preMatcher.start(),METHOD_INVOCATION, line no: 22,compile,SIMPLE_NAME, line no: 13, 1.0, 1.0, 0.0, 0.0, 0.0
preMatcher.start(),METHOD_INVOCATION, line no: 22,postPattern,SIMPLE_NAME, line no: 15, 1.0, 1.0, 0.0, 0.0, 0.0
preMatcher.start(),METHOD_INVOCATION, line no: 22,getPostPatternString,SIMPLE_NAME, line no: 15, 1.0, 1.0, 0.0, 0.0, 0.0
preMatcher.start(),METHOD_INVOCATION, line no: 22,pattern,SIMPLE_NAME, line no: 17, 1.0, 1.0, 0.0, 0.0, 0.0
preMatcher.start(),METHOD_INVOCATION, line no: 22,getPatternString,SIMPLE_NAME, line no: 17, 1.0, 1.0, 0.0, 0.0, 0.0
preMatcher.start(),METHOD_INVOCATION, line no: 22,find,SIMPLE_NAME, line no: 21, 1.0, 1.0, 0.0, 0.0, 0.0
preMatcher,SIMPLE_NAME, line no: 22,Pattern,SIMPLE_NAME, line no: 4, 1.0, 0.006134969325153374, 0.0, 0.0, 0.0
preMatcher,SIMPLE_NAME, line no: 22,input,SIMPLE_NAME, line no: 11, 1.0, 0.006134969325153374, 0.0, 0.0, 0.0
preMatcher,SIMPLE_NAME, line no: 22,startIndex,SIMPLE_NAME, line no: 11, 1.0, 0.006134969325153374, 0.0, 0.0, 0.0
preMatcher,SIMPLE_NAME, line no: 22,this._found=false,ASSIGNMENT, line no: 12, 1.0, 1.0, 0.0, 0.0, 0.0
preMatcher,SIMPLE_NAME, line no: 22,this._found,FIELD_ACCESS, line no: 12, 1.0, 1.0, 0.0, 0.0, 0.0
preMatcher,SIMPLE_NAME, line no: 22,this,THIS_EXPRESSION, line no: 12, 1.0, 1.0, 0.0, 0.0, 0.0
preMatcher,SIMPLE_NAME, line no: 22,_found,SIMPLE_NAME, line no: 12, 1.0, 1.0, 0.0, 0.0, 0.0
preMatcher,SIMPLE_NAME, line no: 22,false,BOOLEAN_LITERAL, line no: 12, 1.0, 1.0, 0.0, 0.0, 0.0
preMatcher,SIMPLE_NAME, line no: 22,compile,SIMPLE_NAME, line no: 13, 1.0, 1.0, 0.0, 0.0, 0.0
preMatcher,SIMPLE_NAME, line no: 22,postPattern,SIMPLE_NAME, line no: 15, 1.0, 1.0, 0.0, 0.0, 0.0
preMatcher,SIMPLE_NAME, line no: 22,Pattern.compile(this.getPostPatternString()),METHOD_INVOCATION, line no: 15, 1.0, 1.0, 0.0, 0.0, 0.0
preMatcher,SIMPLE_NAME, line no: 22,this.getPostPatternString(),METHOD_INVOCATION, line no: 15, 1.0, 1.0, 0.0, 0.0, 0.0
preMatcher,SIMPLE_NAME, line no: 22,getPostPatternString,SIMPLE_NAME, line no: 15, 1.0, 1.0, 0.0, 0.0, 0.0
preMatcher,SIMPLE_NAME, line no: 22,pattern,SIMPLE_NAME, line no: 17, 1.0, 1.0, 0.0, 0.0, 0.0
preMatcher,SIMPLE_NAME, line no: 22,Pattern.compile(this.getPatternString()),METHOD_INVOCATION, line no: 17, 1.0, 1.0, 0.0, 0.0, 0.0
preMatcher,SIMPLE_NAME, line no: 22,this.getPatternString(),METHOD_INVOCATION, line no: 17, 1.0, 1.0, 0.0, 0.0, 0.0
preMatcher,SIMPLE_NAME, line no: 22,getPatternString,SIMPLE_NAME, line no: 17, 1.0, 1.0, 0.0, 0.0, 0.0
preMatcher,SIMPLE_NAME, line no: 22,localStart,SIMPLE_NAME, line no: 20, 1.0, 1.0, 0.0, 0.0, 0.0
preMatcher,SIMPLE_NAME, line no: 22,find,SIMPLE_NAME, line no: 21, 1.0, 1.0, 0.0, 0.0, 0.0
preMatcher,SIMPLE_NAME, line no: 22,start,SIMPLE_NAME, line no: 22, 1.0, 1.0, 0.0, 0.0, 0.0
start,SIMPLE_NAME, line no: 22,Matcher,SIMPLE_NAME, line no: 3, 1.0, 0.006134969325153374, 0.0, 0.0, 0.0
start,SIMPLE_NAME, line no: 22,Pattern,SIMPLE_NAME, line no: 4, 1.0, 0.006134969325153374, 0.0, 0.0, 0.0
start,SIMPLE_NAME, line no: 22,input,SIMPLE_NAME, line no: 11, 1.0, 0.006134969325153374, 0.0, 0.0, 0.0
start,SIMPLE_NAME, line no: 22,this._found=false,ASSIGNMENT, line no: 12, 1.0, 1.0, 0.0, 0.0, 0.0
start,SIMPLE_NAME, line no: 22,this._found,FIELD_ACCESS, line no: 12, 1.0, 1.0, 0.0, 0.0, 0.0
start,SIMPLE_NAME, line no: 22,this,THIS_EXPRESSION, line no: 12, 1.0, 1.0, 0.0, 0.0, 0.0
start,SIMPLE_NAME, line no: 22,_found,SIMPLE_NAME, line no: 12, 1.0, 1.0, 0.0, 0.0, 0.0
start,SIMPLE_NAME, line no: 22,false,BOOLEAN_LITERAL, line no: 12, 1.0, 1.0, 0.0, 0.0, 0.0
start,SIMPLE_NAME, line no: 22,prePattern,SIMPLE_NAME, line no: 13, 1.0, 1.0, 0.0, 0.0, 0.0
start,SIMPLE_NAME, line no: 22,Pattern.compile(this.getPrePatternString()),METHOD_INVOCATION, line no: 13, 1.0, 1.0, 0.0, 0.0, 0.0
start,SIMPLE_NAME, line no: 22,compile,SIMPLE_NAME, line no: 13, 1.0, 1.0, 0.0, 0.0, 0.0
start,SIMPLE_NAME, line no: 22,this.getPrePatternString(),METHOD_INVOCATION, line no: 13, 1.0, 1.0, 0.0, 0.0, 0.0
start,SIMPLE_NAME, line no: 22,getPrePatternString,SIMPLE_NAME, line no: 13, 1.0, 1.0, 0.0, 0.0, 0.0
start,SIMPLE_NAME, line no: 22,preMatcher,SIMPLE_NAME, line no: 14, 1.0, 1.0, 0.0, 0.0, 0.0
start,SIMPLE_NAME, line no: 22,prePattern.matcher(input),METHOD_INVOCATION, line no: 14, 1.0, 1.0, 0.0, 0.0, 0.0
start,SIMPLE_NAME, line no: 22,matcher,SIMPLE_NAME, line no: 14, 1.0, 1.0, 0.0, 0.0, 0.0
start,SIMPLE_NAME, line no: 22,postPattern,SIMPLE_NAME, line no: 15, 1.0, 1.0, 0.0, 0.0, 0.0
start,SIMPLE_NAME, line no: 22,Pattern.compile(this.getPostPatternString()),METHOD_INVOCATION, line no: 15, 1.0, 1.0, 0.0, 0.0, 0.0
start,SIMPLE_NAME, line no: 22,this.getPostPatternString(),METHOD_INVOCATION, line no: 15, 1.0, 1.0, 0.0, 0.0, 0.0
start,SIMPLE_NAME, line no: 22,getPostPatternString,SIMPLE_NAME, line no: 15, 1.0, 1.0, 0.0, 0.0, 0.0
start,SIMPLE_NAME, line no: 22,postMatcher,SIMPLE_NAME, line no: 16, 1.0, 1.0, 0.0, 0.0, 0.0
start,SIMPLE_NAME, line no: 22,postPattern.matcher(input),METHOD_INVOCATION, line no: 16, 1.0, 1.0, 0.0, 0.0, 0.0
start,SIMPLE_NAME, line no: 22,pattern,SIMPLE_NAME, line no: 17, 1.0, 1.0, 0.0, 0.0, 0.0
start,SIMPLE_NAME, line no: 22,Pattern.compile(this.getPatternString()),METHOD_INVOCATION, line no: 17, 1.0, 1.0, 0.0, 0.0, 0.0
start,SIMPLE_NAME, line no: 22,this.getPatternString(),METHOD_INVOCATION, line no: 17, 1.0, 1.0, 0.0, 0.0, 0.0
start,SIMPLE_NAME, line no: 22,getPatternString,SIMPLE_NAME, line no: 17, 1.0, 1.0, 0.0, 0.0, 0.0
start,SIMPLE_NAME, line no: 22,pattern.matcher(input),METHOD_INVOCATION, line no: 18, 1.0, 1.0, 0.0, 0.0, 0.0
start,SIMPLE_NAME, line no: 22,find,SIMPLE_NAME, line no: 21, 1.0, 1.0, 0.0, 0.0, 0.0
preMatcher.start(),METHOD_INVOCATION, line no: 22,body.substring(1),METHOD_INVOCATION, line no: 35, 0.9938271604938271, 0.6604938271604939, 0.0, 0.0, 0.3333333333333333
preMatcher,SIMPLE_NAME, line no: 22,length,SIMPLE_NAME, line no: 29, 0.9877300613496932, 0.6625766871165644, 0.0, 0.0, 0.0
localStart=preMatcher.start(),ASSIGNMENT, line no: 22,this._statement=matcher.group() + body.substring(1),ASSIGNMENT, line no: 35, 0.9855072463768115, 0.6521739130434783, 0.0, 0.0, 0.3333333333333333
preMatcher,SIMPLE_NAME, line no: 22,localStart + 1,INFIX_EXPRESSION, line no: 24, 0.9815950920245399, 0.9815950920245399, 0.0, 0.0, 0.0
preMatcher,SIMPLE_NAME, line no: 22,1,NUMBER_LITERAL, line no: 24, 0.9815950920245399, 0.9815950920245399, 0.0, 0.0, 0.0
preMatcher,SIMPLE_NAME, line no: 22,input.length(),METHOD_INVOCATION, line no: 29, 0.9815950920245399, 0.656441717791411, 0.0, 0.0, 0.0
preMatcher,SIMPLE_NAME, line no: 22,localStart > input.length(),INFIX_EXPRESSION, line no: 46, 0.9754601226993865, 0.8343558282208589, 0.0, 0.0, 0.0
preMatcher,SIMPLE_NAME, line no: 22,postMatcher.end(),METHOD_INVOCATION, line no: 25, 0.9710780017528484, 0.8282208588957055, 0.0, 0.0, 0.14285714285714285
localStart=preMatcher.start(),ASSIGNMENT, line no: 22,body.length(),METHOD_INVOCATION, line no: 37, 0.970807453416149, 0.6645962732919255, 0.0, 0.0, 0.3
localStart=preMatcher.start(),ASSIGNMENT, line no: 22,matcher.group() + body.substring(1),INFIX_EXPRESSION, line no: 35, 0.9660774008600096, 0.6583850931677019, 0.0, 0.0, 0.3076923076923077
localStart=preMatcher.start(),ASSIGNMENT, line no: 22,this.getStartOffsetLastFound(),METHOD_INVOCATION, line no: 41, 0.9660774008600096, 0.6583850931677019, 0.0, 0.0, 0.3076923076923077
preMatcher.start(),METHOD_INVOCATION, line no: 22,body.length() - 1,INFIX_EXPRESSION, line no: 40, 0.9604938271604939, 0.6604938271604939, 0.0, 0.0, 0.3
preMatcher.start(),METHOD_INVOCATION, line no: 22,localStart=end,ASSIGNMENT, line no: 32, 0.9506172839506173, 0.10493827160493827, 0.0, 0.0, 0.1111111111111111
start,SIMPLE_NAME, line no: 22,matcher.region(startIndex end),METHOD_INVOCATION, line no: 26, 0.9454669393319699, 0.8343558282208589, 0.0, 0.0, 0.1111111111111111
localStart,SIMPLE_NAME, line no: 22,matcher.region(startIndex end),METHOD_INVOCATION, line no: 26, 0.9395061728395061, 0.8395061728395061, 0.0, 0.0, 0.1
localStart=preMatcher.start(),ASSIGNMENT, line no: 22,body.substring(1),METHOD_INVOCATION, line no: 35, 0.9373235460191982, 0.6645962732919255, 0.0, 0.0, 0.2727272727272727
preMatcher.start(),METHOD_INVOCATION, line no: 22,this._statement=matcher.group() + body.substring(1),ASSIGNMENT, line no: 35, 0.9338624338624338, 0.6481481481481481, 0.0, 0.0, 0.2857142857142857
localStart=preMatcher.start(),ASSIGNMENT, line no: 22,body.length() - 1,INFIX_EXPRESSION, line no: 40, 0.9145962732919255, 0.6645962732919255, 0.0, 0.0, 0.25
preMatcher.start(),METHOD_INVOCATION, line no: 22,end - 2 + body.length(),INFIX_EXPRESSION, line no: 37, 0.904320987654321, 0.654320987654321, 0.0, 0.0, 0.25
preMatcher.start(),METHOD_INVOCATION, line no: 22,body.substring(1 body.length() - 1),METHOD_INVOCATION, line no: 40, 0.904320987654321, 0.654320987654321, 0.0, 0.0, 0.25
preMatcher.start(),METHOD_INVOCATION, line no: 22,this.getEndOffsetLastFound(),METHOD_INVOCATION, line no: 41, 0.904320987654321, 0.654320987654321, 0.0, 0.0, 0.25
localStart=preMatcher.start(),ASSIGNMENT, line no: 22,this._endOffSet=end - 2 + body.length(),ASSIGNMENT, line no: 37, 0.8743961352657005, 0.6521739130434783, 0.0, 0.0, 0.2222222222222222
localStart=preMatcher.start(),ASSIGNMENT, line no: 22,end - 2 + body.length(),INFIX_EXPRESSION, line no: 37, 0.8726708074534162, 0.6583850931677019, 0.0, 0.0, 0.21428571428571427
localStart=preMatcher.start(),ASSIGNMENT, line no: 22,body.substring(1 body.length() - 1),METHOD_INVOCATION, line no: 40, 0.8726708074534162, 0.6583850931677019, 0.0, 0.0, 0.21428571428571427
localStart=preMatcher.start(),ASSIGNMENT, line no: 22,this.getEndOffsetLastFound(),METHOD_INVOCATION, line no: 41, 0.8726708074534162, 0.6583850931677019, 0.0, 0.0, 0.21428571428571427
preMatcher.start(),METHOD_INVOCATION, line no: 22,input.subSequence(end - 1 input.length()),METHOD_INVOCATION, line no: 28, 0.8686067019400353, 0.654320987654321, 0.0, 0.0, 0.21428571428571427
localStart=preMatcher.start(),ASSIGNMENT, line no: 22,this._node=new StateNode(stateName body.substring(1 body.length() - 1) this.getStartOffsetLastFound() this.getEndOffsetLastFound()),ASSIGNMENT, line no: 40, 0.8521739130434782, 0.6521739130434783, 0.0, 0.0, 0.2
localStart=preMatcher.start(),ASSIGNMENT, line no: 22,region,SIMPLE_NAME, line no: 26, 0.8509316770186336, 0.8509316770186336, 0.0, 0.0, 0.0
localStart=preMatcher.start(),ASSIGNMENT, line no: 22,input.subSequence(end - 1 input.length()),METHOD_INVOCATION, line no: 28, 0.8458850931677019, 0.6583850931677019, 0.0, 0.0, 0.1875
localStart,SIMPLE_NAME, line no: 22,region,SIMPLE_NAME, line no: 26, 0.845679012345679, 0.845679012345679, 0.0, 0.0, 0.0
preMatcher.start(),METHOD_INVOCATION, line no: 22,region,SIMPLE_NAME, line no: 26, 0.845679012345679, 0.845679012345679, 0.0, 0.0, 0.0
preMatcher,SIMPLE_NAME, line no: 22,end,SIMPLE_NAME, line no: 25, 0.8404907975460123, 0.8282208588957055, 0.0, 0.0, 0.0
start,SIMPLE_NAME, line no: 22,region,SIMPLE_NAME, line no: 26, 0.8404907975460123, 0.8404907975460123, 0.0, 0.0, 0.0
localStart,SIMPLE_NAME, line no: 22,matcher.find(),METHOD_INVOCATION, line no: 27, 0.8395061728395061, 0.8395061728395061, 0.0, 0.0, 0.0
preMatcher,SIMPLE_NAME, line no: 22,localStart=end,ASSIGNMENT, line no: 32, 0.8343558282208589, 0.10429447852760736, 0.0, 0.0, 0.0
start,SIMPLE_NAME, line no: 22,matcher.find(),METHOD_INVOCATION, line no: 27, 0.8343558282208589, 0.8343558282208589, 0.0, 0.0, 0.0
localStart=preMatcher.start(),ASSIGNMENT, line no: 22,this._found=true,ASSIGNMENT, line no: 39, 0.8339920948616601, 0.6521739130434783, 0.0, 0.0, 0.18181818181818182
preMatcher.start(),METHOD_INVOCATION, line no: 22,new StateNode(stateName body.substring(1 body.length() - 1) this.getStartOffsetLastFound() this.getEndOffsetLastFound()),CLASS_INSTANCE_CREATION, line no: 40, 0.82996632996633, 0.6481481481481481, 0.0, 0.0, 0.18181818181818182
preMatcher.start(),METHOD_INVOCATION, line no: 22,this._endOffSet=end - 2 + body.length(),ASSIGNMENT, line no: 37, 0.8246187363834423, 0.6481481481481481, 0.0, 0.0, 0.17647058823529413
preMatcher,SIMPLE_NAME, line no: 22,matcher.group(),METHOD_INVOCATION, line no: 35, 0.8231083844580777, 0.656441717791411, 0.0, 0.0, 0.16666666666666666
localStart=preMatcher.start(),ASSIGNMENT, line no: 22,new StateNode(stateName body.substring(1 body.length() - 1) this.getStartOffsetLastFound() this.getEndOffsetLastFound()),CLASS_INSTANCE_CREATION, line no: 40, 0.8188405797101449, 0.6521739130434783, 0.0, 0.0, 0.16666666666666666
preMatcher,SIMPLE_NAME, line no: 22,matcher.start(),METHOD_INVOCATION, line no: 36, 0.8169734151329243, 0.6503067484662577, 0.0, 0.0, 0.16666666666666666
preMatcher.start(),METHOD_INVOCATION, line no: 22,this.determineStatementBody(input.subSequence(end - 1 input.length())),METHOD_INVOCATION, line no: 28, 0.8148148148148148, 0.6481481481481481, 0.0, 0.0, 0.16666666666666666
preMatcher.start(),METHOD_INVOCATION, line no: 22,this._node=new StateNode(stateName body.substring(1 body.length() - 1) this.getStartOffsetLastFound() this.getEndOffsetLastFound()),ASSIGNMENT, line no: 40, 0.8148148148148148, 0.6481481481481481, 0.0, 0.0, 0.16666666666666666
localStart=preMatcher.start(),ASSIGNMENT, line no: 22,this.determineStatementBody(input.subSequence(end - 1 input.length())),METHOD_INVOCATION, line no: 28, 0.8021739130434783, 0.6521739130434783, 0.0, 0.0, 0.15
preMatcher,SIMPLE_NAME, line no: 22,matcher.group(2),METHOD_INVOCATION, line no: 38, 0.7870289219982471, 0.6441717791411042, 0.0, 0.0, 0.14285714285714285
preMatcher.start(),METHOD_INVOCATION, line no: 22,this._statement,FIELD_ACCESS, line no: 35, 0.779320987654321, 0.654320987654321, 0.0, 0.0, 0.125
preMatcher.start(),METHOD_INVOCATION, line no: 22,this._node,FIELD_ACCESS, line no: 40, 0.779320987654321, 0.654320987654321, 0.0, 0.0, 0.125
localStart=preMatcher.start(),ASSIGNMENT, line no: 22,this._statement,FIELD_ACCESS, line no: 35, 0.7583850931677019, 0.6583850931677019, 0.0, 0.0, 0.1
localStart=preMatcher.start(),ASSIGNMENT, line no: 22,this._node,FIELD_ACCESS, line no: 40, 0.7583850931677019, 0.6583850931677019, 0.0, 0.0, 0.1
preMatcher.start(),METHOD_INVOCATION, line no: 22,this._startOffSet,FIELD_ACCESS, line no: 36, 0.754320987654321, 0.654320987654321, 0.0, 0.0, 0.1
preMatcher.start(),METHOD_INVOCATION, line no: 22,this._endOffSet,FIELD_ACCESS, line no: 37, 0.754320987654321, 0.654320987654321, 0.0, 0.0, 0.1
preMatcher,SIMPLE_NAME, line no: 22,matcher.group() + body.substring(1),INFIX_EXPRESSION, line no: 35, 0.7503067484662577, 0.6503067484662577, 0.0, 0.0, 0.1
preMatcher.start(),METHOD_INVOCATION, line no: 22,this._found=true,ASSIGNMENT, line no: 39, 0.7481481481481481, 0.6481481481481481, 0.0, 0.0, 0.1
localStart=preMatcher.start(),ASSIGNMENT, line no: 22,this._startOffSet,FIELD_ACCESS, line no: 36, 0.7417184265010353, 0.6583850931677019, 0.0, 0.0, 0.08333333333333333
localStart=preMatcher.start(),ASSIGNMENT, line no: 22,this._endOffSet,FIELD_ACCESS, line no: 37, 0.7417184265010353, 0.6583850931677019, 0.0, 0.0, 0.08333333333333333
preMatcher,SIMPLE_NAME, line no: 22,this._startOffSet=matcher.start(),ASSIGNMENT, line no: 36, 0.7350808700501952, 0.6441717791411042, 0.0, 0.0, 0.09090909090909091
preMatcher,SIMPLE_NAME, line no: 22,this._statement=matcher.group() + body.substring(1),ASSIGNMENT, line no: 35, 0.7210948560641812, 0.6441717791411042, 0.0, 0.0, 0.07692307692307693
localStart,SIMPLE_NAME, line no: 22,new StateNode(stateName body.substring(1 body.length() - 1) this.getStartOffsetLastFound() this.getEndOffsetLastFound()),CLASS_INSTANCE_CREATION, line no: 40, 0.6957671957671958, 0.6481481481481481, 0.0, 0.0, 0.047619047619047616
start,SIMPLE_NAME, line no: 22,new StateNode(stateName body.substring(1 body.length() - 1) this.getStartOffsetLastFound() this.getEndOffsetLastFound()),CLASS_INSTANCE_CREATION, line no: 40, 0.6941717791411043, 0.6441717791411042, 0.0, 0.0, 0.05
localStart,SIMPLE_NAME, line no: 22,this._node=new StateNode(stateName body.substring(1 body.length() - 1) this.getStartOffsetLastFound() this.getEndOffsetLastFound()),ASSIGNMENT, line no: 40, 0.6916264090177133, 0.6481481481481481, 0.0, 0.0, 0.043478260869565216
start,SIMPLE_NAME, line no: 22,this._node=new StateNode(stateName body.substring(1 body.length() - 1) this.getStartOffsetLastFound() this.getEndOffsetLastFound()),ASSIGNMENT, line no: 40, 0.6896263245956497, 0.6441717791411042, 0.0, 0.0, 0.045454545454545456
localStart=preMatcher.start(),ASSIGNMENT, line no: 22,body,SIMPLE_NAME, line no: 28, 0.6770186335403726, 0.6521739130434783, 0.0, 0.0, 0.0
localStart,SIMPLE_NAME, line no: 22,body,SIMPLE_NAME, line no: 28, 0.6728395061728395, 0.6481481481481481, 0.0, 0.0, 0.0
preMatcher.start(),METHOD_INVOCATION, line no: 22,body,SIMPLE_NAME, line no: 28, 0.6728395061728395, 0.6481481481481481, 0.0, 0.0, 0.0
localStart=preMatcher.start(),ASSIGNMENT, line no: 22,group,SIMPLE_NAME, line no: 35, 0.6708074534161491, 0.6708074534161491, 0.0, 0.0, 0.0
localStart=preMatcher.start(),ASSIGNMENT, line no: 22,substring,SIMPLE_NAME, line no: 35, 0.6708074534161491, 0.6708074534161491, 0.0, 0.0, 0.0
preMatcher,SIMPLE_NAME, line no: 22,body,SIMPLE_NAME, line no: 28, 0.6687116564417178, 0.6441717791411042, 0.0, 0.0, 0.0
start,SIMPLE_NAME, line no: 22,body,SIMPLE_NAME, line no: 28, 0.6687116564417178, 0.6441717791411042, 0.0, 0.0, 0.0
localStart,SIMPLE_NAME, line no: 22,group,SIMPLE_NAME, line no: 35, 0.6666666666666666, 0.6666666666666666, 0.0, 0.0, 0.0
localStart,SIMPLE_NAME, line no: 22,substring,SIMPLE_NAME, line no: 35, 0.6666666666666666, 0.6666666666666666, 0.0, 0.0, 0.0
preMatcher.start(),METHOD_INVOCATION, line no: 22,group,SIMPLE_NAME, line no: 35, 0.6666666666666666, 0.6666666666666666, 0.0, 0.0, 0.0
preMatcher.start(),METHOD_INVOCATION, line no: 22,substring,SIMPLE_NAME, line no: 35, 0.6666666666666666, 0.6666666666666666, 0.0, 0.0, 0.0
localStart=preMatcher.start(),ASSIGNMENT, line no: 22,subSequence,SIMPLE_NAME, line no: 29, 0.6645962732919255, 0.6645962732919255, 0.0, 0.0, 0.0
localStart=preMatcher.start(),ASSIGNMENT, line no: 22,end - 1,INFIX_EXPRESSION, line no: 29, 0.6645962732919255, 0.6645962732919255, 0.0, 0.0, 0.0
localStart=preMatcher.start(),ASSIGNMENT, line no: 22,_statement,SIMPLE_NAME, line no: 35, 0.6645962732919255, 0.6645962732919255, 0.0, 0.0, 0.0
localStart=preMatcher.start(),ASSIGNMENT, line no: 22,end - 2,INFIX_EXPRESSION, line no: 37, 0.6645962732919255, 0.6645962732919255, 0.0, 0.0, 0.0
localStart=preMatcher.start(),ASSIGNMENT, line no: 22,_node,SIMPLE_NAME, line no: 40, 0.6645962732919255, 0.6645962732919255, 0.0, 0.0, 0.0
preMatcher,SIMPLE_NAME, line no: 22,group,SIMPLE_NAME, line no: 35, 0.6625766871165644, 0.6625766871165644, 0.0, 0.0, 0.0
preMatcher,SIMPLE_NAME, line no: 22,substring,SIMPLE_NAME, line no: 35, 0.6625766871165644, 0.6625766871165644, 0.0, 0.0, 0.0
preMatcher,SIMPLE_NAME, line no: 22,2,NUMBER_LITERAL, line no: 37, 0.6625766871165644, 0.6625766871165644, 0.0, 0.0, 0.0
preMatcher,SIMPLE_NAME, line no: 22,body.length(),METHOD_INVOCATION, line no: 37, 0.6625766871165644, 0.656441717791411, 0.0, 0.0, 0.0
start,SIMPLE_NAME, line no: 22,group,SIMPLE_NAME, line no: 35, 0.6625766871165644, 0.6625766871165644, 0.0, 0.0, 0.0
start,SIMPLE_NAME, line no: 22,substring,SIMPLE_NAME, line no: 35, 0.6625766871165644, 0.6625766871165644, 0.0, 0.0, 0.0
localStart,SIMPLE_NAME, line no: 22,subSequence,SIMPLE_NAME, line no: 29, 0.6604938271604939, 0.6604938271604939, 0.0, 0.0, 0.0
localStart,SIMPLE_NAME, line no: 22,_statement,SIMPLE_NAME, line no: 35, 0.6604938271604939, 0.6604938271604939, 0.0, 0.0, 0.0
localStart,SIMPLE_NAME, line no: 22,matcher.group(),METHOD_INVOCATION, line no: 35, 0.6604938271604939, 0.6604938271604939, 0.0, 0.0, 0.0
localStart,SIMPLE_NAME, line no: 22,body.substring(1),METHOD_INVOCATION, line no: 35, 0.6604938271604939, 0.6604938271604939, 0.0, 0.0, 0.0
localStart,SIMPLE_NAME, line no: 22,_node,SIMPLE_NAME, line no: 40, 0.6604938271604939, 0.6604938271604939, 0.0, 0.0, 0.0
preMatcher.start(),METHOD_INVOCATION, line no: 22,subSequence,SIMPLE_NAME, line no: 29, 0.6604938271604939, 0.6604938271604939, 0.0, 0.0, 0.0
preMatcher.start(),METHOD_INVOCATION, line no: 22,end - 1,INFIX_EXPRESSION, line no: 29, 0.6604938271604939, 0.6604938271604939, 0.0, 0.0, 0.0
preMatcher.start(),METHOD_INVOCATION, line no: 22,_statement,SIMPLE_NAME, line no: 35, 0.6604938271604939, 0.6604938271604939, 0.0, 0.0, 0.0
preMatcher.start(),METHOD_INVOCATION, line no: 22,end - 2,INFIX_EXPRESSION, line no: 37, 0.6604938271604939, 0.6604938271604939, 0.0, 0.0, 0.0
preMatcher.start(),METHOD_INVOCATION, line no: 22,_node,SIMPLE_NAME, line no: 40, 0.6604938271604939, 0.6604938271604939, 0.0, 0.0, 0.0
localStart=preMatcher.start(),ASSIGNMENT, line no: 22,StateNode,SIMPLE_NAME, line no: 6, 0.6583850931677019, 0.006211180124223602, 0.0, 0.0, 0.0
localStart=preMatcher.start(),ASSIGNMENT, line no: 22,determineStatementBody,SIMPLE_NAME, line no: 28, 0.6583850931677019, 0.6583850931677019, 0.0, 0.0, 0.0
localStart=preMatcher.start(),ASSIGNMENT, line no: 22,stateName,SIMPLE_NAME, line no: 38, 0.6583850931677019, 0.6521739130434783, 0.0, 0.0, 0.0
localStart=preMatcher.start(),ASSIGNMENT, line no: 22,true,BOOLEAN_LITERAL, line no: 39, 0.6583850931677019, 0.6583850931677019, 0.0, 0.0, 0.0
preMatcher,SIMPLE_NAME, line no: 22,subSequence,SIMPLE_NAME, line no: 29, 0.656441717791411, 0.656441717791411, 0.0, 0.0, 0.0
preMatcher,SIMPLE_NAME, line no: 22,end - 1,INFIX_EXPRESSION, line no: 29, 0.656441717791411, 0.656441717791411, 0.0, 0.0, 0.0
preMatcher,SIMPLE_NAME, line no: 22,_statement,SIMPLE_NAME, line no: 35, 0.656441717791411, 0.656441717791411, 0.0, 0.0, 0.0
preMatcher,SIMPLE_NAME, line no: 22,body.substring(1),METHOD_INVOCATION, line no: 35, 0.656441717791411, 0.656441717791411, 0.0, 0.0, 0.0
preMatcher,SIMPLE_NAME, line no: 22,_startOffSet,SIMPLE_NAME, line no: 36, 0.656441717791411, 0.656441717791411, 0.0, 0.0, 0.0
preMatcher,SIMPLE_NAME, line no: 22,_endOffSet,SIMPLE_NAME, line no: 37, 0.656441717791411, 0.656441717791411, 0.0, 0.0, 0.0
preMatcher,SIMPLE_NAME, line no: 22,end - 2,INFIX_EXPRESSION, line no: 37, 0.656441717791411, 0.656441717791411, 0.0, 0.0, 0.0
preMatcher,SIMPLE_NAME, line no: 22,_node,SIMPLE_NAME, line no: 40, 0.656441717791411, 0.656441717791411, 0.0, 0.0, 0.0
preMatcher,SIMPLE_NAME, line no: 22,body.length() - 1,INFIX_EXPRESSION, line no: 40, 0.656441717791411, 0.656441717791411, 0.0, 0.0, 0.0
preMatcher,SIMPLE_NAME, line no: 22,getStartOffsetLastFound,SIMPLE_NAME, line no: 41, 0.656441717791411, 0.656441717791411, 0.0, 0.0, 0.0
preMatcher,SIMPLE_NAME, line no: 22,getEndOffsetLastFound,SIMPLE_NAME, line no: 42, 0.656441717791411, 0.656441717791411, 0.0, 0.0, 0.0
start,SIMPLE_NAME, line no: 22,subSequence,SIMPLE_NAME, line no: 29, 0.656441717791411, 0.656441717791411, 0.0, 0.0, 0.0
start,SIMPLE_NAME, line no: 22,_statement,SIMPLE_NAME, line no: 35, 0.656441717791411, 0.656441717791411, 0.0, 0.0, 0.0
start,SIMPLE_NAME, line no: 22,matcher.group(),METHOD_INVOCATION, line no: 35, 0.656441717791411, 0.656441717791411, 0.0, 0.0, 0.0
start,SIMPLE_NAME, line no: 22,body.substring(1),METHOD_INVOCATION, line no: 35, 0.656441717791411, 0.656441717791411, 0.0, 0.0, 0.0
start,SIMPLE_NAME, line no: 22,_node,SIMPLE_NAME, line no: 40, 0.656441717791411, 0.656441717791411, 0.0, 0.0, 0.0
localStart,SIMPLE_NAME, line no: 22,StateNode,SIMPLE_NAME, line no: 6, 0.654320987654321, 0.006172839506172839, 0.0, 0.0, 0.0
localStart,SIMPLE_NAME, line no: 22,determineStatementBody,SIMPLE_NAME, line no: 28, 0.654320987654321, 0.654320987654321, 0.0, 0.0, 0.0
localStart,SIMPLE_NAME, line no: 22,input.subSequence(end - 1 input.length()),METHOD_INVOCATION, line no: 28, 0.654320987654321, 0.654320987654321, 0.0, 0.0, 0.0
localStart,SIMPLE_NAME, line no: 22,this._statement,FIELD_ACCESS, line no: 35, 0.654320987654321, 0.654320987654321, 0.0, 0.0, 0.0
localStart,SIMPLE_NAME, line no: 22,matcher.group() + body.substring(1),INFIX_EXPRESSION, line no: 35, 0.654320987654321, 0.654320987654321, 0.0, 0.0, 0.0
localStart,SIMPLE_NAME, line no: 22,stateName,SIMPLE_NAME, line no: 38, 0.654320987654321, 0.6481481481481481, 0.0, 0.0, 0.0
localStart,SIMPLE_NAME, line no: 22,true,BOOLEAN_LITERAL, line no: 39, 0.654320987654321, 0.654320987654321, 0.0, 0.0, 0.0
localStart,SIMPLE_NAME, line no: 22,this._node,FIELD_ACCESS, line no: 40, 0.654320987654321, 0.654320987654321, 0.0, 0.0, 0.0
localStart,SIMPLE_NAME, line no: 22,body.substring(1 body.length() - 1),METHOD_INVOCATION, line no: 40, 0.654320987654321, 0.654320987654321, 0.0, 0.0, 0.0
preMatcher.start(),METHOD_INVOCATION, line no: 22,StateNode,SIMPLE_NAME, line no: 6, 0.654320987654321, 0.006172839506172839, 0.0, 0.0, 0.0
preMatcher.start(),METHOD_INVOCATION, line no: 22,determineStatementBody,SIMPLE_NAME, line no: 28, 0.654320987654321, 0.654320987654321, 0.0, 0.0, 0.0
preMatcher.start(),METHOD_INVOCATION, line no: 22,stateName,SIMPLE_NAME, line no: 38, 0.654320987654321, 0.6481481481481481, 0.0, 0.0, 0.0
preMatcher.start(),METHOD_INVOCATION, line no: 22,true,BOOLEAN_LITERAL, line no: 39, 0.654320987654321, 0.654320987654321, 0.0, 0.0, 0.0
localStart=preMatcher.start(),ASSIGNMENT, line no: 22,String,SIMPLE_NAME, line no: 28, 0.6521739130434783, 0.6521739130434783, 0.0, 0.0, 0.0
localStart=preMatcher.start(),ASSIGNMENT, line no: 22,body == null,INFIX_EXPRESSION, line no: 30, 0.6521739130434783, 0.6521739130434783, 0.0, 0.0, 0.0
localStart=preMatcher.start(),ASSIGNMENT, line no: 22,null,NULL_LITERAL, line no: 30, 0.6521739130434783, 0.6521739130434783, 0.0, 0.0, 0.0
preMatcher,SIMPLE_NAME, line no: 22,StateNode,SIMPLE_NAME, line no: 6, 0.6503067484662577, 0.006134969325153374, 0.0, 0.0, 0.0
preMatcher,SIMPLE_NAME, line no: 22,determineStatementBody,SIMPLE_NAME, line no: 28, 0.6503067484662577, 0.6503067484662577, 0.0, 0.0, 0.0
preMatcher,SIMPLE_NAME, line no: 22,input.subSequence(end - 1 input.length()),METHOD_INVOCATION, line no: 28, 0.6503067484662577, 0.6503067484662577, 0.0, 0.0, 0.0
preMatcher,SIMPLE_NAME, line no: 22,this._statement,FIELD_ACCESS, line no: 35, 0.6503067484662577, 0.6503067484662577, 0.0, 0.0, 0.0
preMatcher,SIMPLE_NAME, line no: 22,this._startOffSet,FIELD_ACCESS, line no: 36, 0.6503067484662577, 0.6503067484662577, 0.0, 0.0, 0.0
preMatcher,SIMPLE_NAME, line no: 22,this._endOffSet,FIELD_ACCESS, line no: 37, 0.6503067484662577, 0.6503067484662577, 0.0, 0.0, 0.0
preMatcher,SIMPLE_NAME, line no: 22,end - 2 + body.length(),INFIX_EXPRESSION, line no: 37, 0.6503067484662577, 0.6503067484662577, 0.0, 0.0, 0.0
preMatcher,SIMPLE_NAME, line no: 22,stateName,SIMPLE_NAME, line no: 38, 0.6503067484662577, 0.6441717791411042, 0.0, 0.0, 0.0
preMatcher,SIMPLE_NAME, line no: 22,true,BOOLEAN_LITERAL, line no: 39, 0.6503067484662577, 0.6503067484662577, 0.0, 0.0, 0.0
preMatcher,SIMPLE_NAME, line no: 22,this._node,FIELD_ACCESS, line no: 40, 0.6503067484662577, 0.6503067484662577, 0.0, 0.0, 0.0
preMatcher,SIMPLE_NAME, line no: 22,body.substring(1 body.length() - 1),METHOD_INVOCATION, line no: 40, 0.6503067484662577, 0.6503067484662577, 0.0, 0.0, 0.0
preMatcher,SIMPLE_NAME, line no: 22,this.getStartOffsetLastFound(),METHOD_INVOCATION, line no: 41, 0.6503067484662577, 0.6503067484662577, 0.0, 0.0, 0.0
preMatcher,SIMPLE_NAME, line no: 22,this.getEndOffsetLastFound(),METHOD_INVOCATION, line no: 41, 0.6503067484662577, 0.6503067484662577, 0.0, 0.0, 0.0
start,SIMPLE_NAME, line no: 22,StateNode,SIMPLE_NAME, line no: 6, 0.6503067484662577, 0.006134969325153374, 0.0, 0.0, 0.0
start,SIMPLE_NAME, line no: 22,determineStatementBody,SIMPLE_NAME, line no: 28, 0.6503067484662577, 0.6503067484662577, 0.0, 0.0, 0.0
start,SIMPLE_NAME, line no: 22,input.subSequence(end - 1 input.length()),METHOD_INVOCATION, line no: 28, 0.6503067484662577, 0.6503067484662577, 0.0, 0.0, 0.0
start,SIMPLE_NAME, line no: 22,this._statement,FIELD_ACCESS, line no: 35, 0.6503067484662577, 0.6503067484662577, 0.0, 0.0, 0.0
start,SIMPLE_NAME, line no: 22,matcher.group() + body.substring(1),INFIX_EXPRESSION, line no: 35, 0.6503067484662577, 0.6503067484662577, 0.0, 0.0, 0.0
start,SIMPLE_NAME, line no: 22,stateName,SIMPLE_NAME, line no: 38, 0.6503067484662577, 0.6441717791411042, 0.0, 0.0, 0.0
start,SIMPLE_NAME, line no: 22,true,BOOLEAN_LITERAL, line no: 39, 0.6503067484662577, 0.6503067484662577, 0.0, 0.0, 0.0
start,SIMPLE_NAME, line no: 22,this._node,FIELD_ACCESS, line no: 40, 0.6503067484662577, 0.6503067484662577, 0.0, 0.0, 0.0
start,SIMPLE_NAME, line no: 22,body.substring(1 body.length() - 1),METHOD_INVOCATION, line no: 40, 0.6503067484662577, 0.6503067484662577, 0.0, 0.0, 0.0
localStart,SIMPLE_NAME, line no: 22,String,SIMPLE_NAME, line no: 28, 0.6481481481481481, 0.6481481481481481, 0.0, 0.0, 0.0
localStart,SIMPLE_NAME, line no: 22,this.determineStatementBody(input.subSequence(end - 1 input.length())),METHOD_INVOCATION, line no: 28, 0.6481481481481481, 0.6481481481481481, 0.0, 0.0, 0.0
localStart,SIMPLE_NAME, line no: 22,body == null,INFIX_EXPRESSION, line no: 30, 0.6481481481481481, 0.6481481481481481, 0.0, 0.0, 0.0
localStart,SIMPLE_NAME, line no: 22,null,NULL_LITERAL, line no: 30, 0.6481481481481481, 0.6481481481481481, 0.0, 0.0, 0.0
localStart,SIMPLE_NAME, line no: 22,this._statement=matcher.group() + body.substring(1),ASSIGNMENT, line no: 35, 0.6481481481481481, 0.6481481481481481, 0.0, 0.0, 0.0
localStart,SIMPLE_NAME, line no: 22,matcher.group(2),METHOD_INVOCATION, line no: 38, 0.6481481481481481, 0.6481481481481481, 0.0, 0.0, 0.0
localStart,SIMPLE_NAME, line no: 22,this._found=true,ASSIGNMENT, line no: 39, 0.6481481481481481, 0.6481481481481481, 0.0, 0.0, 0.0
preMatcher.start(),METHOD_INVOCATION, line no: 22,String,SIMPLE_NAME, line no: 28, 0.6481481481481481, 0.6481481481481481, 0.0, 0.0, 0.0
preMatcher.start(),METHOD_INVOCATION, line no: 22,body == null,INFIX_EXPRESSION, line no: 30, 0.6481481481481481, 0.6481481481481481, 0.0, 0.0, 0.0
preMatcher.start(),METHOD_INVOCATION, line no: 22,null,NULL_LITERAL, line no: 30, 0.6481481481481481, 0.6481481481481481, 0.0, 0.0, 0.0
preMatcher,SIMPLE_NAME, line no: 22,String,SIMPLE_NAME, line no: 28, 0.6441717791411042, 0.6441717791411042, 0.0, 0.0, 0.0
preMatcher,SIMPLE_NAME, line no: 22,this.determineStatementBody(input.subSequence(end - 1 input.length())),METHOD_INVOCATION, line no: 28, 0.6441717791411042, 0.6441717791411042, 0.0, 0.0, 0.0
preMatcher,SIMPLE_NAME, line no: 22,body == null,INFIX_EXPRESSION, line no: 30, 0.6441717791411042, 0.6441717791411042, 0.0, 0.0, 0.0
preMatcher,SIMPLE_NAME, line no: 22,null,NULL_LITERAL, line no: 30, 0.6441717791411042, 0.6441717791411042, 0.0, 0.0, 0.0
preMatcher,SIMPLE_NAME, line no: 22,this._endOffSet=end - 2 + body.length(),ASSIGNMENT, line no: 37, 0.6441717791411042, 0.6441717791411042, 0.0, 0.0, 0.0
preMatcher,SIMPLE_NAME, line no: 22,this._found=true,ASSIGNMENT, line no: 39, 0.6441717791411042, 0.6441717791411042, 0.0, 0.0, 0.0
preMatcher,SIMPLE_NAME, line no: 22,this._node=new StateNode(stateName body.substring(1 body.length() - 1) this.getStartOffsetLastFound() this.getEndOffsetLastFound()),ASSIGNMENT, line no: 40, 0.6441717791411042, 0.6441717791411042, 0.0, 0.0, 0.0
preMatcher,SIMPLE_NAME, line no: 22,new StateNode(stateName body.substring(1 body.length() - 1) this.getStartOffsetLastFound() this.getEndOffsetLastFound()),CLASS_INSTANCE_CREATION, line no: 40, 0.6441717791411042, 0.6441717791411042, 0.0, 0.0, 0.0
start,SIMPLE_NAME, line no: 22,String,SIMPLE_NAME, line no: 28, 0.6441717791411042, 0.6441717791411042, 0.0, 0.0, 0.0
start,SIMPLE_NAME, line no: 22,this.determineStatementBody(input.subSequence(end - 1 input.length())),METHOD_INVOCATION, line no: 28, 0.6441717791411042, 0.6441717791411042, 0.0, 0.0, 0.0
start,SIMPLE_NAME, line no: 22,body == null,INFIX_EXPRESSION, line no: 30, 0.6441717791411042, 0.6441717791411042, 0.0, 0.0, 0.0
start,SIMPLE_NAME, line no: 22,null,NULL_LITERAL, line no: 30, 0.6441717791411042, 0.6441717791411042, 0.0, 0.0, 0.0
start,SIMPLE_NAME, line no: 22,this._statement=matcher.group() + body.substring(1),ASSIGNMENT, line no: 35, 0.6441717791411042, 0.6441717791411042, 0.0, 0.0, 0.0
start,SIMPLE_NAME, line no: 22,matcher.group(2),METHOD_INVOCATION, line no: 38, 0.6441717791411042, 0.6441717791411042, 0.0, 0.0, 0.0
start,SIMPLE_NAME, line no: 22,this._found=true,ASSIGNMENT, line no: 39, 0.6441717791411042, 0.6441717791411042, 0.0, 0.0, 0.0
preMatcher.start(),METHOD_INVOCATION, line no: 22,input.charAt(0),METHOD_INVOCATION, line no: 60, 0.4666666666666667, 0.16666666666666666, 0.0, 0.0, 0.3
preMatcher.start(),METHOD_INVOCATION, line no: 22,bodyParser.findNext(input),METHOD_INVOCATION, line no: 62, 0.43939393939393934, 0.16666666666666666, 0.0, 0.0, 0.2727272727272727
preMatcher.start(),METHOD_INVOCATION, line no: 22,bodyParser.hasFoundElement(),METHOD_INVOCATION, line no: 63, 0.43939393939393934, 0.16666666666666666, 0.0, 0.0, 0.2727272727272727
localStart=preMatcher.start(),ASSIGNMENT, line no: 22,input.charAt(0),METHOD_INVOCATION, line no: 60, 0.41770186335403725, 0.16770186335403728, 0.0, 0.0, 0.25
preMatcher.start(),METHOD_INVOCATION, line no: 22,input.charAt(0) == '{',INFIX_EXPRESSION, line no: 60, 0.4104938271604938, 0.16049382716049382, 0.0, 0.0, 0.25
localStart=preMatcher.start(),ASSIGNMENT, line no: 22,bodyParser.findNext(input),METHOD_INVOCATION, line no: 62, 0.3984710941232681, 0.16770186335403728, 0.0, 0.0, 0.23076923076923078
localStart=preMatcher.start(),ASSIGNMENT, line no: 22,bodyParser.hasFoundElement(),METHOD_INVOCATION, line no: 63, 0.3984710941232681, 0.16770186335403728, 0.0, 0.0, 0.23076923076923078
preMatcher.start(),METHOD_INVOCATION, line no: 22,getPrePatternString(),METHOD_INVOCATION, line no: 71, 0.38888888888888884, 0.05555555555555555, 0.0, 0.0, 0.3333333333333333
localStart=preMatcher.start(),ASSIGNMENT, line no: 22,input.charAt(0) == '{',INFIX_EXPRESSION, line no: 60, 0.37577639751552794, 0.16149068322981366, 0.0, 0.0, 0.21428571428571427
preMatcher.start(),METHOD_INVOCATION, line no: 22,new BlockStatementParser(),CLASS_INSTANCE_CREATION, line no: 61, 0.36049382716049383, 0.16049382716049382, 0.0, 0.0, 0.2
localStart=preMatcher.start(),ASSIGNMENT, line no: 22,getPrePatternString(),METHOD_INVOCATION, line no: 71, 0.3286278938452851, 0.055900621118012424, 0.0, 0.0, 0.2727272727272727
localStart=preMatcher.start(),ASSIGNMENT, line no: 22,new BlockStatementParser(),CLASS_INSTANCE_CREATION, line no: 61, 0.3281573498964803, 0.16149068322981366, 0.0, 0.0, 0.16666666666666666
preMatcher.start(),METHOD_INVOCATION, line no: 22,getPrePatternString() + "([a-zA-Z][0-9a-zA-Z_]*)" + getPostPatternString(),INFIX_EXPRESSION, line no: 71, 0.2993827160493827, 0.04938271604938271, 0.0, 0.0, 0.25
preMatcher.start(),METHOD_INVOCATION, line no: 22,bodyParser.getLastFoundStatement(),METHOD_INVOCATION, line no: 64, 0.29320987654320985, 0.043209876543209874, 0.0, 0.0, 0.25
localStart=preMatcher.start(),ASSIGNMENT, line no: 22,getPrePatternString() + "([a-zA-Z][0-9a-zA-Z_]*)" + getPostPatternString(),INFIX_EXPRESSION, line no: 71, 0.2639751552795031, 0.049689440993788817, 0.0, 0.0, 0.21428571428571427
localStart=preMatcher.start(),ASSIGNMENT, line no: 22,bodyParser.getLastFoundStatement(),METHOD_INVOCATION, line no: 64, 0.2577639751552795, 0.043478260869565216, 0.0, 0.0, 0.21428571428571427
preMatcher.start(),METHOD_INVOCATION, line no: 22,getPostPatternString(),METHOD_INVOCATION, line no: 72, 0.25555555555555554, 0.05555555555555555, 0.0, 0.0, 0.2
localStart=preMatcher.start(),ASSIGNMENT, line no: 22,getPostPatternString(),METHOD_INVOCATION, line no: 72, 0.22256728778467907, 0.055900621118012424, 0.0, 0.0, 0.16666666666666666
preMatcher.start(),METHOD_INVOCATION, line no: 22,java.util.regex.Matcher,QUALIFIED_NAME, line no: 3, 0.2222222222222222, 0.0, 0.0, 0.0, 0.2222222222222222
preMatcher,SIMPLE_NAME, line no: 22,getPrePatternString(),METHOD_INVOCATION, line no: 71, 0.19807186678352323, 0.05521472392638037, 0.0, 0.0, 0.14285714285714285
preMatcher.start(),METHOD_INVOCATION, line no: 22,new UnsupportedOperationException("In this parser a specail behavior of doFindNext(CharSequence int) is required; by this this method should not be called!"),CLASS_INSTANCE_CREATION, line no: 88, 0.1941638608305275, 0.012345679012345678, 0.0, 0.0, 0.18181818181818182
localStart=preMatcher.start(),ASSIGNMENT, line no: 22,java.util.regex.Matcher,QUALIFIED_NAME, line no: 3, 0.18181818181818182, 0.0, 0.0, 0.0, 0.18181818181818182
localStart=preMatcher.start(),ASSIGNMENT, line no: 22,charAt,SIMPLE_NAME, line no: 60, 0.17391304347826086, 0.17391304347826086, 0.0, 0.0, 0.0
localStart=preMatcher.start(),ASSIGNMENT, line no: 22,bodyParser,SIMPLE_NAME, line no: 61, 0.17391304347826086, 0.16770186335403728, 0.0, 0.0, 0.0
localStart=preMatcher.start(),ASSIGNMENT, line no: 22,findNext,SIMPLE_NAME, line no: 62, 0.17391304347826086, 0.17391304347826086, 0.0, 0.0, 0.0
localStart=preMatcher.start(),ASSIGNMENT, line no: 22,hasFoundElement,SIMPLE_NAME, line no: 63, 0.17391304347826086, 0.17391304347826086, 0.0, 0.0, 0.0
localStart,SIMPLE_NAME, line no: 22,charAt,SIMPLE_NAME, line no: 60, 0.1728395061728395, 0.1728395061728395, 0.0, 0.0, 0.0
localStart,SIMPLE_NAME, line no: 22,bodyParser,SIMPLE_NAME, line no: 61, 0.1728395061728395, 0.16666666666666666, 0.0, 0.0, 0.0
localStart,SIMPLE_NAME, line no: 22,findNext,SIMPLE_NAME, line no: 62, 0.1728395061728395, 0.1728395061728395, 0.0, 0.0, 0.0
localStart,SIMPLE_NAME, line no: 22,hasFoundElement,SIMPLE_NAME, line no: 63, 0.1728395061728395, 0.1728395061728395, 0.0, 0.0, 0.0
preMatcher.start(),METHOD_INVOCATION, line no: 22,charAt,SIMPLE_NAME, line no: 60, 0.1728395061728395, 0.1728395061728395, 0.0, 0.0, 0.0
preMatcher.start(),METHOD_INVOCATION, line no: 22,bodyParser,SIMPLE_NAME, line no: 61, 0.1728395061728395, 0.16666666666666666, 0.0, 0.0, 0.0
preMatcher.start(),METHOD_INVOCATION, line no: 22,findNext,SIMPLE_NAME, line no: 62, 0.1728395061728395, 0.1728395061728395, 0.0, 0.0, 0.0
preMatcher.start(),METHOD_INVOCATION, line no: 22,hasFoundElement,SIMPLE_NAME, line no: 63, 0.1728395061728395, 0.1728395061728395, 0.0, 0.0, 0.0
preMatcher,SIMPLE_NAME, line no: 22,charAt,SIMPLE_NAME, line no: 60, 0.17177914110429449, 0.17177914110429449, 0.0, 0.0, 0.0
preMatcher,SIMPLE_NAME, line no: 22,0,NUMBER_LITERAL, line no: 60, 0.17177914110429449, 0.17177914110429449, 0.0, 0.0, 0.0
preMatcher,SIMPLE_NAME, line no: 22,bodyParser,SIMPLE_NAME, line no: 61, 0.17177914110429449, 0.1656441717791411, 0.0, 0.0, 0.0
preMatcher,SIMPLE_NAME, line no: 22,findNext,SIMPLE_NAME, line no: 62, 0.17177914110429449, 0.17177914110429449, 0.0, 0.0, 0.0
preMatcher,SIMPLE_NAME, line no: 22,hasFoundElement,SIMPLE_NAME, line no: 63, 0.17177914110429449, 0.17177914110429449, 0.0, 0.0, 0.0
start,SIMPLE_NAME, line no: 22,charAt,SIMPLE_NAME, line no: 60, 0.17177914110429449, 0.17177914110429449, 0.0, 0.0, 0.0
start,SIMPLE_NAME, line no: 22,bodyParser,SIMPLE_NAME, line no: 61, 0.17177914110429449, 0.1656441717791411, 0.0, 0.0, 0.0
start,SIMPLE_NAME, line no: 22,findNext,SIMPLE_NAME, line no: 62, 0.17177914110429449, 0.17177914110429449, 0.0, 0.0, 0.0
start,SIMPLE_NAME, line no: 22,hasFoundElement,SIMPLE_NAME, line no: 63, 0.17177914110429449, 0.17177914110429449, 0.0, 0.0, 0.0
localStart=preMatcher.start(),ASSIGNMENT, line no: 22,BlockStatementParser,SIMPLE_NAME, line no: 61, 0.16770186335403728, 0.16770186335403728, 0.0, 0.0, 0.0
localStart,SIMPLE_NAME, line no: 22,input.charAt(0),METHOD_INVOCATION, line no: 60, 0.16666666666666666, 0.16666666666666666, 0.0, 0.0, 0.0
localStart,SIMPLE_NAME, line no: 22,BlockStatementParser,SIMPLE_NAME, line no: 61, 0.16666666666666666, 0.16666666666666666, 0.0, 0.0, 0.0
localStart,SIMPLE_NAME, line no: 22,bodyParser.findNext(input),METHOD_INVOCATION, line no: 62, 0.16666666666666666, 0.16666666666666666, 0.0, 0.0, 0.0
localStart,SIMPLE_NAME, line no: 22,bodyParser.hasFoundElement(),METHOD_INVOCATION, line no: 63, 0.16666666666666666, 0.16666666666666666, 0.0, 0.0, 0.0
preMatcher.start(),METHOD_INVOCATION, line no: 22,BlockStatementParser,SIMPLE_NAME, line no: 61, 0.16666666666666666, 0.16666666666666666, 0.0, 0.0, 0.0
localStart=preMatcher.start(),ASSIGNMENT, line no: 22,new UnsupportedOperationException("In this parser a specail behavior of doFindNext(CharSequence int) is required; by this this method should not be called!"),CLASS_INSTANCE_CREATION, line no: 88, 0.16626851409460106, 0.012422360248447204, 0.0, 0.0, 0.15384615384615385
preMatcher,SIMPLE_NAME, line no: 22,input.charAt(0),METHOD_INVOCATION, line no: 60, 0.1656441717791411, 0.1656441717791411, 0.0, 0.0, 0.0
preMatcher,SIMPLE_NAME, line no: 22,BlockStatementParser,SIMPLE_NAME, line no: 61, 0.1656441717791411, 0.1656441717791411, 0.0, 0.0, 0.0
preMatcher,SIMPLE_NAME, line no: 22,bodyParser.findNext(input),METHOD_INVOCATION, line no: 62, 0.1656441717791411, 0.1656441717791411, 0.0, 0.0, 0.0
preMatcher,SIMPLE_NAME, line no: 22,bodyParser.hasFoundElement(),METHOD_INVOCATION, line no: 63, 0.1656441717791411, 0.1656441717791411, 0.0, 0.0, 0.0
start,SIMPLE_NAME, line no: 22,input.charAt(0),METHOD_INVOCATION, line no: 60, 0.1656441717791411, 0.1656441717791411, 0.0, 0.0, 0.0
start,SIMPLE_NAME, line no: 22,BlockStatementParser,SIMPLE_NAME, line no: 61, 0.1656441717791411, 0.1656441717791411, 0.0, 0.0, 0.0
start,SIMPLE_NAME, line no: 22,bodyParser.findNext(input),METHOD_INVOCATION, line no: 62, 0.1656441717791411, 0.1656441717791411, 0.0, 0.0, 0.0
start,SIMPLE_NAME, line no: 22,bodyParser.hasFoundElement(),METHOD_INVOCATION, line no: 63, 0.1656441717791411, 0.1656441717791411, 0.0, 0.0, 0.0
localStart=preMatcher.start(),ASSIGNMENT, line no: 22,'{',CHARACTER_LITERAL, line no: 60, 0.16149068322981366, 0.16149068322981366, 0.0, 0.0, 0.0
localStart,SIMPLE_NAME, line no: 22,input.charAt(0) == '{',INFIX_EXPRESSION, line no: 60, 0.16049382716049382, 0.16049382716049382, 0.0, 0.0, 0.0
localStart,SIMPLE_NAME, line no: 22,'{',CHARACTER_LITERAL, line no: 60, 0.16049382716049382, 0.16049382716049382, 0.0, 0.0, 0.0
localStart,SIMPLE_NAME, line no: 22,new BlockStatementParser(),CLASS_INSTANCE_CREATION, line no: 61, 0.16049382716049382, 0.16049382716049382, 0.0, 0.0, 0.0
preMatcher.start(),METHOD_INVOCATION, line no: 22,'{',CHARACTER_LITERAL, line no: 60, 0.16049382716049382, 0.16049382716049382, 0.0, 0.0, 0.0
preMatcher,SIMPLE_NAME, line no: 22,input.charAt(0) == '{',INFIX_EXPRESSION, line no: 60, 0.15950920245398773, 0.15950920245398773, 0.0, 0.0, 0.0
preMatcher,SIMPLE_NAME, line no: 22,'{',CHARACTER_LITERAL, line no: 60, 0.15950920245398773, 0.15950920245398773, 0.0, 0.0, 0.0
preMatcher,SIMPLE_NAME, line no: 22,new BlockStatementParser(),CLASS_INSTANCE_CREATION, line no: 61, 0.15950920245398773, 0.15950920245398773, 0.0, 0.0, 0.0
start,SIMPLE_NAME, line no: 22,input.charAt(0) == '{',INFIX_EXPRESSION, line no: 60, 0.15950920245398773, 0.15950920245398773, 0.0, 0.0, 0.0
start,SIMPLE_NAME, line no: 22,'{',CHARACTER_LITERAL, line no: 60, 0.15950920245398773, 0.15950920245398773, 0.0, 0.0, 0.0
start,SIMPLE_NAME, line no: 22,new BlockStatementParser(),CLASS_INSTANCE_CREATION, line no: 61, 0.15950920245398773, 0.15950920245398773, 0.0, 0.0, 0.0
preMatcher,SIMPLE_NAME, line no: 22,getPrePatternString() + "([a-zA-Z][0-9a-zA-Z_]*)" + getPostPatternString(),INFIX_EXPRESSION, line no: 71, 0.149079754601227, 0.049079754601226995, 0.0, 0.0, 0.1
preMatcher.start(),METHOD_INVOCATION, line no: 22,mainMatcher,SIMPLE_NAME, line no: 87, 0.1490299823633157, 0.006172839506172839, 0.0, 0.0, 0.14285714285714285
preMatcher.start(),METHOD_INVOCATION, line no: 22,de.desy,QUALIFIED_NAME, line no: 1, 0.125, 0.0, 0.0, 0.0, 0.125
preMatcher.start(),METHOD_INVOCATION, line no: 22,java.util,QUALIFIED_NAME, line no: 3, 0.125, 0.0, 0.0, 0.0, 0.125
localStart=preMatcher.start(),ASSIGNMENT, line no: 22,mainMatcher,SIMPLE_NAME, line no: 87, 0.1173222912353347, 0.006211180124223602, 0.0, 0.0, 0.1111111111111111
preMatcher.start(),METHOD_INVOCATION, line no: 22,de.desy.language,QUALIFIED_NAME, line no: 1, 0.1111111111111111, 0.0, 0.0, 0.0, 0.1111111111111111
preMatcher.start(),METHOD_INVOCATION, line no: 22,java.util.regex,QUALIFIED_NAME, line no: 3, 0.1111111111111111, 0.0, 0.0, 0.0, 0.1111111111111111
localStart=preMatcher.start(),ASSIGNMENT, line no: 22,de.desy,QUALIFIED_NAME, line no: 1, 0.1, 0.0, 0.0, 0.0, 0.1
localStart=preMatcher.start(),ASSIGNMENT, line no: 22,java.util,QUALIFIED_NAME, line no: 3, 0.1, 0.0, 0.0, 0.0, 0.1
preMatcher.start(),METHOD_INVOCATION, line no: 22,de.desy.language.snl,QUALIFIED_NAME, line no: 1, 0.1, 0.0, 0.0, 0.0, 0.1
preMatcher.start(),METHOD_INVOCATION, line no: 22,java.util.regex.Pattern,QUALIFIED_NAME, line no: 4, 0.1, 0.0, 0.0, 0.0, 0.1
localStart=preMatcher.start(),ASSIGNMENT, line no: 22,de.desy.language,QUALIFIED_NAME, line no: 1, 0.09090909090909091, 0.0, 0.0, 0.0, 0.09090909090909091
localStart=preMatcher.start(),ASSIGNMENT, line no: 22,java.util.regex,QUALIFIED_NAME, line no: 3, 0.09090909090909091, 0.0, 0.0, 0.0, 0.09090909090909091
preMatcher.start(),METHOD_INVOCATION, line no: 22,de.desy.language.snl.parser.parser,QUALIFIED_NAME, line no: 1, 0.09090909090909091, 0.0, 0.0, 0.0, 0.09090909090909091
preMatcher.start(),METHOD_INVOCATION, line no: 22,de.desy.language.snl.parser,QUALIFIED_NAME, line no: 1, 0.09090909090909091, 0.0, 0.0, 0.0, 0.09090909090909091
localStart=preMatcher.start(),ASSIGNMENT, line no: 22,de.desy.language.snl,QUALIFIED_NAME, line no: 1, 0.08333333333333333, 0.0, 0.0, 0.0, 0.08333333333333333
localStart=preMatcher.start(),ASSIGNMENT, line no: 22,java.util.regex.Pattern,QUALIFIED_NAME, line no: 4, 0.08333333333333333, 0.0, 0.0, 0.0, 0.08333333333333333
preMatcher.start(),METHOD_INVOCATION, line no: 22,de.desy.language.snl.parser.nodes,QUALIFIED_NAME, line no: 6, 0.08333333333333333, 0.0, 0.0, 0.0, 0.08333333333333333
localStart=preMatcher.start(),ASSIGNMENT, line no: 22,de.desy.language.snl.parser.parser,QUALIFIED_NAME, line no: 1, 0.07692307692307693, 0.0, 0.0, 0.0, 0.07692307692307693
localStart=preMatcher.start(),ASSIGNMENT, line no: 22,de.desy.language.snl.parser,QUALIFIED_NAME, line no: 1, 0.07692307692307693, 0.0, 0.0, 0.0, 0.07692307692307693
localStart=preMatcher.start(),ASSIGNMENT, line no: 22,de.desy.language.snl.parser.nodes,QUALIFIED_NAME, line no: 6, 0.07142857142857142, 0.0, 0.0, 0.0, 0.07142857142857142
preMatcher.start(),METHOD_INVOCATION, line no: 22,de.desy.language.snl.parser.nodes.StateNode,QUALIFIED_NAME, line no: 6, 0.07142857142857142, 0.0, 0.0, 0.0, 0.07142857142857142
localStart=preMatcher.start(),ASSIGNMENT, line no: 22,de.desy.language.snl.parser.nodes.StateNode,QUALIFIED_NAME, line no: 6, 0.0625, 0.0, 0.0, 0.0, 0.0625
localStart,SIMPLE_NAME, line no: 22,getPrePatternString(),METHOD_INVOCATION, line no: 71, 0.05555555555555555, 0.05555555555555555, 0.0, 0.0, 0.0
localStart,SIMPLE_NAME, line no: 22,getPostPatternString(),METHOD_INVOCATION, line no: 72, 0.05555555555555555, 0.05555555555555555, 0.0, 0.0, 0.0
preMatcher,SIMPLE_NAME, line no: 22,getPostPatternString(),METHOD_INVOCATION, line no: 72, 0.05521472392638037, 0.05521472392638037, 0.0, 0.0, 0.0
start,SIMPLE_NAME, line no: 22,getPrePatternString(),METHOD_INVOCATION, line no: 71, 0.05521472392638037, 0.05521472392638037, 0.0, 0.0, 0.0
start,SIMPLE_NAME, line no: 22,getPostPatternString(),METHOD_INVOCATION, line no: 72, 0.05521472392638037, 0.05521472392638037, 0.0, 0.0, 0.0
localStart=preMatcher.start(),ASSIGNMENT, line no: 22,getLastFoundStatement,SIMPLE_NAME, line no: 64, 0.049689440993788817, 0.049689440993788817, 0.0, 0.0, 0.0
localStart=preMatcher.start(),ASSIGNMENT, line no: 22,"([a-zA-Z][0-9a-zA-Z_]*)",STRING_LITERAL, line no: 71, 0.049689440993788817, 0.049689440993788817, 0.0, 0.0, 0.0
localStart,SIMPLE_NAME, line no: 22,getLastFoundStatement,SIMPLE_NAME, line no: 64, 0.04938271604938271, 0.04938271604938271, 0.0, 0.0, 0.0
localStart,SIMPLE_NAME, line no: 22,getPrePatternString() + "([a-zA-Z][0-9a-zA-Z_]*)" + getPostPatternString(),INFIX_EXPRESSION, line no: 71, 0.04938271604938271, 0.04938271604938271, 0.0, 0.0, 0.0
localStart,SIMPLE_NAME, line no: 22,"([a-zA-Z][0-9a-zA-Z_]*)",STRING_LITERAL, line no: 71, 0.04938271604938271, 0.04938271604938271, 0.0, 0.0, 0.0
preMatcher.start(),METHOD_INVOCATION, line no: 22,getLastFoundStatement,SIMPLE_NAME, line no: 64, 0.04938271604938271, 0.04938271604938271, 0.0, 0.0, 0.0
preMatcher.start(),METHOD_INVOCATION, line no: 22,"([a-zA-Z][0-9a-zA-Z_]*)",STRING_LITERAL, line no: 71, 0.04938271604938271, 0.04938271604938271, 0.0, 0.0, 0.0
preMatcher,SIMPLE_NAME, line no: 22,getLastFoundStatement,SIMPLE_NAME, line no: 64, 0.049079754601226995, 0.049079754601226995, 0.0, 0.0, 0.0
preMatcher,SIMPLE_NAME, line no: 22,"([a-zA-Z][0-9a-zA-Z_]*)",STRING_LITERAL, line no: 71, 0.049079754601226995, 0.049079754601226995, 0.0, 0.0, 0.0
start,SIMPLE_NAME, line no: 22,getLastFoundStatement,SIMPLE_NAME, line no: 64, 0.049079754601226995, 0.049079754601226995, 0.0, 0.0, 0.0
start,SIMPLE_NAME, line no: 22,getPrePatternString() + "([a-zA-Z][0-9a-zA-Z_]*)" + getPostPatternString(),INFIX_EXPRESSION, line no: 71, 0.049079754601226995, 0.049079754601226995, 0.0, 0.0, 0.0
start,SIMPLE_NAME, line no: 22,"([a-zA-Z][0-9a-zA-Z_]*)",STRING_LITERAL, line no: 71, 0.049079754601226995, 0.049079754601226995, 0.0, 0.0, 0.0
localStart,SIMPLE_NAME, line no: 22,bodyParser.getLastFoundStatement(),METHOD_INVOCATION, line no: 64, 0.043209876543209874, 0.043209876543209874, 0.0, 0.0, 0.0
preMatcher,SIMPLE_NAME, line no: 22,bodyParser.getLastFoundStatement(),METHOD_INVOCATION, line no: 64, 0.04294478527607362, 0.04294478527607362, 0.0, 0.0, 0.0
start,SIMPLE_NAME, line no: 22,bodyParser.getLastFoundStatement(),METHOD_INVOCATION, line no: 64, 0.04294478527607362, 0.04294478527607362, 0.0, 0.0, 0.0
localStart=preMatcher.start(),ASSIGNMENT, line no: 22,UnsupportedOperationException,SIMPLE_NAME, line no: 88, 0.018633540372670808, 0.018633540372670808, 0.0, 0.0, 0.0
localStart,SIMPLE_NAME, line no: 22,UnsupportedOperationException,SIMPLE_NAME, line no: 88, 0.018518518518518517, 0.018518518518518517, 0.0, 0.0, 0.0
preMatcher.start(),METHOD_INVOCATION, line no: 22,UnsupportedOperationException,SIMPLE_NAME, line no: 88, 0.018518518518518517, 0.018518518518518517, 0.0, 0.0, 0.0
preMatcher,SIMPLE_NAME, line no: 22,UnsupportedOperationException,SIMPLE_NAME, line no: 88, 0.018404907975460124, 0.018404907975460124, 0.0, 0.0, 0.0
start,SIMPLE_NAME, line no: 22,UnsupportedOperationException,SIMPLE_NAME, line no: 88, 0.018404907975460124, 0.018404907975460124, 0.0, 0.0, 0.0
localStart=preMatcher.start(),ASSIGNMENT, line no: 22,"(state\\s+)",STRING_LITERAL, line no: 77, 0.012422360248447204, 0.012422360248447204, 0.0, 0.0, 0.0
localStart=preMatcher.start(),ASSIGNMENT, line no: 22,"(\\s*\\{)",STRING_LITERAL, line no: 82, 0.012422360248447204, 0.012422360248447204, 0.0, 0.0, 0.0
localStart=preMatcher.start(),ASSIGNMENT, line no: 22,"In this parser a specail behavior of doFindNext(CharSequence int) is required; by this this method should not be called!",STRING_LITERAL, line no: 89, 0.012422360248447204, 0.012422360248447204, 0.0, 0.0, 0.0
localStart,SIMPLE_NAME, line no: 22,"(state\\s+)",STRING_LITERAL, line no: 77, 0.012345679012345678, 0.012345679012345678, 0.0, 0.0, 0.0
localStart,SIMPLE_NAME, line no: 22,"(\\s*\\{)",STRING_LITERAL, line no: 82, 0.012345679012345678, 0.012345679012345678, 0.0, 0.0, 0.0
localStart,SIMPLE_NAME, line no: 22,new UnsupportedOperationException("In this parser a specail behavior of doFindNext(CharSequence int) is required; by this this method should not be called!"),CLASS_INSTANCE_CREATION, line no: 88, 0.012345679012345678, 0.012345679012345678, 0.0, 0.0, 0.0
localStart,SIMPLE_NAME, line no: 22,"In this parser a specail behavior of doFindNext(CharSequence int) is required; by this this method should not be called!",STRING_LITERAL, line no: 89, 0.012345679012345678, 0.012345679012345678, 0.0, 0.0, 0.0
preMatcher.start(),METHOD_INVOCATION, line no: 22,"(state\\s+)",STRING_LITERAL, line no: 77, 0.012345679012345678, 0.012345679012345678, 0.0, 0.0, 0.0
preMatcher.start(),METHOD_INVOCATION, line no: 22,"(\\s*\\{)",STRING_LITERAL, line no: 82, 0.012345679012345678, 0.012345679012345678, 0.0, 0.0, 0.0
preMatcher.start(),METHOD_INVOCATION, line no: 22,"In this parser a specail behavior of doFindNext(CharSequence int) is required; by this this method should not be called!",STRING_LITERAL, line no: 89, 0.012345679012345678, 0.012345679012345678, 0.0, 0.0, 0.0
preMatcher,SIMPLE_NAME, line no: 22,"(state\\s+)",STRING_LITERAL, line no: 77, 0.012269938650306749, 0.012269938650306749, 0.0, 0.0, 0.0
preMatcher,SIMPLE_NAME, line no: 22,"(\\s*\\{)",STRING_LITERAL, line no: 82, 0.012269938650306749, 0.012269938650306749, 0.0, 0.0, 0.0
preMatcher,SIMPLE_NAME, line no: 22,new UnsupportedOperationException("In this parser a specail behavior of doFindNext(CharSequence int) is required; by this this method should not be called!"),CLASS_INSTANCE_CREATION, line no: 88, 0.012269938650306749, 0.012269938650306749, 0.0, 0.0, 0.0
preMatcher,SIMPLE_NAME, line no: 22,"In this parser a specail behavior of doFindNext(CharSequence int) is required; by this this method should not be called!",STRING_LITERAL, line no: 89, 0.012269938650306749, 0.012269938650306749, 0.0, 0.0, 0.0
start,SIMPLE_NAME, line no: 22,"(state\\s+)",STRING_LITERAL, line no: 77, 0.012269938650306749, 0.012269938650306749, 0.0, 0.0, 0.0
start,SIMPLE_NAME, line no: 22,"(\\s*\\{)",STRING_LITERAL, line no: 82, 0.012269938650306749, 0.012269938650306749, 0.0, 0.0, 0.0
start,SIMPLE_NAME, line no: 22,new UnsupportedOperationException("In this parser a specail behavior of doFindNext(CharSequence int) is required; by this this method should not be called!"),CLASS_INSTANCE_CREATION, line no: 88, 0.012269938650306749, 0.012269938650306749, 0.0, 0.0, 0.0
start,SIMPLE_NAME, line no: 22,"In this parser a specail behavior of doFindNext(CharSequence int) is required; by this this method should not be called!",STRING_LITERAL, line no: 89, 0.012269938650306749, 0.012269938650306749, 0.0, 0.0, 0.0
localStart=preMatcher.start(),ASSIGNMENT, line no: 22,de,SIMPLE_NAME, line no: 1, 0.006211180124223602, 0.006211180124223602, 0.0, 0.0, 0.0
localStart=preMatcher.start(),ASSIGNMENT, line no: 22,desy,SIMPLE_NAME, line no: 1, 0.006211180124223602, 0.006211180124223602, 0.0, 0.0, 0.0
localStart=preMatcher.start(),ASSIGNMENT, line no: 22,language,SIMPLE_NAME, line no: 1, 0.006211180124223602, 0.006211180124223602, 0.0, 0.0, 0.0
localStart=preMatcher.start(),ASSIGNMENT, line no: 22,snl,SIMPLE_NAME, line no: 1, 0.006211180124223602, 0.006211180124223602, 0.0, 0.0, 0.0
localStart=preMatcher.start(),ASSIGNMENT, line no: 22,parser,SIMPLE_NAME, line no: 1, 0.006211180124223602, 0.006211180124223602, 0.0, 0.0, 0.0
localStart=preMatcher.start(),ASSIGNMENT, line no: 22,java,SIMPLE_NAME, line no: 3, 0.006211180124223602, 0.006211180124223602, 0.0, 0.0, 0.0
localStart=preMatcher.start(),ASSIGNMENT, line no: 22,util,SIMPLE_NAME, line no: 3, 0.006211180124223602, 0.006211180124223602, 0.0, 0.0, 0.0
localStart=preMatcher.start(),ASSIGNMENT, line no: 22,regex,SIMPLE_NAME, line no: 3, 0.006211180124223602, 0.006211180124223602, 0.0, 0.0, 0.0
localStart=preMatcher.start(),ASSIGNMENT, line no: 22,nodes,SIMPLE_NAME, line no: 6, 0.006211180124223602, 0.006211180124223602, 0.0, 0.0, 0.0
localStart=preMatcher.start(),ASSIGNMENT, line no: 22,StateParser,SIMPLE_NAME, line no: 8, 0.006211180124223602, 0.006211180124223602, 0.0, 0.0, 0.0
localStart=preMatcher.start(),ASSIGNMENT, line no: 22,AbstractOptimizedStatementParser,SIMPLE_NAME, line no: 8, 0.006211180124223602, 0.006211180124223602, 0.0, 0.0, 0.0
localStart=preMatcher.start(),ASSIGNMENT, line no: 22,Override,SIMPLE_NAME, line no: 10, 0.006211180124223602, 0.006211180124223602, 0.0, 0.0, 0.0
localStart=preMatcher.start(),ASSIGNMENT, line no: 22,doFindNext,SIMPLE_NAME, line no: 11, 0.006211180124223602, 0.006211180124223602, 0.0, 0.0, 0.0
localStart=preMatcher.start(),ASSIGNMENT, line no: 22,CharSequence,SIMPLE_NAME, line no: 11, 0.006211180124223602, 0.006211180124223602, 0.0, 0.0, 0.0
localStart=preMatcher.start(),ASSIGNMENT, line no: 22,matchFound,SIMPLE_NAME, line no: 86, 0.006211180124223602, 0.006211180124223602, 0.0, 0.0, 0.0
localStart,SIMPLE_NAME, line no: 22,de,SIMPLE_NAME, line no: 1, 0.006172839506172839, 0.006172839506172839, 0.0, 0.0, 0.0
localStart,SIMPLE_NAME, line no: 22,desy,SIMPLE_NAME, line no: 1, 0.006172839506172839, 0.006172839506172839, 0.0, 0.0, 0.0
localStart,SIMPLE_NAME, line no: 22,language,SIMPLE_NAME, line no: 1, 0.006172839506172839, 0.006172839506172839, 0.0, 0.0, 0.0
localStart,SIMPLE_NAME, line no: 22,snl,SIMPLE_NAME, line no: 1, 0.006172839506172839, 0.006172839506172839, 0.0, 0.0, 0.0
localStart,SIMPLE_NAME, line no: 22,parser,SIMPLE_NAME, line no: 1, 0.006172839506172839, 0.006172839506172839, 0.0, 0.0, 0.0
localStart,SIMPLE_NAME, line no: 22,java,SIMPLE_NAME, line no: 3, 0.006172839506172839, 0.006172839506172839, 0.0, 0.0, 0.0
localStart,SIMPLE_NAME, line no: 22,util,SIMPLE_NAME, line no: 3, 0.006172839506172839, 0.006172839506172839, 0.0, 0.0, 0.0
localStart,SIMPLE_NAME, line no: 22,regex,SIMPLE_NAME, line no: 3, 0.006172839506172839, 0.006172839506172839, 0.0, 0.0, 0.0
localStart,SIMPLE_NAME, line no: 22,nodes,SIMPLE_NAME, line no: 6, 0.006172839506172839, 0.006172839506172839, 0.0, 0.0, 0.0
localStart,SIMPLE_NAME, line no: 22,StateParser,SIMPLE_NAME, line no: 8, 0.006172839506172839, 0.006172839506172839, 0.0, 0.0, 0.0
localStart,SIMPLE_NAME, line no: 22,AbstractOptimizedStatementParser,SIMPLE_NAME, line no: 8, 0.006172839506172839, 0.006172839506172839, 0.0, 0.0, 0.0
localStart,SIMPLE_NAME, line no: 22,Override,SIMPLE_NAME, line no: 10, 0.006172839506172839, 0.006172839506172839, 0.0, 0.0, 0.0
localStart,SIMPLE_NAME, line no: 22,doFindNext,SIMPLE_NAME, line no: 11, 0.006172839506172839, 0.006172839506172839, 0.0, 0.0, 0.0
localStart,SIMPLE_NAME, line no: 22,CharSequence,SIMPLE_NAME, line no: 11, 0.006172839506172839, 0.006172839506172839, 0.0, 0.0, 0.0
localStart,SIMPLE_NAME, line no: 22,matchFound,SIMPLE_NAME, line no: 86, 0.006172839506172839, 0.006172839506172839, 0.0, 0.0, 0.0
localStart,SIMPLE_NAME, line no: 22,mainMatcher,SIMPLE_NAME, line no: 87, 0.006172839506172839, 0.006172839506172839, 0.0, 0.0, 0.0
preMatcher.start(),METHOD_INVOCATION, line no: 22,de,SIMPLE_NAME, line no: 1, 0.006172839506172839, 0.006172839506172839, 0.0, 0.0, 0.0
preMatcher.start(),METHOD_INVOCATION, line no: 22,desy,SIMPLE_NAME, line no: 1, 0.006172839506172839, 0.006172839506172839, 0.0, 0.0, 0.0
preMatcher.start(),METHOD_INVOCATION, line no: 22,language,SIMPLE_NAME, line no: 1, 0.006172839506172839, 0.006172839506172839, 0.0, 0.0, 0.0
preMatcher.start(),METHOD_INVOCATION, line no: 22,snl,SIMPLE_NAME, line no: 1, 0.006172839506172839, 0.006172839506172839, 0.0, 0.0, 0.0
preMatcher.start(),METHOD_INVOCATION, line no: 22,parser,SIMPLE_NAME, line no: 1, 0.006172839506172839, 0.006172839506172839, 0.0, 0.0, 0.0
preMatcher.start(),METHOD_INVOCATION, line no: 22,java,SIMPLE_NAME, line no: 3, 0.006172839506172839, 0.006172839506172839, 0.0, 0.0, 0.0
preMatcher.start(),METHOD_INVOCATION, line no: 22,util,SIMPLE_NAME, line no: 3, 0.006172839506172839, 0.006172839506172839, 0.0, 0.0, 0.0
preMatcher.start(),METHOD_INVOCATION, line no: 22,regex,SIMPLE_NAME, line no: 3, 0.006172839506172839, 0.006172839506172839, 0.0, 0.0, 0.0
preMatcher.start(),METHOD_INVOCATION, line no: 22,nodes,SIMPLE_NAME, line no: 6, 0.006172839506172839, 0.006172839506172839, 0.0, 0.0, 0.0
preMatcher.start(),METHOD_INVOCATION, line no: 22,StateParser,SIMPLE_NAME, line no: 8, 0.006172839506172839, 0.006172839506172839, 0.0, 0.0, 0.0
preMatcher.start(),METHOD_INVOCATION, line no: 22,AbstractOptimizedStatementParser,SIMPLE_NAME, line no: 8, 0.006172839506172839, 0.006172839506172839, 0.0, 0.0, 0.0
preMatcher.start(),METHOD_INVOCATION, line no: 22,Override,SIMPLE_NAME, line no: 10, 0.006172839506172839, 0.006172839506172839, 0.0, 0.0, 0.0
preMatcher.start(),METHOD_INVOCATION, line no: 22,doFindNext,SIMPLE_NAME, line no: 11, 0.006172839506172839, 0.006172839506172839, 0.0, 0.0, 0.0
preMatcher.start(),METHOD_INVOCATION, line no: 22,CharSequence,SIMPLE_NAME, line no: 11, 0.006172839506172839, 0.006172839506172839, 0.0, 0.0, 0.0
preMatcher.start(),METHOD_INVOCATION, line no: 22,matchFound,SIMPLE_NAME, line no: 86, 0.006172839506172839, 0.006172839506172839, 0.0, 0.0, 0.0
preMatcher,SIMPLE_NAME, line no: 22,de,SIMPLE_NAME, line no: 1, 0.006134969325153374, 0.006134969325153374, 0.0, 0.0, 0.0
preMatcher,SIMPLE_NAME, line no: 22,desy,SIMPLE_NAME, line no: 1, 0.006134969325153374, 0.006134969325153374, 0.0, 0.0, 0.0
preMatcher,SIMPLE_NAME, line no: 22,language,SIMPLE_NAME, line no: 1, 0.006134969325153374, 0.006134969325153374, 0.0, 0.0, 0.0
preMatcher,SIMPLE_NAME, line no: 22,snl,SIMPLE_NAME, line no: 1, 0.006134969325153374, 0.006134969325153374, 0.0, 0.0, 0.0
preMatcher,SIMPLE_NAME, line no: 22,parser,SIMPLE_NAME, line no: 1, 0.006134969325153374, 0.006134969325153374, 0.0, 0.0, 0.0
preMatcher,SIMPLE_NAME, line no: 22,java,SIMPLE_NAME, line no: 3, 0.006134969325153374, 0.006134969325153374, 0.0, 0.0, 0.0
preMatcher,SIMPLE_NAME, line no: 22,util,SIMPLE_NAME, line no: 3, 0.006134969325153374, 0.006134969325153374, 0.0, 0.0, 0.0
preMatcher,SIMPLE_NAME, line no: 22,regex,SIMPLE_NAME, line no: 3, 0.006134969325153374, 0.006134969325153374, 0.0, 0.0, 0.0
preMatcher,SIMPLE_NAME, line no: 22,nodes,SIMPLE_NAME, line no: 6, 0.006134969325153374, 0.006134969325153374, 0.0, 0.0, 0.0
preMatcher,SIMPLE_NAME, line no: 22,StateParser,SIMPLE_NAME, line no: 8, 0.006134969325153374, 0.006134969325153374, 0.0, 0.0, 0.0
preMatcher,SIMPLE_NAME, line no: 22,AbstractOptimizedStatementParser,SIMPLE_NAME, line no: 8, 0.006134969325153374, 0.006134969325153374, 0.0, 0.0, 0.0
preMatcher,SIMPLE_NAME, line no: 22,Override,SIMPLE_NAME, line no: 10, 0.006134969325153374, 0.006134969325153374, 0.0, 0.0, 0.0
preMatcher,SIMPLE_NAME, line no: 22,doFindNext,SIMPLE_NAME, line no: 11, 0.006134969325153374, 0.006134969325153374, 0.0, 0.0, 0.0
preMatcher,SIMPLE_NAME, line no: 22,CharSequence,SIMPLE_NAME, line no: 11, 0.006134969325153374, 0.006134969325153374, 0.0, 0.0, 0.0
preMatcher,SIMPLE_NAME, line no: 22,matchFound,SIMPLE_NAME, line no: 86, 0.006134969325153374, 0.006134969325153374, 0.0, 0.0, 0.0
start,SIMPLE_NAME, line no: 22,de,SIMPLE_NAME, line no: 1, 0.006134969325153374, 0.006134969325153374, 0.0, 0.0, 0.0
start,SIMPLE_NAME, line no: 22,desy,SIMPLE_NAME, line no: 1, 0.006134969325153374, 0.006134969325153374, 0.0, 0.0, 0.0
start,SIMPLE_NAME, line no: 22,language,SIMPLE_NAME, line no: 1, 0.006134969325153374, 0.006134969325153374, 0.0, 0.0, 0.0
start,SIMPLE_NAME, line no: 22,snl,SIMPLE_NAME, line no: 1, 0.006134969325153374, 0.006134969325153374, 0.0, 0.0, 0.0
start,SIMPLE_NAME, line no: 22,parser,SIMPLE_NAME, line no: 1, 0.006134969325153374, 0.006134969325153374, 0.0, 0.0, 0.0
start,SIMPLE_NAME, line no: 22,java,SIMPLE_NAME, line no: 3, 0.006134969325153374, 0.006134969325153374, 0.0, 0.0, 0.0
start,SIMPLE_NAME, line no: 22,util,SIMPLE_NAME, line no: 3, 0.006134969325153374, 0.006134969325153374, 0.0, 0.0, 0.0
start,SIMPLE_NAME, line no: 22,regex,SIMPLE_NAME, line no: 3, 0.006134969325153374, 0.006134969325153374, 0.0, 0.0, 0.0
start,SIMPLE_NAME, line no: 22,nodes,SIMPLE_NAME, line no: 6, 0.006134969325153374, 0.006134969325153374, 0.0, 0.0, 0.0
start,SIMPLE_NAME, line no: 22,StateParser,SIMPLE_NAME, line no: 8, 0.006134969325153374, 0.006134969325153374, 0.0, 0.0, 0.0
start,SIMPLE_NAME, line no: 22,AbstractOptimizedStatementParser,SIMPLE_NAME, line no: 8, 0.006134969325153374, 0.006134969325153374, 0.0, 0.0, 0.0
start,SIMPLE_NAME, line no: 22,Override,SIMPLE_NAME, line no: 10, 0.006134969325153374, 0.006134969325153374, 0.0, 0.0, 0.0
start,SIMPLE_NAME, line no: 22,doFindNext,SIMPLE_NAME, line no: 11, 0.006134969325153374, 0.006134969325153374, 0.0, 0.0, 0.0
start,SIMPLE_NAME, line no: 22,CharSequence,SIMPLE_NAME, line no: 11, 0.006134969325153374, 0.006134969325153374, 0.0, 0.0, 0.0
start,SIMPLE_NAME, line no: 22,matchFound,SIMPLE_NAME, line no: 86, 0.006134969325153374, 0.006134969325153374, 0.0, 0.0, 0.0
start,SIMPLE_NAME, line no: 22,mainMatcher,SIMPLE_NAME, line no: 87, 0.006134969325153374, 0.006134969325153374, 0.0, 0.0, 0.0
localStart=preMatcher.start(),ASSIGNMENT, line no: 22,@Override,MARKER_ANNOTATION, line no: 10, 0.0, 0.0, 0.0, 0.0, 0.0
localStart,SIMPLE_NAME, line no: 22,de.desy.language.snl.parser.parser,QUALIFIED_NAME, line no: 1, 0.0, 0.0, 0.0, 0.0, 0.0
localStart,SIMPLE_NAME, line no: 22,de.desy.language.snl.parser,QUALIFIED_NAME, line no: 1, 0.0, 0.0, 0.0, 0.0, 0.0
localStart,SIMPLE_NAME, line no: 22,de.desy.language.snl,QUALIFIED_NAME, line no: 1, 0.0, 0.0, 0.0, 0.0, 0.0
localStart,SIMPLE_NAME, line no: 22,de.desy.language,QUALIFIED_NAME, line no: 1, 0.0, 0.0, 0.0, 0.0, 0.0
localStart,SIMPLE_NAME, line no: 22,de.desy,QUALIFIED_NAME, line no: 1, 0.0, 0.0, 0.0, 0.0, 0.0
localStart,SIMPLE_NAME, line no: 22,java.util.regex.Matcher,QUALIFIED_NAME, line no: 3, 0.0, 0.0, 0.0, 0.0, 0.0
localStart,SIMPLE_NAME, line no: 22,java.util.regex,QUALIFIED_NAME, line no: 3, 0.0, 0.0, 0.0, 0.0, 0.0
localStart,SIMPLE_NAME, line no: 22,java.util,QUALIFIED_NAME, line no: 3, 0.0, 0.0, 0.0, 0.0, 0.0
localStart,SIMPLE_NAME, line no: 22,java.util.regex.Pattern,QUALIFIED_NAME, line no: 4, 0.0, 0.0, 0.0, 0.0, 0.0
localStart,SIMPLE_NAME, line no: 22,de.desy.language.snl.parser.nodes.StateNode,QUALIFIED_NAME, line no: 6, 0.0, 0.0, 0.0, 0.0, 0.0
localStart,SIMPLE_NAME, line no: 22,de.desy.language.snl.parser.nodes,QUALIFIED_NAME, line no: 6, 0.0, 0.0, 0.0, 0.0, 0.0
localStart,SIMPLE_NAME, line no: 22,@Override,MARKER_ANNOTATION, line no: 10, 0.0, 0.0, 0.0, 0.0, 0.0
preMatcher.start(),METHOD_INVOCATION, line no: 22,@Override,MARKER_ANNOTATION, line no: 10, 0.0, 0.0, 0.0, 0.0, 0.0
preMatcher,SIMPLE_NAME, line no: 22,de.desy.language.snl.parser.parser,QUALIFIED_NAME, line no: 1, 0.0, 0.0, 0.0, 0.0, 0.0
preMatcher,SIMPLE_NAME, line no: 22,de.desy.language.snl.parser,QUALIFIED_NAME, line no: 1, 0.0, 0.0, 0.0, 0.0, 0.0
preMatcher,SIMPLE_NAME, line no: 22,de.desy.language.snl,QUALIFIED_NAME, line no: 1, 0.0, 0.0, 0.0, 0.0, 0.0
preMatcher,SIMPLE_NAME, line no: 22,de.desy.language,QUALIFIED_NAME, line no: 1, 0.0, 0.0, 0.0, 0.0, 0.0
preMatcher,SIMPLE_NAME, line no: 22,de.desy,QUALIFIED_NAME, line no: 1, 0.0, 0.0, 0.0, 0.0, 0.0
preMatcher,SIMPLE_NAME, line no: 22,java.util.regex,QUALIFIED_NAME, line no: 3, 0.0, 0.0, 0.0, 0.0, 0.0
preMatcher,SIMPLE_NAME, line no: 22,java.util,QUALIFIED_NAME, line no: 3, 0.0, 0.0, 0.0, 0.0, 0.0
preMatcher,SIMPLE_NAME, line no: 22,java.util.regex.Pattern,QUALIFIED_NAME, line no: 4, 0.0, 0.0, 0.0, 0.0, 0.0
preMatcher,SIMPLE_NAME, line no: 22,de.desy.language.snl.parser.nodes.StateNode,QUALIFIED_NAME, line no: 6, 0.0, 0.0, 0.0, 0.0, 0.0
preMatcher,SIMPLE_NAME, line no: 22,de.desy.language.snl.parser.nodes,QUALIFIED_NAME, line no: 6, 0.0, 0.0, 0.0, 0.0, 0.0
preMatcher,SIMPLE_NAME, line no: 22,@Override,MARKER_ANNOTATION, line no: 10, 0.0, 0.0, 0.0, 0.0, 0.0
start,SIMPLE_NAME, line no: 22,de.desy.language.snl.parser.parser,QUALIFIED_NAME, line no: 1, 0.0, 0.0, 0.0, 0.0, 0.0
start,SIMPLE_NAME, line no: 22,de.desy.language.snl.parser,QUALIFIED_NAME, line no: 1, 0.0, 0.0, 0.0, 0.0, 0.0
start,SIMPLE_NAME, line no: 22,de.desy.language.snl,QUALIFIED_NAME, line no: 1, 0.0, 0.0, 0.0, 0.0, 0.0
start,SIMPLE_NAME, line no: 22,de.desy.language,QUALIFIED_NAME, line no: 1, 0.0, 0.0, 0.0, 0.0, 0.0
start,SIMPLE_NAME, line no: 22,de.desy,QUALIFIED_NAME, line no: 1, 0.0, 0.0, 0.0, 0.0, 0.0
start,SIMPLE_NAME, line no: 22,java.util.regex.Matcher,QUALIFIED_NAME, line no: 3, 0.0, 0.0, 0.0, 0.0, 0.0
start,SIMPLE_NAME, line no: 22,java.util.regex,QUALIFIED_NAME, line no: 3, 0.0, 0.0, 0.0, 0.0, 0.0
start,SIMPLE_NAME, line no: 22,java.util,QUALIFIED_NAME, line no: 3, 0.0, 0.0, 0.0, 0.0, 0.0
start,SIMPLE_NAME, line no: 22,java.util.regex.Pattern,QUALIFIED_NAME, line no: 4, 0.0, 0.0, 0.0, 0.0, 0.0
start,SIMPLE_NAME, line no: 22,de.desy.language.snl.parser.nodes.StateNode,QUALIFIED_NAME, line no: 6, 0.0, 0.0, 0.0, 0.0, 0.0
start,SIMPLE_NAME, line no: 22,de.desy.language.snl.parser.nodes,QUALIFIED_NAME, line no: 6, 0.0, 0.0, 0.0, 0.0, 0.0
start,SIMPLE_NAME, line no: 22,@Override,MARKER_ANNOTATION, line no: 10, 0.0, 0.0, 0.0, 0.0, 0.0
