arguments,SIMPLE_NAME, line no: 290,args,SIMPLE_NAME, line no: 77, 0.4444444444444444, 0.041666666666666664, 1.0, 0.4444444444444444
"\"" + antScript + "\"",INFIX_EXPRESSION, line no: 290,antScript != null,INFIX_EXPRESSION, line no: 106, 0.4384057971014493, 0.9166666666666666, 1.0, 0.4782608695652174
"\"",STRING_LITERAL, line no: 290,"",STRING_LITERAL, line no: 73, 0.42, 0.04, 1.0, 0.5
"\"",STRING_LITERAL, line no: 290,"",STRING_LITERAL, line no: 73, 0.42, 0.04, 1.0, 0.5
antScript,SIMPLE_NAME, line no: 290,toString,SIMPLE_NAME, line no: 122, 0.40888888888888886, 0.92, 1.0, 0.4444444444444444
arguments,SIMPLE_NAME, line no: 290,properties,SIMPLE_NAME, line no: 78, 0.4, 0.041666666666666664, 1.0, 0.4
"\"" + antScript + "\"",INFIX_EXPRESSION, line no: 290,antScript,SIMPLE_NAME, line no: 75, 0.391304347826087, 0.041666666666666664, 1.0, 0.391304347826087
"\"",STRING_LITERAL, line no: 290,"-D",STRING_LITERAL, line no: 322, 0.38, 0.56, 1.0, 0.5
"\"",STRING_LITERAL, line no: 290,"=",STRING_LITERAL, line no: 322, 0.38, 0.56, 1.0, 0.5
"\"",STRING_LITERAL, line no: 290,"-D",STRING_LITERAL, line no: 322, 0.38, 0.56, 1.0, 0.5
"\"",STRING_LITERAL, line no: 290,"=",STRING_LITERAL, line no: 322, 0.38, 0.56, 1.0, 0.5
antScript,SIMPLE_NAME, line no: 290,"\"" + antScript + "\"",INFIX_EXPRESSION, line no: 290, 0.3756521739130435, 0.96, 1.0, 0.391304347826087
antScript,SIMPLE_NAME, line no: 290,antWorkingDir,SIMPLE_NAME, line no: 71, 0.36923076923076925, 0.04, 1.0, 0.38461538461538464
antScript,SIMPLE_NAME, line no: 290,getProperty,SIMPLE_NAME, line no: 269, 0.36363636363636365, 0.36, 1.0, 0.36363636363636365
"\"",STRING_LITERAL, line no: 290,"java",STRING_LITERAL, line no: 292, 0.3333333333333333, 1.0, 1.0, 0.3333333333333333
antScript,SIMPLE_NAME, line no: 290,String,SIMPLE_NAME, line no: 68, 0.3333333333333333, 0.04, 1.0, 0.3333333333333333
antScript,SIMPLE_NAME, line no: 290,target,SIMPLE_NAME, line no: 73, 0.3333333333333333, 0.04, 1.0, 0.3333333333333333
"\"",STRING_LITERAL, line no: 290,"java",STRING_LITERAL, line no: 292, 0.3333333333333333, 1.0, 1.0, 0.3333333333333333
"\"" + antScript + "\"",INFIX_EXPRESSION, line no: 290,"Build timeout timer of ",STRING_LITERAL, line no: 158, 0.32, 1.0, 1.0, 0.32
"\"",STRING_LITERAL, line no: 290," ",STRING_LITERAL, line no: 117, 0.32, 0.64, 1.0, 0.5
"\"",STRING_LITERAL, line no: 290," ",STRING_LITERAL, line no: 117, 0.32, 0.64, 1.0, 0.5
"\"",STRING_LITERAL, line no: 290,"task",STRING_LITERAL, line no: 368, 0.30666666666666664, 0.92, 1.0, 0.3333333333333333
"\"",STRING_LITERAL, line no: 290,"task",STRING_LITERAL, line no: 368, 0.30666666666666664, 0.92, 1.0, 0.3333333333333333
arguments.add("\"" + antScript + "\""),METHOD_INVOCATION, line no: 290,"\"" + antScript + "\"",INFIX_EXPRESSION, line no: 290, 0.3026315789473684, 1.0, 0.5, 0.6052631578947368
"\"",STRING_LITERAL, line no: 290,"/C",STRING_LITERAL, line no: 288, 0.3, 0.6, 1.0, 0.5
"\"",STRING_LITERAL, line no: 290,"/C",STRING_LITERAL, line no: 288, 0.3, 0.6, 1.0, 0.5
"\"" + antScript + "\"",INFIX_EXPRESSION, line no: 290,arguments.add("\"" + antScript + "\""),METHOD_INVOCATION, line no: 290, 0.29002192982456143, 0.9583333333333334, 0.5, 0.6052631578947368
antScript,SIMPLE_NAME, line no: 290,sb.toString(),METHOD_INVOCATION, line no: 122, 0.2830769230769231, 0.92, 1.0, 0.3076923076923077
"\"",STRING_LITERAL, line no: 290,"error",STRING_LITERAL, line no: 160, 0.27428571428571424, 0.96, 1.0, 0.2857142857142857
"\"",STRING_LITERAL, line no: 290,"error",STRING_LITERAL, line no: 160, 0.27428571428571424, 0.96, 1.0, 0.2857142857142857
arguments.add("\"" + antScript + "\""),METHOD_INVOCATION, line no: 290,arguments.add("-classpath"),METHOD_INVOCATION, line no: 301, 0.2631578947368421, 1.0, 0.5, 0.5263157894736842
"\"",STRING_LITERAL, line no: 290,"build",STRING_LITERAL, line no: 159, 0.26285714285714284, 0.92, 1.0, 0.2857142857142857
"\"",STRING_LITERAL, line no: 290,"UTF-8",STRING_LITERAL, line no: 364, 0.26285714285714284, 0.92, 1.0, 0.2857142857142857
"\"",STRING_LITERAL, line no: 290,"build",STRING_LITERAL, line no: 159, 0.26285714285714284, 0.92, 1.0, 0.2857142857142857
"\"",STRING_LITERAL, line no: 290,"UTF-8",STRING_LITERAL, line no: 364, 0.26285714285714284, 0.92, 1.0, 0.2857142857142857
"\"" + antScript + "\"",INFIX_EXPRESSION, line no: 290," seconds has expired",STRING_LITERAL, line no: 158, 0.2608695652173913, 1.0, 1.0, 0.2608695652173913
"\"" + antScript + "\"",INFIX_EXPRESSION, line no: 290,"java.class.path",STRING_LITERAL, line no: 302, 0.2608695652173913, 1.0, 1.0, 0.2608695652173913
arguments.add("\"" + antScript + "\""),METHOD_INVOCATION, line no: 290,arguments.add("org.apache.tools.ant.Main"),METHOD_INVOCATION, line no: 303, 0.25, 1.0, 0.5, 0.5
"\"" + antScript + "\"",INFIX_EXPRESSION, line no: 290,"Executing Command: ",STRING_LITERAL, line no: 113, 0.25, 0.9583333333333334, 1.0, 0.2608695652173913
"\"" + antScript + "\"",INFIX_EXPRESSION, line no: 290,"build timeout",STRING_LITERAL, line no: 160, 0.25, 0.9583333333333334, 1.0, 0.2608695652173913
antScript,SIMPLE_NAME, line no: 290,"-classpath",STRING_LITERAL, line no: 301, 0.25, 1.0, 1.0, 0.25
"\"" + antScript + "\"",INFIX_EXPRESSION, line no: 290,"Error reading : ",STRING_LITERAL, line no: 379, 0.24094202898550726, 0.7916666666666666, 1.0, 0.30434782608695654
"\"" + antScript + "\"",INFIX_EXPRESSION, line no: 290,".  Saved as : ",STRING_LITERAL, line no: 380, 0.24094202898550726, 0.7916666666666666, 1.0, 0.30434782608695654
arguments.add("\"" + antScript + "\""),METHOD_INVOCATION, line no: 290,arguments.add("java"),METHOD_INVOCATION, line no: 292, 0.23684210526315788, 1.0, 0.5, 0.47368421052631576
arguments.add("\"" + antScript + "\""),METHOD_INVOCATION, line no: 290,arguments.add("-buildfile"),METHOD_INVOCATION, line no: 337, 0.23684210526315788, 1.0, 0.5, 0.47368421052631576
antScript,SIMPLE_NAME, line no: 290,"java.class.path",STRING_LITERAL, line no: 302, 0.23529411764705882, 1.0, 1.0, 0.23529411764705882
"\"" + antScript + "\"",INFIX_EXPRESSION, line no: 290,"] cannot be found",STRING_LITERAL, line no: 177, 0.23188405797101447, 0.6666666666666666, 1.0, 0.34782608695652173
"\"",STRING_LITERAL, line no: 290,"<build",STRING_LITERAL, line no: 358, 0.23, 0.92, 1.0, 0.25
"\"",STRING_LITERAL, line no: 290,"<build",STRING_LITERAL, line no: 358, 0.23, 0.92, 1.0, 0.25
"\"" + antScript + "\"",INFIX_EXPRESSION, line no: 290,"org.apache.tools.ant.Main",STRING_LITERAL, line no: 303, 0.2222222222222222, 1.0, 1.0, 0.2222222222222222
arguments.add("\"" + antScript + "\""),METHOD_INVOCATION, line no: 290,arguments.add("-listener"),METHOD_INVOCATION, line no: 312, 0.21739130434782608, 0.8695652173913043, 0.5, 0.5
"\"" + antScript + "\"",INFIX_EXPRESSION, line no: 290,"-classpath",STRING_LITERAL, line no: 301, 0.21739130434782608, 1.0, 1.0, 0.21739130434782608
arguments.add("\"" + antScript + "\""),METHOD_INVOCATION, line no: 290,useScript,SIMPLE_NAME, line no: 281, 0.21052631578947367, 0.043478260869565216, 1.0, 0.21052631578947367
"\"" + antScript + "\"",INFIX_EXPRESSION, line no: 290,antWorkingDir,SIMPLE_NAME, line no: 71, 0.20833333333333334, 0.041666666666666664, 1.0, 0.21739130434782608
"\"",STRING_LITERAL, line no: 290,"message",STRING_LITERAL, line no: 369, 0.20444444444444443, 0.92, 1.0, 0.2222222222222222
antScript,SIMPLE_NAME, line no: 290,beginning,SIMPLE_NAME, line no: 357, 0.20444444444444443, 0.92, 1.0, 0.2222222222222222
"\"",STRING_LITERAL, line no: 290,"message",STRING_LITERAL, line no: 369, 0.20444444444444443, 0.92, 1.0, 0.2222222222222222
arguments.add("\"" + antScript + "\""),METHOD_INVOCATION, line no: 290,arguments.add(System.getProperty("java.class.path")),METHOD_INVOCATION, line no: 302, 0.20192307692307693, 1.0, 0.5, 0.40384615384615385
antScript,SIMPLE_NAME, line no: 290,getFileContent,SIMPLE_NAME, line no: 166, 0.19714285714285715, 0.52, 1.0, 0.21428571428571427
arguments.add("\"" + antScript + "\""),METHOD_INVOCATION, line no: 290,arguments.add("-logger"),METHOD_INVOCATION, line no: 307, 0.19565217391304346, 0.8260869565217391, 0.5, 0.47368421052631576
arguments.add("\"" + antScript + "\""),METHOD_INVOCATION, line no: 290,arguments.add("-logfile"),METHOD_INVOCATION, line no: 309, 0.19565217391304346, 0.8260869565217391, 0.5, 0.47368421052631576
arguments.add("\"" + antScript + "\""),METHOD_INVOCATION, line no: 290,arguments.add(getLoggerClassName()),METHOD_INVOCATION, line no: 308, 0.19450800915331806, 0.8260869565217391, 0.5, 0.4473684210526316
antScript,SIMPLE_NAME, line no: 290,"build timeout",STRING_LITERAL, line no: 160, 0.192, 0.96, 1.0, 0.2
arguments.add("\"" + antScript + "\""),METHOD_INVOCATION, line no: 290,arguments.toArray(new String[arguments.size()]),METHOD_INVOCATION, line no: 345, 0.19148936170212766, 1.0, 0.5, 0.3829787234042553
"\"" + antScript + "\"",INFIX_EXPRESSION, line no: 290,"os.name = ",STRING_LITERAL, line no: 263, 0.1902173913043478, 0.875, 1.0, 0.21739130434782608
"\"" + antScript + "\"",INFIX_EXPRESSION, line no: 290,"isWindows = ",STRING_LITERAL, line no: 264, 0.1902173913043478, 0.875, 1.0, 0.21739130434782608
"\"",STRING_LITERAL, line no: 290,"Windows",STRING_LITERAL, line no: 262, 0.17777777777777778, 0.8, 1.0, 0.2222222222222222
"\"",STRING_LITERAL, line no: 290,"-logger",STRING_LITERAL, line no: 307, 0.17777777777777778, 0.8, 1.0, 0.2222222222222222
"\"",STRING_LITERAL, line no: 290,"Windows",STRING_LITERAL, line no: 262, 0.17777777777777778, 0.8, 1.0, 0.2222222222222222
"\"",STRING_LITERAL, line no: 290,"-logger",STRING_LITERAL, line no: 307, 0.17777777777777778, 0.8, 1.0, 0.2222222222222222
"\"" + antScript + "\"",INFIX_EXPRESSION, line no: 290,"Ant logfile [",STRING_LITERAL, line no: 175, 0.17391304347826086, 0.6666666666666666, 1.0, 0.2608695652173913
"\"" + antScript + "\"",INFIX_EXPRESSION, line no: 290,getProperty,SIMPLE_NAME, line no: 269, 0.17391304347826086, 0.375, 1.0, 0.17391304347826086
"\"" + antScript + "\"",INFIX_EXPRESSION, line no: 290,"\"",STRING_LITERAL, line no: 290, 0.17391304347826086, 1.0, 1.0, 0.17391304347826086
"\"",STRING_LITERAL, line no: 290,"\"" + antScript + "\"",INFIX_EXPRESSION, line no: 290, 0.16695652173913042, 0.96, 1.0, 0.17391304347826086
"\"",STRING_LITERAL, line no: 290,"\"" + antScript + "\"",INFIX_EXPRESSION, line no: 290, 0.16695652173913042, 0.96, 1.0, 0.17391304347826086
"\"",STRING_LITERAL, line no: 290,"-classpath",STRING_LITERAL, line no: 301, 0.16666666666666666, 1.0, 1.0, 0.16666666666666666
"\"",STRING_LITERAL, line no: 290,"-buildfile",STRING_LITERAL, line no: 337, 0.16666666666666666, 1.0, 1.0, 0.16666666666666666
"\"",STRING_LITERAL, line no: 290,"-classpath",STRING_LITERAL, line no: 301, 0.16666666666666666, 1.0, 1.0, 0.16666666666666666
"\"",STRING_LITERAL, line no: 290,"-buildfile",STRING_LITERAL, line no: 337, 0.16666666666666666, 1.0, 1.0, 0.16666666666666666
"\"",STRING_LITERAL, line no: 290,"-logfile",STRING_LITERAL, line no: 309, 0.16000000000000003, 0.8, 1.0, 0.2
"\"",STRING_LITERAL, line no: 290,"-logfile",STRING_LITERAL, line no: 309, 0.16000000000000003, 0.8, 1.0, 0.2
antScript,SIMPLE_NAME, line no: 290,arg,SIMPLE_NAME, line no: 115, 0.15999999999999998, 0.56, 1.0, 0.2222222222222222
antScript,SIMPLE_NAME, line no: 290,getArg,SIMPLE_NAME, line no: 295, 0.15999999999999998, 0.72, 1.0, 0.2222222222222222
"\"" + antScript + "\"",INFIX_EXPRESSION, line no: 290,toString,SIMPLE_NAME, line no: 122, 0.15942028985507245, 0.9166666666666666, 1.0, 0.17391304347826086
"\"" + antScript + "\"",INFIX_EXPRESSION, line no: 290,"-DXmlLogger.file=",STRING_LITERAL, line no: 314, 0.15942028985507245, 0.9166666666666666, 1.0, 0.17391304347826086
arguments.add("\"" + antScript + "\""),METHOD_INVOCATION, line no: 290,(String[])arguments.toArray(new String[arguments.size()]),CAST_EXPRESSION, line no: 345, 0.15789473684210525, 1.0, 0.5, 0.3157894736842105
arguments.add("\"" + antScript + "\""),METHOD_INVOCATION, line no: 290,new String[arguments.size()],ARRAY_CREATION, line no: 345, 0.15789473684210525, 1.0, 0.5, 0.3157894736842105
arguments.add("\"" + antScript + "\""),METHOD_INVOCATION, line no: 290,arguments.size(),METHOD_INVOCATION, line no: 345, 0.15789473684210525, 1.0, 0.5, 0.3157894736842105
antScript,SIMPLE_NAME, line no: 290,tempFileName,SIMPLE_NAME, line no: 74, 0.15333333333333332, 0.04, 1.0, 0.16666666666666666
"\"",STRING_LITERAL, line no: 290,"-listener",STRING_LITERAL, line no: 312, 0.15272727272727274, 0.84, 1.0, 0.18181818181818182
antScript,SIMPLE_NAME, line no: 290,"-listener",STRING_LITERAL, line no: 312, 0.15272727272727274, 0.84, 1.0, 0.18181818181818182
"\"",STRING_LITERAL, line no: 290,"-listener",STRING_LITERAL, line no: 312, 0.15272727272727274, 0.84, 1.0, 0.18181818181818182
"\"" + antScript + "\"",INFIX_EXPRESSION, line no: 290,"in directory ",STRING_LITERAL, line no: 120, 0.15217391304347827, 0.5833333333333334, 1.0, 0.2608695652173913
"\"" + antScript + "\"",INFIX_EXPRESSION, line no: 290,"-listener",STRING_LITERAL, line no: 312, 0.15217391304347827, 0.875, 1.0, 0.17391304347826086
antScript,SIMPLE_NAME, line no: 290,getCanonicalPath,SIMPLE_NAME, line no: 120, 0.15, 0.6, 1.0, 0.25
"\"" + antScript + "\"",INFIX_EXPRESSION, line no: 290,"org.apache.xerces.parsers.SAXParser",STRING_LITERAL, line no: 366, 0.14864864864864866, 0.9166666666666666, 1.0, 0.16216216216216217
antScript,SIMPLE_NAME, line no: 290,"org.apache.tools.ant.Main",STRING_LITERAL, line no: 303, 0.14814814814814814, 1.0, 1.0, 0.14814814814814814
"\"" + antScript + "\"",INFIX_EXPRESSION, line no: 290," does not exist.",STRING_LITERAL, line no: 354, 0.14492753623188406, 0.4166666666666667, 1.0, 0.34782608695652173
arguments.add("\"" + antScript + "\""),METHOD_INVOCATION, line no: 290,arguments.add("cmd.exe"),METHOD_INVOCATION, line no: 287, 0.14416475972540047, 0.6086956521739131, 0.5, 0.47368421052631576
add,SIMPLE_NAME, line no: 290,arguments.add("java"),METHOD_INVOCATION, line no: 292, 0.14285714285714285, 1.0, 1.0, 0.14285714285714285
add,SIMPLE_NAME, line no: 290,hasNext,SIMPLE_NAME, line no: 294, 0.14285714285714285, 1.0, 1.0, 0.14285714285714285
arguments.add("\"" + antScript + "\""),METHOD_INVOCATION, line no: 290,arguments.add(buildFile),METHOD_INVOCATION, line no: 338, 0.14035087719298245, 1.0, 0.3333333333333333, 0.42105263157894735
"\"",STRING_LITERAL, line no: 290,"-debug",STRING_LITERAL, line no: 333, 0.14, 0.56, 1.0, 0.25
"\"",STRING_LITERAL, line no: 290,"-debug",STRING_LITERAL, line no: 333, 0.14, 0.56, 1.0, 0.25
"\"",STRING_LITERAL, line no: 290,"os.name = ",STRING_LITERAL, line no: 263, 0.13999999999999999, 0.84, 1.0, 0.16666666666666666
"\"",STRING_LITERAL, line no: 290,"os.name = ",STRING_LITERAL, line no: 263, 0.13999999999999999, 0.84, 1.0, 0.16666666666666666
add,SIMPLE_NAME, line no: 290,equals,SIMPLE_NAME, line no: 321, 0.1388888888888889, 0.8333333333333334, 1.0, 0.16666666666666666
antScript,SIMPLE_NAME, line no: 290,getFileContent(file),METHOD_INVOCATION, line no: 357, 0.138, 0.92, 1.0, 0.15
arguments.add("\"" + antScript + "\""),METHOD_INVOCATION, line no: 290,arguments.add("/C"),METHOD_INVOCATION, line no: 288, 0.13615560640732266, 0.6086956521739131, 0.5, 0.4473684210526316
arguments.add("\"" + antScript + "\""),METHOD_INVOCATION, line no: 290,arguments.add("-verbose"),METHOD_INVOCATION, line no: 334, 0.13386727688787184, 0.5652173913043478, 0.5, 0.47368421052631576
"\"",STRING_LITERAL, line no: 290,"cmd.exe",STRING_LITERAL, line no: 287, 0.13333333333333333, 0.6, 1.0, 0.2222222222222222
"\"",STRING_LITERAL, line no: 290,"cmd.exe",STRING_LITERAL, line no: 287, 0.13333333333333333, 0.6, 1.0, 0.2222222222222222
arguments.add("\"" + antScript + "\""),METHOD_INVOCATION, line no: 290,antScript != null,INFIX_EXPRESSION, line no: 106, 0.13215102974828374, 0.9130434782608695, 0.5, 0.2894736842105263
arguments.add("\"" + antScript + "\""),METHOD_INVOCATION, line no: 290,hasMoreTokens,SIMPLE_NAME, line no: 341, 0.13157894736842105, 1.0, 1.0, 0.13157894736842105
"\"" + antScript + "\"",INFIX_EXPRESSION, line no: 290,String,SIMPLE_NAME, line no: 68, 0.13043478260869565, 0.041666666666666664, 1.0, 0.13043478260869565
"\"" + antScript + "\"",INFIX_EXPRESSION, line no: 290,target,SIMPLE_NAME, line no: 73, 0.13043478260869565, 0.041666666666666664, 1.0, 0.13043478260869565
"\"" + antScript + "\"",INFIX_EXPRESSION, line no: 290,"java",STRING_LITERAL, line no: 292, 0.13043478260869565, 1.0, 1.0, 0.13043478260869565
"\"" + antScript + "\"",INFIX_EXPRESSION, line no: 290,"-buildfile",STRING_LITERAL, line no: 337, 0.13043478260869565, 1.0, 1.0, 0.13043478260869565
arguments.add("\"" + antScript + "\""),METHOD_INVOCATION, line no: 290,arguments.add("-DXmlLogger.file=" + tempFileName),METHOD_INVOCATION, line no: 314, 0.13013901212658974, 0.8695652173913043, 0.3333333333333333, 0.4489795918367347
"\"",STRING_LITERAL, line no: 290,"build timeout",STRING_LITERAL, line no: 160, 0.128, 0.96, 1.0, 0.13333333333333333
antScript,SIMPLE_NAME, line no: 290,"Ant logfile [",STRING_LITERAL, line no: 175, 0.128, 0.64, 1.0, 0.2
"\"",STRING_LITERAL, line no: 290,"build timeout",STRING_LITERAL, line no: 160, 0.128, 0.96, 1.0, 0.13333333333333333
"\"" + antScript + "\"",INFIX_EXPRESSION, line no: 290,"ant logfile ",STRING_LITERAL, line no: 354, 0.12681159420289856, 0.4166666666666667, 1.0, 0.30434782608695654
antScript,SIMPLE_NAME, line no: 290,property.getName(),METHOD_INVOCATION, line no: 329, 0.12666666666666665, 0.76, 1.0, 0.16666666666666666
arguments.add("\"" + antScript + "\""),METHOD_INVOCATION, line no: 290,arguments.add("-debug"),METHOD_INVOCATION, line no: 333, 0.12643020594965673, 0.5652173913043478, 0.5, 0.4473684210526316
add,SIMPLE_NAME, line no: 290,arguments.add(buildFile),METHOD_INVOCATION, line no: 338, 0.125, 1.0, 1.0, 0.125
"\"" + antScript + "\"",INFIX_EXPRESSION, line no: 290,"error",STRING_LITERAL, line no: 160, 0.125, 0.9583333333333334, 1.0, 0.13043478260869565
antScript,SIMPLE_NAME, line no: 290,(String)buildProperties.get(key),CAST_EXPRESSION, line no: 320, 0.125, 0.8, 1.0, 0.15625
arguments.add("\"" + antScript + "\""),METHOD_INVOCATION, line no: 290,arguments.add(tempFileName),METHOD_INVOCATION, line no: 310, 0.12318840579710146, 0.8260869565217391, 0.3333333333333333, 0.4473684210526316
antScript,SIMPLE_NAME, line no: 290,(String)propertiesIterator.next(),CAST_EXPRESSION, line no: 319, 0.12121212121212122, 0.8, 1.0, 0.15151515151515152
antScript,SIMPLE_NAME, line no: 290,commandLine[i],ARRAY_ACCESS, line no: 115, 0.12000000000000001, 0.56, 1.0, 0.21428571428571427
"\"" + antScript + "\"",INFIX_EXPRESSION, line no: 290,"build tag not found in ",STRING_LITERAL, line no: 360, 0.12, 0.375, 1.0, 0.32
"\"",STRING_LITERAL, line no: 290,"isWindows = ",STRING_LITERAL, line no: 264, 0.12, 0.84, 1.0, 0.14285714285714285
antScript,SIMPLE_NAME, line no: 290,"Build timeout timer of ",STRING_LITERAL, line no: 158, 0.12, 1.0, 1.0, 0.12
antScript,SIMPLE_NAME, line no: 290,property.getValue(),METHOD_INVOCATION, line no: 329, 0.12, 0.76, 1.0, 0.15789473684210525
"\"",STRING_LITERAL, line no: 290,"isWindows = ",STRING_LITERAL, line no: 264, 0.12, 0.84, 1.0, 0.14285714285714285
"\"" + antScript + "\"",INFIX_EXPRESSION, line no: 290,"build",STRING_LITERAL, line no: 159, 0.11956521739130434, 0.9166666666666666, 1.0, 0.13043478260869565
"\"" + antScript + "\"",INFIX_EXPRESSION, line no: 290,getFileContent,SIMPLE_NAME, line no: 166, 0.11956521739130434, 0.5416666666666666, 1.0, 0.13043478260869565
"\"" + antScript + "\"",INFIX_EXPRESSION, line no: 290,"<build",STRING_LITERAL, line no: 358, 0.11956521739130434, 0.9166666666666666, 1.0, 0.13043478260869565
"\"" + antScript + "\"",INFIX_EXPRESSION, line no: 290,"task",STRING_LITERAL, line no: 368, 0.11956521739130434, 0.9166666666666666, 1.0, 0.13043478260869565
"\"" + antScript + "\"",INFIX_EXPRESSION, line no: 290,"message",STRING_LITERAL, line no: 369, 0.11956521739130434, 0.9166666666666666, 1.0, 0.13043478260869565
"\"",STRING_LITERAL, line no: 290,"java.class.path",STRING_LITERAL, line no: 302, 0.11764705882352941, 1.0, 1.0, 0.11764705882352941
"\"",STRING_LITERAL, line no: 290,"java.class.path",STRING_LITERAL, line no: 302, 0.11764705882352941, 1.0, 1.0, 0.11764705882352941
antScript,SIMPLE_NAME, line no: 290,"ant logfile ",STRING_LITERAL, line no: 354, 0.11428571428571428, 0.4, 1.0, 0.2857142857142857
"\"",STRING_LITERAL, line no: 290,"-verbose",STRING_LITERAL, line no: 334, 0.11200000000000002, 0.56, 1.0, 0.2
antScript,SIMPLE_NAME, line no: 290,"in directory ",STRING_LITERAL, line no: 120, 0.11200000000000002, 0.56, 1.0, 0.2
"\"",STRING_LITERAL, line no: 290,"-verbose",STRING_LITERAL, line no: 334, 0.11200000000000002, 0.56, 1.0, 0.2
arguments,SIMPLE_NAME, line no: 290,List,SIMPLE_NAME, line no: 77, 0.1111111111111111, 0.041666666666666664, 1.0, 0.1111111111111111
add,SIMPLE_NAME, line no: 290,arguments.add("-classpath"),METHOD_INVOCATION, line no: 301, 0.1111111111111111, 1.0, 1.0, 0.1111111111111111
add,SIMPLE_NAME, line no: 290,arguments.add("-buildfile"),METHOD_INVOCATION, line no: 337, 0.1111111111111111, 1.0, 1.0, 0.1111111111111111
antScript,SIMPLE_NAME, line no: 290,buildFile,SIMPLE_NAME, line no: 72, 0.1111111111111111, 0.04, 1.0, 0.1111111111111111
antScript,SIMPLE_NAME, line no: 290,"java",STRING_LITERAL, line no: 292, 0.1111111111111111, 1.0, 1.0, 0.1111111111111111
"\"" + antScript + "\"",INFIX_EXPRESSION, line no: 290,getCanonicalPath,SIMPLE_NAME, line no: 120, 0.10869565217391304, 0.625, 1.0, 0.17391304347826086
"\"" + antScript + "\"",INFIX_EXPRESSION, line no: 290,"Windows",STRING_LITERAL, line no: 262, 0.10869565217391304, 0.8333333333333334, 1.0, 0.13043478260869565
"\"" + antScript + "\"",INFIX_EXPRESSION, line no: 290,"-logger",STRING_LITERAL, line no: 307, 0.10869565217391304, 0.8333333333333334, 1.0, 0.13043478260869565
"\"" + antScript + "\"",INFIX_EXPRESSION, line no: 290,"-logfile",STRING_LITERAL, line no: 309, 0.10869565217391304, 0.8333333333333334, 1.0, 0.13043478260869565
antScript,SIMPLE_NAME, line no: 290,file.getName(),METHOD_INVOCATION, line no: 377, 0.10857142857142857, 0.76, 1.0, 0.14285714285714285
antScript,SIMPLE_NAME, line no: 290,System.getProperty("java.class.path"),METHOD_INVOCATION, line no: 302, 0.10810810810810811, 1.0, 1.0, 0.10810810810810811
antScript,SIMPLE_NAME, line no: 290,"error",STRING_LITERAL, line no: 160, 0.10666666666666666, 0.96, 1.0, 0.1111111111111111
add,SIMPLE_NAME, line no: 290,args.add(arg),METHOD_INVOCATION, line no: 250, 0.10576923076923077, 0.4583333333333333, 1.0, 0.23076923076923078
arguments.add("\"" + antScript + "\""),METHOD_INVOCATION, line no: 290,processKilled,SIMPLE_NAME, line no: 157, 0.10526315789473684, 1.0, 1.0, 0.10526315789473684
add,SIMPLE_NAME, line no: 290,arguments.add("-logger"),METHOD_INVOCATION, line no: 307, 0.10416666666666667, 0.8333333333333334, 1.0, 0.125
arguments.add("\"" + antScript + "\""),METHOD_INVOCATION, line no: 290,arguments.add("-D" + property.getName() + "="+ property.getValue()),METHOD_INVOCATION, line no: 329, 0.10296344365130866, 0.7391304347826086, 0.3333333333333333, 0.417910447761194
antScript,SIMPLE_NAME, line no: 290,this.antScript,FIELD_ACCESS, line no: 208, 0.10285714285714287, 0.16, 1.0, 0.6428571428571429
antScript,SIMPLE_NAME, line no: 290,"build",STRING_LITERAL, line no: 159, 0.10222222222222221, 0.92, 1.0, 0.1111111111111111
antScript,SIMPLE_NAME, line no: 290,"<build",STRING_LITERAL, line no: 358, 0.10222222222222221, 0.92, 1.0, 0.1111111111111111
antScript,SIMPLE_NAME, line no: 290,"task",STRING_LITERAL, line no: 368, 0.10222222222222221, 0.92, 1.0, 0.1111111111111111
antScript,SIMPLE_NAME, line no: 290,"message",STRING_LITERAL, line no: 369, 0.10222222222222221, 0.92, 1.0, 0.1111111111111111
add,SIMPLE_NAME, line no: 290,isWindows,SIMPLE_NAME, line no: 107, 0.10185185185185185, 0.9166666666666666, 1.0, 0.1111111111111111
antScript,SIMPLE_NAME, line no: 290,getAbsolutePath,SIMPLE_NAME, line no: 176, 0.10133333333333333, 0.68, 1.0, 0.13333333333333333
antScript,SIMPLE_NAME, line no: 290,"] cannot be found",STRING_LITERAL, line no: 177, 0.10105263157894737, 0.64, 1.0, 0.15789473684210525
add,SIMPLE_NAME, line no: 290,arguments.add("-logfile"),METHOD_INVOCATION, line no: 309, 0.1, 0.8333333333333334, 1.0, 0.12
antScript,SIMPLE_NAME, line no: 290,"org.apache.xerces.parsers.SAXParser",STRING_LITERAL, line no: 366, 0.09945945945945947, 0.92, 1.0, 0.10810810810810811
add,SIMPLE_NAME, line no: 290,renameTo,SIMPLE_NAME, line no: 378, 0.09895833333333333, 0.7916666666666666, 1.0, 0.125
antScript,SIMPLE_NAME, line no: 290,nextToken,SIMPLE_NAME, line no: 342, 0.09777777777777777, 0.44, 1.0, 0.2222222222222222
add,SIMPLE_NAME, line no: 290,arguments.add("-listener"),METHOD_INVOCATION, line no: 312, 0.09615384615384616, 0.8333333333333334, 1.0, 0.11538461538461539
"\"",STRING_LITERAL, line no: 290,".  Saved as : ",STRING_LITERAL, line no: 380, 0.095, 0.76, 1.0, 0.125
"\"",STRING_LITERAL, line no: 290,".  Saved as : ",STRING_LITERAL, line no: 380, 0.095, 0.76, 1.0, 0.125
antScript,SIMPLE_NAME, line no: 290,osName,SIMPLE_NAME, line no: 261, 0.09333333333333332, 0.8, 1.0, 0.1111111111111111
antScript,SIMPLE_NAME, line no: 290,"Windows",STRING_LITERAL, line no: 262, 0.09333333333333332, 0.84, 1.0, 0.1111111111111111
antScript,SIMPLE_NAME, line no: 290,"-logger",STRING_LITERAL, line no: 307, 0.09333333333333332, 0.84, 1.0, 0.1111111111111111
antScript,SIMPLE_NAME, line no: 290,getLoggerClassName,SIMPLE_NAME, line no: 308, 0.09333333333333332, 0.8, 1.0, 0.1111111111111111
antScript,SIMPLE_NAME, line no: 290,value,SIMPLE_NAME, line no: 320, 0.09333333333333332, 0.8, 1.0, 0.1111111111111111
"\"",STRING_LITERAL, line no: 290,"-DXmlLogger.file=",STRING_LITERAL, line no: 314, 0.09263157894736841, 0.88, 1.0, 0.10526315789473684
antScript,SIMPLE_NAME, line no: 290,"-DXmlLogger.file=",STRING_LITERAL, line no: 314, 0.09263157894736841, 0.88, 1.0, 0.10526315789473684
"\"",STRING_LITERAL, line no: 290,"-DXmlLogger.file=",STRING_LITERAL, line no: 314, 0.09263157894736841, 0.88, 1.0, 0.10526315789473684
add,SIMPLE_NAME, line no: 290,arguments.add(tempFileName),METHOD_INVOCATION, line no: 310, 0.09259259259259259, 0.8333333333333334, 1.0, 0.1111111111111111
add,SIMPLE_NAME, line no: 290,arguments.add("/C"),METHOD_INVOCATION, line no: 288, 0.09210526315789473, 0.5833333333333334, 1.0, 0.15789473684210525
"\"" + antScript + "\"",INFIX_EXPRESSION, line no: 290,"Was interrupted while waiting for Ant to finish.",STRING_LITERAL, line no: 148, 0.09166666666666667, 0.4583333333333333, 1.0, 0.2
antScript,SIMPLE_NAME, line no: 290,"Executing Command: ",STRING_LITERAL, line no: 113, 0.09142857142857141, 0.96, 1.0, 0.09523809523809523
"\"",STRING_LITERAL, line no: 290," seconds has expired",STRING_LITERAL, line no: 158, 0.09090909090909091, 1.0, 1.0, 0.09090909090909091
antScript,SIMPLE_NAME, line no: 290," seconds has expired",STRING_LITERAL, line no: 158, 0.09090909090909091, 1.0, 1.0, 0.09090909090909091
"\"",STRING_LITERAL, line no: 290," seconds has expired",STRING_LITERAL, line no: 158, 0.09090909090909091, 1.0, 1.0, 0.09090909090909091
antScript,SIMPLE_NAME, line no: 290,getOsName,SIMPLE_NAME, line no: 261, 0.08888888888888889, 0.8, 1.0, 0.1111111111111111
antScript,SIMPLE_NAME, line no: 290," does not exist.",STRING_LITERAL, line no: 354, 0.08888888888888889, 0.4, 1.0, 0.2222222222222222
antScript,SIMPLE_NAME, line no: 290,"Error reading : ",STRING_LITERAL, line no: 379, 0.08888888888888889, 0.8, 1.0, 0.1111111111111111
antScript,SIMPLE_NAME, line no: 290,System.currentTimeMillis() + file.getName(),INFIX_EXPRESSION, line no: 377, 0.08837209302325581, 0.76, 1.0, 0.11627906976744186
antScript,SIMPLE_NAME, line no: 290,saveFile.getAbsolutePath(),METHOD_INVOCATION, line no: 380, 0.0876923076923077, 0.76, 1.0, 0.11538461538461539
"\"",STRING_LITERAL, line no: 290,"Executing Command: ",STRING_LITERAL, line no: 113, 0.08761904761904762, 0.92, 1.0, 0.09523809523809523
"\"",STRING_LITERAL, line no: 290,"Executing Command: ",STRING_LITERAL, line no: 113, 0.08761904761904762, 0.92, 1.0, 0.09523809523809523
"\"" + antScript + "\"",INFIX_EXPRESSION, line no: 290," ",STRING_LITERAL, line no: 117, 0.08695652173913043, 0.6666666666666666, 1.0, 0.13043478260869565
arguments.add("\"" + antScript + "\""),METHOD_INVOCATION, line no: 290,arguments.add("-D" + key + "="+ value),METHOD_INVOCATION, line no: 322, 0.08581235697940504, 0.5217391304347826, 0.25, 0.6578947368421053
"\"",STRING_LITERAL, line no: 290,"Ant logfile [",STRING_LITERAL, line no: 175, 0.08533333333333333, 0.64, 1.0, 0.13333333333333333
"\"",STRING_LITERAL, line no: 290,"Ant logfile [",STRING_LITERAL, line no: 175, 0.08533333333333333, 0.64, 1.0, 0.13333333333333333
"\"",STRING_LITERAL, line no: 290,"Error reading : ",STRING_LITERAL, line no: 379, 0.08444444444444445, 0.76, 1.0, 0.1111111111111111
antScript,SIMPLE_NAME, line no: 290,getName,SIMPLE_NAME, line no: 329, 0.08444444444444445, 0.76, 1.0, 0.1111111111111111
antScript,SIMPLE_NAME, line no: 290,getValue,SIMPLE_NAME, line no: 329, 0.08444444444444445, 0.76, 1.0, 0.1111111111111111
"\"",STRING_LITERAL, line no: 290,"Error reading : ",STRING_LITERAL, line no: 379, 0.08444444444444445, 0.76, 1.0, 0.1111111111111111
antScript,SIMPLE_NAME, line no: 290,"-logfile",STRING_LITERAL, line no: 309, 0.084, 0.84, 1.0, 0.1
add,SIMPLE_NAME, line no: 290,isWindows(),METHOD_INVOCATION, line no: 107, 0.08333333333333333, 0.9166666666666666, 1.0, 0.09090909090909091
add,SIMPLE_NAME, line no: 290,i < commandLine.length,INFIX_EXPRESSION, line no: 114, 0.08333333333333333, 0.9166666666666666, 1.0, 0.09090909090909091
antScript,SIMPLE_NAME, line no: 290,"-buildfile",STRING_LITERAL, line no: 337, 0.08333333333333333, 1.0, 1.0, 0.08333333333333333
arguments.add("\"" + antScript + "\""),METHOD_INVOCATION, line no: 290,renameTo,SIMPLE_NAME, line no: 378, 0.08237986270022883, 0.782608695652174, 1.0, 0.10526315789473684
"\"" + antScript + "\"",INFIX_EXPRESSION, line no: 290,"cmd.exe",STRING_LITERAL, line no: 287, 0.08152173913043478, 0.625, 1.0, 0.13043478260869565
antScript,SIMPLE_NAME, line no: 290,getLoggerClassName(),METHOD_INVOCATION, line no: 308, 0.08000000000000002, 0.8, 1.0, 0.1
"\"",STRING_LITERAL, line no: 290,"Build timeout timer of ",STRING_LITERAL, line no: 158, 0.08, 1.0, 1.0, 0.08
"\"",STRING_LITERAL, line no: 290,"Build timeout timer of ",STRING_LITERAL, line no: 158, 0.08, 1.0, 1.0, 0.08
"\"",STRING_LITERAL, line no: 290,"os.name",STRING_LITERAL, line no: 269, 0.07999999999999999, 0.36, 1.0, 0.2222222222222222
"\"",STRING_LITERAL, line no: 290,"os.name",STRING_LITERAL, line no: 269, 0.07999999999999999, 0.36, 1.0, 0.2222222222222222
"\"" + antScript + "\"",INFIX_EXPRESSION, line no: 290,tempFileName,SIMPLE_NAME, line no: 74, 0.07971014492753623, 0.041666666666666664, 1.0, 0.08695652173913043
"\"" + antScript + "\"",INFIX_EXPRESSION, line no: 290,beginning,SIMPLE_NAME, line no: 357, 0.07971014492753623, 0.9166666666666666, 1.0, 0.08695652173913043
"\"" + antScript + "\"",INFIX_EXPRESSION, line no: 290,"UTF-8",STRING_LITERAL, line no: 364, 0.07971014492753623, 0.9166666666666666, 1.0, 0.08695652173913043
"\"" + antScript + "\"",INFIX_EXPRESSION, line no: 290," CruiseControl cannot continue.",STRING_LITERAL, line no: 128, 0.07954545454545454, 0.2916666666666667, 1.0, 0.2727272727272727
add,SIMPLE_NAME, line no: 290,osName.indexOf("Windows") > -1,INFIX_EXPRESSION, line no: 262, 0.07916666666666666, 0.7916666666666666, 1.0, 0.1
"\"" + antScript + "\"",INFIX_EXPRESSION, line no: 290," CruiseControl will continue  assuming that it completed",STRING_LITERAL, line no: 149, 0.07902298850574713, 0.4583333333333333, 1.0, 0.1724137931034483
arguments.add("\"" + antScript + "\""),METHOD_INVOCATION, line no: 290,useLogger,SIMPLE_NAME, line no: 76, 0.07894736842105263, 0.043478260869565216, 1.0, 0.07894736842105263
arguments.add("\"" + antScript + "\""),METHOD_INVOCATION, line no: 290,exists,SIMPLE_NAME, line no: 164, 0.07894736842105263, 0.9565217391304348, 1.0, 0.07894736842105263
arguments.add("\"" + antScript + "\""),METHOD_INVOCATION, line no: 290,add,SIMPLE_NAME, line no: 250, 0.07894736842105263, 0.5217391304347826, 1.0, 0.07894736842105263
arguments.add("\"" + antScript + "\""),METHOD_INVOCATION, line no: 290,hasNext,SIMPLE_NAME, line no: 294, 0.07894736842105263, 1.0, 1.0, 0.07894736842105263
antScript,SIMPLE_NAME, line no: 290,workingDir.getCanonicalPath(),METHOD_INVOCATION, line no: 120, 0.07724137931034483, 0.56, 1.0, 0.13793103448275862
add,SIMPLE_NAME, line no: 290,processKilled,SIMPLE_NAME, line no: 157, 0.07692307692307693, 1.0, 1.0, 0.07692307692307693
add,SIMPLE_NAME, line no: 290,hasMoreTokens,SIMPLE_NAME, line no: 341, 0.07692307692307693, 1.0, 1.0, 0.07692307692307693
"\"" + antScript + "\"",INFIX_EXPRESSION, line no: 290,"Exception trying to close Process streams.",STRING_LITERAL, line no: 151, 0.07670454545454546, 0.375, 1.0, 0.20454545454545456
"\"",STRING_LITERAL, line no: 290,"os.name = " + osName,INFIX_EXPRESSION, line no: 263, 0.0761904761904762, 0.8, 1.0, 0.09523809523809523
"\"",STRING_LITERAL, line no: 290,"os.name = " + osName,INFIX_EXPRESSION, line no: 263, 0.0761904761904762, 0.8, 1.0, 0.09523809523809523
"\"" + antScript + "\"",INFIX_EXPRESSION, line no: 290,"",STRING_LITERAL, line no: 73, 0.07608695652173914, 0.041666666666666664, 1.0, 0.08695652173913043
"\"" + antScript + "\"",INFIX_EXPRESSION, line no: 290,"-verbose",STRING_LITERAL, line no: 334, 0.07608695652173914, 0.5833333333333334, 1.0, 0.13043478260869565
antScript,SIMPLE_NAME, line no: 290,((JVMArg)argsIterator.next()).getArg(),METHOD_INVOCATION, line no: 295, 0.07578947368421052, 0.72, 1.0, 0.10526315789473684
add,SIMPLE_NAME, line no: 290,arguments.add("\"" + antScript + "\""),METHOD_INVOCATION, line no: 290, 0.0756578947368421, 0.9583333333333334, 1.0, 0.07894736842105263
"\"",STRING_LITERAL, line no: 290,"in directory ",STRING_LITERAL, line no: 120, 0.07466666666666667, 0.56, 1.0, 0.13333333333333333
"\"",STRING_LITERAL, line no: 290,"in directory ",STRING_LITERAL, line no: 120, 0.07466666666666667, 0.56, 1.0, 0.13333333333333333
antScript,SIMPLE_NAME, line no: 290,"-DXmlLogger.file=" + tempFileName,INFIX_EXPRESSION, line no: 314, 0.07411764705882354, 0.84, 1.0, 0.08823529411764706
"\"",STRING_LITERAL, line no: 290,"org.apache.tools.ant.Main",STRING_LITERAL, line no: 303, 0.07407407407407407, 1.0, 1.0, 0.07407407407407407
"\"",STRING_LITERAL, line no: 290,"org.apache.tools.ant.Main",STRING_LITERAL, line no: 303, 0.07407407407407407, 1.0, 1.0, 0.07407407407407407
antScript,SIMPLE_NAME, line no: 290,"os.name = ",STRING_LITERAL, line no: 263, 0.07333333333333333, 0.88, 1.0, 0.08333333333333333
add,SIMPLE_NAME, line no: 290,arguments.add("cmd.exe"),METHOD_INVOCATION, line no: 287, 0.07291666666666667, 0.5833333333333334, 1.0, 0.125
antScript,SIMPLE_NAME, line no: 290,getOsName(),METHOD_INVOCATION, line no: 261, 0.07272727272727274, 0.8, 1.0, 0.09090909090909091
"\"" + antScript + "\"",INFIX_EXPRESSION, line no: 290,getLoggerClassName,SIMPLE_NAME, line no: 308, 0.07246376811594203, 0.7916666666666666, 1.0, 0.08695652173913043
add,SIMPLE_NAME, line no: 290,arguments.add(getLoggerClassName()),METHOD_INVOCATION, line no: 308, 0.07142857142857144, 0.8333333333333334, 1.0, 0.08571428571428572
add,SIMPLE_NAME, line no: 290,arguments.add("org.apache.tools.ant.Main"),METHOD_INVOCATION, line no: 303, 0.07142857142857142, 1.0, 1.0, 0.07142857142857142
add,SIMPLE_NAME, line no: 290,arguments.add("-debug"),METHOD_INVOCATION, line no: 333, 0.07065217391304347, 0.5416666666666666, 1.0, 0.13043478260869565
antScript,SIMPLE_NAME, line no: 290,file.getAbsolutePath(),METHOD_INVOCATION, line no: 354, 0.06909090909090909, 0.4, 1.0, 0.09090909090909091
"\"" + antScript + "\"",INFIX_EXPRESSION, line no: 290,"-D",STRING_LITERAL, line no: 322, 0.06884057971014493, 0.5833333333333334, 1.0, 0.08695652173913043
"\"" + antScript + "\"",INFIX_EXPRESSION, line no: 290,"=",STRING_LITERAL, line no: 322, 0.06884057971014493, 0.5833333333333334, 1.0, 0.08695652173913043
"\"",STRING_LITERAL, line no: 290,"-D" + key + "="+ value,INFIX_EXPRESSION, line no: 322, 0.06782608695652174, 0.52, 1.0, 0.13043478260869565
"\"",STRING_LITERAL, line no: 290,"-D" + key + "="+ value,INFIX_EXPRESSION, line no: 322, 0.06782608695652174, 0.52, 1.0, 0.13043478260869565
"\"",STRING_LITERAL, line no: 290,"] cannot be found",STRING_LITERAL, line no: 177, 0.06736842105263158, 0.64, 1.0, 0.10526315789473684
"\"",STRING_LITERAL, line no: 290,"] cannot be found",STRING_LITERAL, line no: 177, 0.06736842105263158, 0.64, 1.0, 0.10526315789473684
antScript,SIMPLE_NAME, line no: 290,"Build timeout timer of " + timeout + " seconds has expired",INFIX_EXPRESSION, line no: 158, 0.06666666666666667, 1.0, 1.0, 0.06666666666666667
antScript,SIMPLE_NAME, line no: 290,"cmd.exe",STRING_LITERAL, line no: 287, 0.06666666666666667, 0.6, 1.0, 0.1111111111111111
antScript,SIMPLE_NAME, line no: 290,string,SIMPLE_NAME, line no: 419, 0.06666666666666667, 0.04, 1.0, 0.3333333333333333
"\"" + antScript + "\"",INFIX_EXPRESSION, line no: 290,getAbsolutePath,SIMPLE_NAME, line no: 176, 0.06521739130434782, 0.7083333333333334, 1.0, 0.08695652173913043
"\"" + antScript + "\"",INFIX_EXPRESSION, line no: 290,this.antScript,FIELD_ACCESS, line no: 208, 0.06521739130434782, 0.16666666666666666, 1.0, 0.391304347826087
add,SIMPLE_NAME, line no: 290,arguments.add("-verbose"),METHOD_INVOCATION, line no: 334, 0.06499999999999999, 0.5416666666666666, 1.0, 0.12
antScript,SIMPLE_NAME, line no: 290,"isWindows = " + isWindows,INFIX_EXPRESSION, line no: 264, 0.06461538461538462, 0.84, 1.0, 0.07692307692307693
add,SIMPLE_NAME, line no: 290,arg != null,INFIX_EXPRESSION, line no: 297, 0.06439393939393939, 0.7083333333333334, 1.0, 0.09090909090909091
add,SIMPLE_NAME, line no: 290,value != null,INFIX_EXPRESSION, line no: 321, 0.06410256410256411, 0.8333333333333334, 1.0, 0.07692307692307693
antScript,SIMPLE_NAME, line no: 290,targets.nextToken(),METHOD_INVOCATION, line no: 342, 0.06315789473684211, 0.4, 1.0, 0.15789473684210525
antScript,SIMPLE_NAME, line no: 290,"isWindows = ",STRING_LITERAL, line no: 264, 0.06285714285714285, 0.88, 1.0, 0.07142857142857142
antScript,SIMPLE_NAME, line no: 290,getFileContent(logFile),METHOD_INVOCATION, line no: 166, 0.0626086956521739, 0.48, 1.0, 0.13043478260869565
add,SIMPLE_NAME, line no: 290,delete,SIMPLE_NAME, line no: 182, 0.0625, 0.375, 1.0, 0.16666666666666666
add,SIMPLE_NAME, line no: 290,arguments.add(arg),METHOD_INVOCATION, line no: 298, 0.0625, 0.375, 1.0, 0.16666666666666666
"\"" + antScript + "\"",INFIX_EXPRESSION, line no: 290,this.antScript=antScript,ASSIGNMENT, line no: 208, 0.0625, 0.16666666666666666, 1.0, 0.375
arguments.add("\"" + antScript + "\""),METHOD_INVOCATION, line no: 290,arguments.add(targets.nextToken()),METHOD_INVOCATION, line no: 342, 0.06178489702517162, 0.391304347826087, 0.3333333333333333, 0.47368421052631576
"\"" + antScript + "\"",INFIX_EXPRESSION, line no: 290,arg,SIMPLE_NAME, line no: 115, 0.06159420289855073, 0.5416666666666666, 1.0, 0.08695652173913043
"\"" + antScript + "\"",INFIX_EXPRESSION, line no: 290,getArg,SIMPLE_NAME, line no: 295, 0.06159420289855073, 0.7083333333333334, 1.0, 0.08695652173913043
"\"",STRING_LITERAL, line no: 290,"isWindows = " + isWindows,INFIX_EXPRESSION, line no: 264, 0.06153846153846154, 0.8, 1.0, 0.07692307692307693
"\"",STRING_LITERAL, line no: 290,"isWindows = " + isWindows,INFIX_EXPRESSION, line no: 264, 0.06153846153846154, 0.8, 1.0, 0.07692307692307693
antScript,SIMPLE_NAME, line no: 290,this.antScript=antScript,ASSIGNMENT, line no: 208, 0.06, 0.16, 1.0, 0.375
antScript,SIMPLE_NAME, line no: 290,"-D" + property.getName() + "="+ property.getValue(),INFIX_EXPRESSION, line no: 329, 0.05846153846153847, 0.76, 1.0, 0.07692307692307693
arguments.add("\"" + antScript + "\""),METHOD_INVOCATION, line no: 290,arguments.add(arg),METHOD_INVOCATION, line no: 298, 0.05835240274599542, 0.391304347826087, 0.3333333333333333, 0.4473684210526316
arguments.add("\"" + antScript + "\""),METHOD_INVOCATION, line no: 290,getCommandLineArgs(buildProperties useLogger antScript != null isWindows()),METHOD_INVOCATION, line no: 104, 0.05782608695652174, 0.9130434782608695, 0.25, 0.25333333333333335
add,SIMPLE_NAME, line no: 290,arguments.add(System.getProperty("java.class.path")),METHOD_INVOCATION, line no: 302, 0.057692307692307696, 1.0, 1.0, 0.057692307692307696
antScript,SIMPLE_NAME, line no: 290,"build tag not found in ",STRING_LITERAL, line no: 360, 0.0576, 0.36, 1.0, 0.16
add,SIMPLE_NAME, line no: 290,properties.add(property),METHOD_INVOCATION, line no: 256, 0.057291666666666664, 0.4583333333333333, 1.0, 0.125
"\"",STRING_LITERAL, line no: 290,"ant logfile ",STRING_LITERAL, line no: 354, 0.05714285714285714, 0.4, 1.0, 0.14285714285714285
"\"",STRING_LITERAL, line no: 290,"ant logfile ",STRING_LITERAL, line no: 354, 0.05714285714285714, 0.4, 1.0, 0.14285714285714285
antScript,SIMPLE_NAME, line no: 290,"-verbose",STRING_LITERAL, line no: 334, 0.05600000000000001, 0.56, 1.0, 0.1
add,SIMPLE_NAME, line no: 290,killed,SIMPLE_NAME, line no: 459, 0.05555555555555555, 0.041666666666666664, 1.0, 0.16666666666666666
antScript,SIMPLE_NAME, line no: 290,"in directory " + workingDir.getCanonicalPath(),INFIX_EXPRESSION, line no: 120, 0.055319148936170216, 0.52, 1.0, 0.10638297872340426
"\"" + antScript + "\"",INFIX_EXPRESSION, line no: 290,"/C",STRING_LITERAL, line no: 288, 0.05434782608695652, 0.625, 1.0, 0.08695652173913043
add,SIMPLE_NAME, line no: 290,antScript != null,INFIX_EXPRESSION, line no: 106, 0.053921568627450976, 0.9166666666666666, 1.0, 0.058823529411764705
antScript,SIMPLE_NAME, line no: 290,"Was interrupted while waiting for Ant to finish.",STRING_LITERAL, line no: 148, 0.0528, 0.44, 1.0, 0.12
arguments.add("\"" + antScript + "\""),METHOD_INVOCATION, line no: 290,useDebug,SIMPLE_NAME, line no: 79, 0.05263157894736842, 0.043478260869565216, 1.0, 0.05263157894736842
add,SIMPLE_NAME, line no: 290,value.equals(""),METHOD_INVOCATION, line no: 321, 0.052083333333333336, 0.8333333333333334, 1.0, 0.0625
"\"",STRING_LITERAL, line no: 290,System.getProperty("java.class.path"),METHOD_INVOCATION, line no: 302, 0.051891891891891896, 0.96, 1.0, 0.05405405405405406
"\"",STRING_LITERAL, line no: 290,System.getProperty("java.class.path"),METHOD_INVOCATION, line no: 302, 0.051891891891891896, 0.96, 1.0, 0.05405405405405406
"\"" + antScript + "\"",INFIX_EXPRESSION, line no: 290,"Encountered an IO exception while attempting to execute Ant.",STRING_LITERAL, line no: 127, 0.05174731182795699, 0.2916666666666667, 1.0, 0.1774193548387097
antScript,SIMPLE_NAME, line no: 290,logFile.getAbsolutePath(),METHOD_INVOCATION, line no: 176, 0.0512, 0.64, 1.0, 0.08
add,SIMPLE_NAME, line no: 290,arguments.add("-DXmlLogger.file=" + tempFileName),METHOD_INVOCATION, line no: 314, 0.05102040816326531, 0.8333333333333334, 1.0, 0.061224489795918366
"\"" + antScript + "\"",INFIX_EXPRESSION, line no: 290,"-debug",STRING_LITERAL, line no: 333, 0.050724637681159424, 0.5833333333333334, 1.0, 0.08695652173913043
antScript,SIMPLE_NAME, line no: 290,"Error reading : " + file.getAbsolutePath() + ".  Saved as : "+ saveFile.getAbsolutePath(),INFIX_EXPRESSION, line no: 379, 0.050666666666666665, 0.76, 1.0, 0.06666666666666667
"\"",STRING_LITERAL, line no: 290,"Build timeout timer of " + timeout + " seconds has expired",INFIX_EXPRESSION, line no: 158, 0.05, 1.0, 1.0, 0.05
antScript,SIMPLE_NAME, line no: 290,".  Saved as : ",STRING_LITERAL, line no: 380, 0.05, 0.8, 1.0, 0.0625
"\"",STRING_LITERAL, line no: 290,"Build timeout timer of " + timeout + " seconds has expired",INFIX_EXPRESSION, line no: 158, 0.05, 1.0, 1.0, 0.05
"\"",STRING_LITERAL, line no: 290,"org.apache.xerces.parsers.SAXParser",STRING_LITERAL, line no: 366, 0.049729729729729735, 0.92, 1.0, 0.05405405405405406
"\"",STRING_LITERAL, line no: 290,"org.apache.xerces.parsers.SAXParser",STRING_LITERAL, line no: 366, 0.049729729729729735, 0.92, 1.0, 0.05405405405405406
"\"",STRING_LITERAL, line no: 290,"-DXmlLogger.file=" + tempFileName,INFIX_EXPRESSION, line no: 314, 0.04941176470588235, 0.84, 1.0, 0.058823529411764705
"\"",STRING_LITERAL, line no: 290,"-DXmlLogger.file=" + tempFileName,INFIX_EXPRESSION, line no: 314, 0.04941176470588235, 0.84, 1.0, 0.058823529411764705
add,SIMPLE_NAME, line no: 290,!value.equals(""),PREFIX_EXPRESSION, line no: 321, 0.049019607843137254, 0.8333333333333334, 1.0, 0.058823529411764705
"\"" + antScript + "\"",INFIX_EXPRESSION, line no: 290,"os.name",STRING_LITERAL, line no: 269, 0.048913043478260865, 0.375, 1.0, 0.13043478260869565
arguments.add("\"" + antScript + "\""),METHOD_INVOCATION, line no: 290,isWindows,SIMPLE_NAME, line no: 107, 0.04805491990846682, 0.9130434782608695, 1.0, 0.05263157894736842
antScript,SIMPLE_NAME, line no: 290,antWorkingDir=dir,ASSIGNMENT, line no: 198, 0.047058823529411764, 0.16, 1.0, 0.29411764705882354
add,SIMPLE_NAME, line no: 290,antWorkingDir != null,INFIX_EXPRESSION, line no: 110, 0.04563492063492063, 0.9166666666666666, 1.0, 0.047619047619047616
antScript,SIMPLE_NAME, line no: 290," CruiseControl will continue  assuming that it completed",STRING_LITERAL, line no: 149, 0.04551724137931035, 0.44, 1.0, 0.10344827586206896
add,SIMPLE_NAME, line no: 290,killer.processKilled(),METHOD_INVOCATION, line no: 157, 0.045454545454545456, 1.0, 1.0, 0.045454545454545456
add,SIMPLE_NAME, line no: 290,argsIterator.hasNext(),METHOD_INVOCATION, line no: 294, 0.045454545454545456, 1.0, 1.0, 0.045454545454545456
"\"" + antScript + "\"",INFIX_EXPRESSION, line no: 290,getCommandLineArgs(buildProperties useLogger antScript != null isWindows()),METHOD_INVOCATION, line no: 104, 0.04481481481481481, 0.9166666666666666, 0.3333333333333333, 0.14666666666666667
"\"",STRING_LITERAL, line no: 290," does not exist.",STRING_LITERAL, line no: 354, 0.044444444444444446, 0.4, 1.0, 0.1111111111111111
"\"",STRING_LITERAL, line no: 290," does not exist.",STRING_LITERAL, line no: 354, 0.044444444444444446, 0.4, 1.0, 0.1111111111111111
add,SIMPLE_NAME, line no: 290,arg.length() > 0,INFIX_EXPRESSION, line no: 297, 0.044270833333333336, 0.7083333333333334, 1.0, 0.0625
antScript,SIMPLE_NAME, line no: 290,System.getProperty("os.name"),METHOD_INVOCATION, line no: 269, 0.04413793103448276, 0.32, 1.0, 0.13793103448275862
antScript,SIMPLE_NAME, line no: 290,this.target,FIELD_ACCESS, line no: 226, 0.04363636363636363, 0.16, 1.0, 0.2727272727272727
arguments.add("\"" + antScript + "\""),METHOD_INVOCATION, line no: 290,equals,SIMPLE_NAME, line no: 321, 0.043478260869565216, 0.8260869565217391, 1.0, 0.05263157894736842
add,SIMPLE_NAME, line no: 290,targets.hasMoreTokens(),METHOD_INVOCATION, line no: 341, 0.043478260869565216, 1.0, 1.0, 0.043478260869565216
"\"" + antScript + "\"",INFIX_EXPRESSION, line no: 290,buildFile,SIMPLE_NAME, line no: 72, 0.043478260869565216, 0.041666666666666664, 1.0, 0.043478260869565216
antScript,SIMPLE_NAME, line no: 290," CruiseControl cannot continue.",STRING_LITERAL, line no: 128, 0.04242424242424243, 0.28, 1.0, 0.15151515151515152
add,SIMPLE_NAME, line no: 290,debug,SIMPLE_NAME, line no: 411, 0.04166666666666667, 0.041666666666666664, 1.0, 0.2
"\"",STRING_LITERAL, line no: 290,"-D" + property.getName() + "="+ property.getValue(),INFIX_EXPRESSION, line no: 329, 0.04153846153846154, 0.72, 1.0, 0.057692307692307696
"\"",STRING_LITERAL, line no: 290,"-D" + property.getName() + "="+ property.getValue(),INFIX_EXPRESSION, line no: 329, 0.04153846153846154, 0.72, 1.0, 0.057692307692307696
antScript,SIMPLE_NAME, line no: 290,"Exception trying to close Process streams.",STRING_LITERAL, line no: 151, 0.04090909090909091, 0.36, 1.0, 0.11363636363636363
antScript,SIMPLE_NAME, line no: 290,"os.name = " + osName,INFIX_EXPRESSION, line no: 263, 0.039999999999999994, 0.84, 1.0, 0.047619047619047616
antScript,SIMPLE_NAME, line no: 290,"os.name",STRING_LITERAL, line no: 269, 0.039999999999999994, 0.36, 1.0, 0.1111111111111111
add,SIMPLE_NAME, line no: 290,(antWorkingDir != null),PARENTHESIZED_EXPRESSION, line no: 110, 0.03985507246376811, 0.9166666666666666, 1.0, 0.043478260869565216
"\"" + antScript + "\"",INFIX_EXPRESSION, line no: 290,nextToken,SIMPLE_NAME, line no: 342, 0.03985507246376811, 0.4583333333333333, 1.0, 0.08695652173913043
add,SIMPLE_NAME, line no: 290,arguments.add("-D" + key + "="+ value),METHOD_INVOCATION, line no: 322, 0.039473684210526314, 0.5, 1.0, 0.07894736842105263
"\"" + antScript + "\"",INFIX_EXPRESSION, line no: 290,"'target' is a required attribute on AntBuilder",STRING_LITERAL, line no: 91, 0.03819444444444444, 0.16666666666666666, 1.0, 0.22916666666666666
antScript,SIMPLE_NAME, line no: 290,"Ant logfile [" + logFile.getAbsolutePath() + "] cannot be found",INFIX_EXPRESSION, line no: 175, 0.036923076923076927, 0.6, 1.0, 0.06153846153846154
"\"" + antScript + "\"",INFIX_EXPRESSION, line no: 290,osName,SIMPLE_NAME, line no: 261, 0.036231884057971016, 0.7916666666666666, 1.0, 0.043478260869565216
"\"" + antScript + "\"",INFIX_EXPRESSION, line no: 290,value,SIMPLE_NAME, line no: 320, 0.036231884057971016, 0.7916666666666666, 1.0, 0.043478260869565216
add,SIMPLE_NAME, line no: 290,character == -1,INFIX_EXPRESSION, line no: 390, 0.03611111111111111, 0.5416666666666666, 1.0, 0.06666666666666667
"\"" + antScript + "\"",INFIX_EXPRESSION, line no: 290,"'buildfile' is a required attribute on AntBuilder",STRING_LITERAL, line no: 87, 0.03594771241830065, 0.16666666666666666, 1.0, 0.21568627450980393
add,SIMPLE_NAME, line no: 290,propertiesIterator.hasNext(),METHOD_INVOCATION, line no: 318, 0.03571428571428571, 1.0, 1.0, 0.03571428571428571
antScript,SIMPLE_NAME, line no: 290,this.target=target,ASSIGNMENT, line no: 226, 0.035555555555555556, 0.16, 1.0, 0.2222222222222222
antScript,SIMPLE_NAME, line no: 290,this.arg,FIELD_ACCESS, line no: 427, 0.035555555555555556, 0.16, 1.0, 0.2222222222222222
antScript,SIMPLE_NAME, line no: 290,this.name,FIELD_ACCESS, line no: 440, 0.035555555555555556, 0.16, 1.0, 0.2222222222222222
add,SIMPLE_NAME, line no: 290,file.renameTo(saveFile),METHOD_INVOCATION, line no: 378, 0.034420289855072464, 0.7916666666666666, 1.0, 0.043478260869565216
"\"" + antScript + "\"",INFIX_EXPRESSION, line no: 290,getOsName,SIMPLE_NAME, line no: 261, 0.034420289855072464, 0.7916666666666666, 1.0, 0.043478260869565216
add,SIMPLE_NAME, line no: 290,arguments.add("-D" + property.getName() + "="+ property.getValue()),METHOD_INVOCATION, line no: 329, 0.033582089552238806, 0.75, 1.0, 0.04477611940298507
add,SIMPLE_NAME, line no: 290,arguments.add(targets.nextToken()),METHOD_INVOCATION, line no: 342, 0.03308823529411765, 0.375, 1.0, 0.08823529411764706
add,SIMPLE_NAME, line no: 290,target == null,INFIX_EXPRESSION, line no: 90, 0.03273809523809523, 0.4583333333333333, 1.0, 0.07142857142857142
"\"" + antScript + "\"",INFIX_EXPRESSION, line no: 290,getName,SIMPLE_NAME, line no: 329, 0.03260869565217391, 0.75, 1.0, 0.043478260869565216
"\"" + antScript + "\"",INFIX_EXPRESSION, line no: 290,getValue,SIMPLE_NAME, line no: 329, 0.03260869565217391, 0.75, 1.0, 0.043478260869565216
add,SIMPLE_NAME, line no: 290,antPropertiesIterator.hasNext(),METHOD_INVOCATION, line no: 327, 0.03225806451612903, 1.0, 1.0, 0.03225806451612903
antScript,SIMPLE_NAME, line no: 290,"build tag not found in " + file.getAbsolutePath(),INFIX_EXPRESSION, line no: 360, 0.032, 0.32, 1.0, 0.1
antScript,SIMPLE_NAME, line no: 290,this.value,FIELD_ACCESS, line no: 448, 0.032, 0.16, 1.0, 0.2
antScript,SIMPLE_NAME, line no: 290,"ant logfile " + file.getAbsolutePath() + " does not exist.",INFIX_EXPRESSION, line no: 354, 0.03, 0.36, 1.0, 0.08333333333333333
arguments.add("\"" + antScript + "\""),METHOD_INVOCATION, line no: 290,this.antScript=antScript,ASSIGNMENT, line no: 208, 0.029748283752860413, 0.17391304347826086, 0.5, 0.34210526315789475
antScript,SIMPLE_NAME, line no: 290,loggerClassName=string,ASSIGNMENT, line no: 420, 0.02909090909090909, 0.16, 1.0, 0.18181818181818182
"\"",STRING_LITERAL, line no: 290,"build tag not found in ",STRING_LITERAL, line no: 360, 0.0288, 0.36, 1.0, 0.08
"\"",STRING_LITERAL, line no: 290,"build tag not found in ",STRING_LITERAL, line no: 360, 0.0288, 0.36, 1.0, 0.08
antScript,SIMPLE_NAME, line no: 290,this.tempFileName,FIELD_ACCESS, line no: 217, 0.02823529411764706, 0.16, 1.0, 0.17647058823529413
"\"",STRING_LITERAL, line no: 290,"Ant logfile [" + logFile.getAbsolutePath() + "] cannot be found",INFIX_EXPRESSION, line no: 175, 0.027692307692307693, 0.6, 1.0, 0.046153846153846156
"\"",STRING_LITERAL, line no: 290,"Ant logfile [" + logFile.getAbsolutePath() + "] cannot be found",INFIX_EXPRESSION, line no: 175, 0.027692307692307693, 0.6, 1.0, 0.046153846153846156
arguments.add("\"" + antScript + "\""),METHOD_INVOCATION, line no: 290,this.antScript,FIELD_ACCESS, line no: 208, 0.02745995423340961, 0.17391304347826086, 0.5, 0.3157894736842105
"\"" + antScript + "\"",INFIX_EXPRESSION, line no: 290,string,SIMPLE_NAME, line no: 419, 0.02717391304347826, 0.041666666666666664, 1.0, 0.13043478260869565
antScript,SIMPLE_NAME, line no: 290,"Encountered an IO exception while attempting to execute Ant.",STRING_LITERAL, line no: 127, 0.02709677419354839, 0.28, 1.0, 0.0967741935483871
add,SIMPLE_NAME, line no: 290,buildFile == null,INFIX_EXPRESSION, line no: 86, 0.026960784313725488, 0.4583333333333333, 1.0, 0.058823529411764705
antScript,SIMPLE_NAME, line no: 290,this.arg=arg,ASSIGNMENT, line no: 427, 0.026666666666666665, 0.16, 1.0, 0.16666666666666666
add,SIMPLE_NAME, line no: 290,killed=true,ASSIGNMENT, line no: 471, 0.026515151515151516, 0.2916666666666667, 1.0, 0.09090909090909091
add,SIMPLE_NAME, line no: 290,value != null & !value.equals(""),INFIX_EXPRESSION, line no: 321, 0.025252525252525256, 0.8333333333333334, 1.0, 0.030303030303030304
antScript,SIMPLE_NAME, line no: 290,"Was interrupted while waiting for Ant to finish." + " CruiseControl will continue  assuming that it completed",INFIX_EXPRESSION, line no: 148, 0.025225225225225224, 0.4, 1.0, 0.06306306306306306
arguments.add("\"" + antScript + "\""),METHOD_INVOCATION, line no: 290,true,BOOLEAN_LITERAL, line no: 471, 0.02402745995423341, 0.30434782608695654, 1.0, 0.07894736842105263
"\"",STRING_LITERAL, line no: 290,"Error reading : " + file.getAbsolutePath() + ".  Saved as : "+ saveFile.getAbsolutePath(),INFIX_EXPRESSION, line no: 379, 0.024, 0.72, 1.0, 0.03333333333333333
"\"",STRING_LITERAL, line no: 290,"Error reading : " + file.getAbsolutePath() + ".  Saved as : "+ saveFile.getAbsolutePath(),INFIX_EXPRESSION, line no: 379, 0.024, 0.72, 1.0, 0.03333333333333333
antScript,SIMPLE_NAME, line no: 290,this.buildFile,FIELD_ACCESS, line no: 236, 0.022857142857142857, 0.16, 1.0, 0.14285714285714285
antScript,SIMPLE_NAME, line no: 290,this.name=name,ASSIGNMENT, line no: 440, 0.022857142857142857, 0.16, 1.0, 0.14285714285714285
add,SIMPLE_NAME, line no: 290,arg != null && arg.length() > 0,INFIX_EXPRESSION, line no: 297, 0.0228494623655914, 0.7083333333333334, 1.0, 0.03225806451612903
antScript,SIMPLE_NAME, line no: 290,"-D" + key + "="+ value,INFIX_EXPRESSION, line no: 322, 0.022608695652173914, 0.52, 1.0, 0.043478260869565216
antScript,SIMPLE_NAME, line no: 290,dir,SIMPLE_NAME, line no: 197, 0.022222222222222223, 0.04, 1.0, 0.1111111111111111
antScript,SIMPLE_NAME, line no: 290,name,SIMPLE_NAME, line no: 436, 0.022222222222222223, 0.04, 1.0, 0.1111111111111111
"\"",STRING_LITERAL, line no: 290,"in directory " + workingDir.getCanonicalPath(),INFIX_EXPRESSION, line no: 120, 0.022127659574468085, 0.52, 1.0, 0.0425531914893617
"\"",STRING_LITERAL, line no: 290,"in directory " + workingDir.getCanonicalPath(),INFIX_EXPRESSION, line no: 120, 0.022127659574468085, 0.52, 1.0, 0.0425531914893617
"\"",STRING_LITERAL, line no: 290,System.getProperty("os.name"),METHOD_INVOCATION, line no: 269, 0.02206896551724138, 0.32, 1.0, 0.06896551724137931
"\"",STRING_LITERAL, line no: 290,System.getProperty("os.name"),METHOD_INVOCATION, line no: 269, 0.02206896551724138, 0.32, 1.0, 0.06896551724137931
add,SIMPLE_NAME, line no: 290,ee instanceof CruiseControlException,INSTANCEOF_EXPRESSION, line no: 374, 0.021990740740740738, 0.7916666666666666, 1.0, 0.027777777777777776
antScript,SIMPLE_NAME, line no: 290,this.tempFileName=tempFileName,ASSIGNMENT, line no: 217, 0.021333333333333333, 0.16, 1.0, 0.13333333333333333
add,SIMPLE_NAME, line no: 290,logFile.delete(),METHOD_INVOCATION, line no: 182, 0.020833333333333332, 0.3333333333333333, 1.0, 0.0625
arguments.add("\"" + antScript + "\""),METHOD_INVOCATION, line no: 290,delete,SIMPLE_NAME, line no: 182, 0.020594965675057208, 0.391304347826087, 1.0, 0.05263157894736842
antScript,SIMPLE_NAME, line no: 290,this.value=value,ASSIGNMENT, line no: 448, 0.02, 0.16, 1.0, 0.125
arguments.add("\"" + antScript + "\""),METHOD_INVOCATION, line no: 290,killed,SIMPLE_NAME, line no: 459, 0.018306636155606407, 0.043478260869565216, 1.0, 0.05263157894736842
"\"",STRING_LITERAL, line no: 290,"ant logfile " + file.getAbsolutePath() + " does not exist.",INFIX_EXPRESSION, line no: 354, 0.018, 0.36, 1.0, 0.05
"\"",STRING_LITERAL, line no: 290,"ant logfile " + file.getAbsolutePath() + " does not exist.",INFIX_EXPRESSION, line no: 354, 0.018, 0.36, 1.0, 0.05
"\"",STRING_LITERAL, line no: 290,"Was interrupted while waiting for Ant to finish.",STRING_LITERAL, line no: 148, 0.0176, 0.44, 1.0, 0.04
"\"",STRING_LITERAL, line no: 290,"Was interrupted while waiting for Ant to finish.",STRING_LITERAL, line no: 148, 0.0176, 0.44, 1.0, 0.04
antScript,SIMPLE_NAME, line no: 290,"Encountered an IO exception while attempting to execute Ant." + " CruiseControl cannot continue.",INFIX_EXPRESSION, line no: 127, 0.01714285714285714, 0.24, 1.0, 0.07142857142857142
"\"",STRING_LITERAL, line no: 290," CruiseControl cannot continue.",STRING_LITERAL, line no: 128, 0.01696969696969697, 0.28, 1.0, 0.06060606060606061
"\"",STRING_LITERAL, line no: 290," CruiseControl cannot continue.",STRING_LITERAL, line no: 128, 0.01696969696969697, 0.28, 1.0, 0.06060606060606061
antScript,SIMPLE_NAME, line no: 290,"'target' is a required attribute on AntBuilder",STRING_LITERAL, line no: 91, 0.016666666666666666, 0.16, 1.0, 0.10416666666666667
"\"",STRING_LITERAL, line no: 290,"Exception trying to close Process streams.",STRING_LITERAL, line no: 151, 0.016363636363636365, 0.36, 1.0, 0.045454545454545456
"\"",STRING_LITERAL, line no: 290,"Exception trying to close Process streams.",STRING_LITERAL, line no: 151, 0.016363636363636365, 0.36, 1.0, 0.045454545454545456
antScript,SIMPLE_NAME, line no: 290,"'buildfile' is a required attribute on AntBuilder",STRING_LITERAL, line no: 87, 0.01568627450980392, 0.16, 1.0, 0.09803921568627451
"\"",STRING_LITERAL, line no: 290," CruiseControl will continue  assuming that it completed",STRING_LITERAL, line no: 149, 0.015172413793103448, 0.44, 1.0, 0.034482758620689655
"\"",STRING_LITERAL, line no: 290," CruiseControl will continue  assuming that it completed",STRING_LITERAL, line no: 149, 0.015172413793103448, 0.44, 1.0, 0.034482758620689655
antScript,SIMPLE_NAME, line no: 290,loggerClassName,SIMPLE_NAME, line no: 80, 0.013333333333333334, 0.04, 1.0, 0.06666666666666667
antScript,SIMPLE_NAME, line no: 290,this.buildFile=buildFile,ASSIGNMENT, line no: 236, 0.013333333333333332, 0.16, 1.0, 0.08333333333333333
"\"",STRING_LITERAL, line no: 290,"build tag not found in " + file.getAbsolutePath(),INFIX_EXPRESSION, line no: 360, 0.0128, 0.32, 1.0, 0.04
"\"",STRING_LITERAL, line no: 290,"build tag not found in " + file.getAbsolutePath(),INFIX_EXPRESSION, line no: 360, 0.0128, 0.32, 1.0, 0.04
add,SIMPLE_NAME, line no: 290,useDebug=debug,ASSIGNMENT, line no: 412, 0.011904761904761904, 0.16666666666666666, 1.0, 0.07142857142857142
"\"",STRING_LITERAL, line no: 290,"Was interrupted while waiting for Ant to finish." + " CruiseControl will continue  assuming that it completed",INFIX_EXPRESSION, line no: 148, 0.010810810810810811, 0.4, 1.0, 0.02702702702702703
"\"",STRING_LITERAL, line no: 290,"Was interrupted while waiting for Ant to finish." + " CruiseControl will continue  assuming that it completed",INFIX_EXPRESSION, line no: 148, 0.010810810810810811, 0.4, 1.0, 0.02702702702702703
"\"" + antScript + "\"",INFIX_EXPRESSION, line no: 290,loggerClassName,SIMPLE_NAME, line no: 80, 0.009057971014492754, 0.041666666666666664, 1.0, 0.043478260869565216
"\"" + antScript + "\"",INFIX_EXPRESSION, line no: 290,dir,SIMPLE_NAME, line no: 197, 0.009057971014492754, 0.041666666666666664, 1.0, 0.043478260869565216
"\"" + antScript + "\"",INFIX_EXPRESSION, line no: 290,name,SIMPLE_NAME, line no: 436, 0.009057971014492754, 0.041666666666666664, 1.0, 0.043478260869565216
"\"",STRING_LITERAL, line no: 290,"Encountered an IO exception while attempting to execute Ant.",STRING_LITERAL, line no: 127, 0.00903225806451613, 0.28, 1.0, 0.03225806451612903
"\"",STRING_LITERAL, line no: 290,"Encountered an IO exception while attempting to execute Ant.",STRING_LITERAL, line no: 127, 0.00903225806451613, 0.28, 1.0, 0.03225806451612903
"\"",STRING_LITERAL, line no: 290,"log.xml",STRING_LITERAL, line no: 74, 0.008888888888888889, 0.04, 1.0, 0.2222222222222222
"\"",STRING_LITERAL, line no: 290,"log.xml",STRING_LITERAL, line no: 74, 0.008888888888888889, 0.04, 1.0, 0.2222222222222222
"\"" + antScript + "\"",INFIX_EXPRESSION, line no: 290,"org.apache.tools.ant.XmlLogger",STRING_LITERAL, line no: 68, 0.0078125, 0.041666666666666664, 1.0, 0.1875
"\"",STRING_LITERAL, line no: 290,"Encountered an IO exception while attempting to execute Ant." + " CruiseControl cannot continue.",INFIX_EXPRESSION, line no: 127, 0.007346938775510204, 0.24, 1.0, 0.030612244897959183
"\"",STRING_LITERAL, line no: 290,"Encountered an IO exception while attempting to execute Ant." + " CruiseControl cannot continue.",INFIX_EXPRESSION, line no: 127, 0.007346938775510204, 0.24, 1.0, 0.030612244897959183
"\"",STRING_LITERAL, line no: 290,"build.xml",STRING_LITERAL, line no: 72, 0.007272727272727273, 0.04, 1.0, 0.18181818181818182
"\"",STRING_LITERAL, line no: 290,"build.xml",STRING_LITERAL, line no: 72, 0.007272727272727273, 0.04, 1.0, 0.18181818181818182
"\"",STRING_LITERAL, line no: 290,"'target' is a required attribute on AntBuilder",STRING_LITERAL, line no: 91, 0.006666666666666666, 0.16, 1.0, 0.041666666666666664
"\"",STRING_LITERAL, line no: 290,"'target' is a required attribute on AntBuilder",STRING_LITERAL, line no: 91, 0.006666666666666666, 0.16, 1.0, 0.041666666666666664
"\"",STRING_LITERAL, line no: 290,"'buildfile' is a required attribute on AntBuilder",STRING_LITERAL, line no: 87, 0.006274509803921568, 0.16, 1.0, 0.0392156862745098
"\"",STRING_LITERAL, line no: 290,"'buildfile' is a required attribute on AntBuilder",STRING_LITERAL, line no: 87, 0.006274509803921568, 0.16, 1.0, 0.0392156862745098
arguments.add("\"" + antScript + "\""),METHOD_INVOCATION, line no: 290,debug,SIMPLE_NAME, line no: 411, 0.005720823798627002, 0.043478260869565216, 1.0, 0.02631578947368421
"\"" + antScript + "\"",INFIX_EXPRESSION, line no: 290,"build.xml",STRING_LITERAL, line no: 72, 0.005434782608695652, 0.041666666666666664, 1.0, 0.13043478260869565
antScript,SIMPLE_NAME, line no: 290,"org.apache.tools.ant.XmlLogger",STRING_LITERAL, line no: 68, 0.005, 0.04, 1.0, 0.125
antScript,SIMPLE_NAME, line no: 290,"build.xml",STRING_LITERAL, line no: 72, 0.0036363636363636364, 0.04, 1.0, 0.09090909090909091
"\"" + antScript + "\"",INFIX_EXPRESSION, line no: 290,"log.xml",STRING_LITERAL, line no: 74, 0.003623188405797101, 0.041666666666666664, 1.0, 0.08695652173913043
"\"",STRING_LITERAL, line no: 290,"org.apache.tools.ant.XmlLogger",STRING_LITERAL, line no: 68, 0.0025, 0.04, 1.0, 0.0625
"\"",STRING_LITERAL, line no: 290,"org.apache.tools.ant.XmlLogger",STRING_LITERAL, line no: 68, 0.0025, 0.04, 1.0, 0.0625
