close(),METHOD_INVOCATION, line no: 152,close,SIMPLE_NAME, line no: 117, 2.0, 0.037037037037037035, 1.0, 0.7142857142857143
close,SIMPLE_NAME, line no: 152,close(),METHOD_INVOCATION, line no: 152, 1.9642857142857144, 0.9642857142857143, 1.0, 0.7142857142857143
close,SIMPLE_NAME, line no: 152,header.setGetIndex(bbuf0.position()),METHOD_INVOCATION, line no: 276, 1.9285714285714286, 0.9285714285714286, 1.0, 0.05555555555555555
close,SIMPLE_NAME, line no: 152,setGetIndex,SIMPLE_NAME, line no: 276, 1.9285714285714286, 0.9285714285714286, 1.0, 0.18181818181818182
close,SIMPLE_NAME, line no: 152,buffer.setGetIndex(bbuf1.position()),METHOD_INVOCATION, line no: 278, 1.9285714285714286, 0.9285714285714286, 1.0, 0.05555555555555555
close(),METHOD_INVOCATION, line no: 152,setGetIndex,SIMPLE_NAME, line no: 276, 1.925925925925926, 0.9259259259259259, 1.0, 0.18181818181818182
close,SIMPLE_NAME, line no: 152,_channel.close(),METHOD_INVOCATION, line no: 130, 1.8214285714285714, 0.8214285714285714, 1.0, 0.3125
close,SIMPLE_NAME, line no: 152,shutdownOutput,SIMPLE_NAME, line no: 104, 1.7857142857142856, 0.03571428571428571, 1.0, 0.07142857142857142
close,SIMPLE_NAME, line no: 152,socket.shutdownOutput(),METHOD_INVOCATION, line no: 110, 1.7857142857142856, 0.7857142857142857, 1.0, 0.08695652173913043
close(),METHOD_INVOCATION, line no: 152,shutdownOutput,SIMPLE_NAME, line no: 104, 1.7777777777777777, 0.037037037037037035, 1.0, 0.07142857142857142
close,SIMPLE_NAME, line no: 152,_socket.setSoTimeout(_maxIdleTime),METHOD_INVOCATION, line no: 70, 1.75, 0.75, 1.0, 0.08823529411764706
close,SIMPLE_NAME, line no: 152,setSoTimeout,SIMPLE_NAME, line no: 70, 1.75, 0.75, 1.0, 0.16666666666666666
close(),METHOD_INVOCATION, line no: 152,setSoTimeout,SIMPLE_NAME, line no: 70, 1.7407407407407407, 0.7407407407407407, 1.0, 0.16666666666666666
close,SIMPLE_NAME, line no: 152,_socket.setSoTimeout(timeMs > 0 ? timeMs : 0),METHOD_INVOCATION, line no: 455, 1.6785714285714286, 0.6785714285714286, 1.0, 0.08888888888888889
close(),METHOD_INVOCATION, line no: 152,setPutIndex,SIMPLE_NAME, line no: 156, 1.6666666666666665, 0.6666666666666666, 1.0, 0.18181818181818182
close(),METHOD_INVOCATION, line no: 152,clear,SIMPLE_NAME, line no: 264, 1.6666666666666665, 0.6666666666666666, 1.0, 0.42857142857142855
close,SIMPLE_NAME, line no: 152,setPutIndex,SIMPLE_NAME, line no: 156, 1.6428571428571428, 0.6428571428571429, 1.0, 0.18181818181818182
close,SIMPLE_NAME, line no: 152,clear,SIMPLE_NAME, line no: 264, 1.6428571428571428, 0.6428571428571429, 1.0, 0.6
close,SIMPLE_NAME, line no: 152,buffer.setPutIndex(bbuf.position()),METHOD_INVOCATION, line no: 156, 1.6071428571428572, 0.6071428571428571, 1.0, 0.05714285714285714
close,SIMPLE_NAME, line no: 152,header.clear(),METHOD_INVOCATION, line no: 264, 1.6071428571428572, 0.6071428571428571, 1.0, 0.21428571428571427
close,SIMPLE_NAME, line no: 152,buffer.clear(),METHOD_INVOCATION, line no: 296, 1.5, 0.5, 1.0, 0.21428571428571427
close,SIMPLE_NAME, line no: 152,trailer.clear(),METHOD_INVOCATION, line no: 301, 1.5, 0.5, 1.0, 0.2
close(),METHOD_INVOCATION, line no: 152,ignore,SIMPLE_NAME, line no: 127, 1.3703703703703702, 0.37037037037037035, 1.0, 0.2857142857142857
close,SIMPLE_NAME, line no: 152,ignore,SIMPLE_NAME, line no: 127, 1.3571428571428572, 0.35714285714285715, 1.0, 0.3333333333333333
close,SIMPLE_NAME, line no: 152,Log.ignore(x),METHOD_INVOCATION, line no: 127, 1.3214285714285714, 0.32142857142857145, 1.0, 0.15384615384615385
close,SIMPLE_NAME, line no: 152,_socket.shutdownOutput(),METHOD_INVOCATION, line no: 123, 1.2857142857142856, 0.2857142857142857, 1.0, 0.08333333333333333
close(),METHOD_INVOCATION, line no: 152,ChannelEndPoint,SIMPLE_NAME, line no: 35, 1.037037037037037, 0.037037037037037035, 0.0, 0.13333333333333333
close(),METHOD_INVOCATION, line no: 152,flush,SIMPLE_NAME, line no: 172, 1.037037037037037, 0.037037037037037035, 0.0, 0.2857142857142857
close(),METHOD_INVOCATION, line no: 152,setMaxIdleTime,SIMPLE_NAME, line no: 452, 1.037037037037037, 0.037037037037037035, 1.0, 0.14285714285714285
close,SIMPLE_NAME, line no: 152,ChannelEndPoint,SIMPLE_NAME, line no: 35, 1.0357142857142858, 0.03571428571428571, 0.0, 0.13333333333333333
close,SIMPLE_NAME, line no: 152,flush,SIMPLE_NAME, line no: 172, 1.0357142857142858, 0.03571428571428571, 0.0, 0.4
close,SIMPLE_NAME, line no: 152,setMaxIdleTime,SIMPLE_NAME, line no: 452, 1.0357142857142858, 0.03571428571428571, 1.0, 0.14285714285714285
close(),METHOD_INVOCATION, line no: 152,ByteBuffer,SIMPLE_NAME, line no: 19, 1.0, 0.037037037037037035, 0.0, 0.1
close(),METHOD_INVOCATION, line no: 152,GatheringByteChannel,SIMPLE_NAME, line no: 21, 1.0, 0.037037037037037035, 0.0, 0.05
close(),METHOD_INVOCATION, line no: 152,Buffer,SIMPLE_NAME, line no: 25, 1.0, 0.037037037037037035, 0.0, 0.14285714285714285
close(),METHOD_INVOCATION, line no: 152,_channel,SIMPLE_NAME, line no: 37, 1.0, 0.037037037037037035, 0.0, 0.25
close(),METHOD_INVOCATION, line no: 152,_gather2,SIMPLE_NAME, line no: 38, 1.0, 0.037037037037037035, 0.0, 0.125
close(),METHOD_INVOCATION, line no: 152,this,THIS_EXPRESSION, line no: 47, 1.0, 0.7777777777777778, 0.0, 0.14285714285714285
close(),METHOD_INVOCATION, line no: 152,null,NULL_LITERAL, line no: 48, 1.0, 0.7777777777777778, 0.0, 0.14285714285714285
close(),METHOD_INVOCATION, line no: 152,buffer,SIMPLE_NAME, line no: 136, 1.0, 0.037037037037037035, 0.0, 0.14285714285714285
close(),METHOD_INVOCATION, line no: 152,buf,SIMPLE_NAME, line no: 138, 1.0, 0.9629629629629629, 0.0, 0.0
close(),METHOD_INVOCATION, line no: 152,buffer.buffer(),METHOD_INVOCATION, line no: 138, 1.0, 0.9629629629629629, 0.0, 0.2
close(),METHOD_INVOCATION, line no: 152,len,SIMPLE_NAME, line no: 139, 1.0, 0.9629629629629629, 0.0, 0.2857142857142857
close(),METHOD_INVOCATION, line no: 152,0,NUMBER_LITERAL, line no: 139, 1.0, 0.9629629629629629, 0.0, 0.0
close(),METHOD_INVOCATION, line no: 152,buf instanceof NIOBuffer,INSTANCEOF_EXPRESSION, line no: 140, 1.0, 1.0, 0.0, 0.125
close(),METHOD_INVOCATION, line no: 152,NIOBuffer,SIMPLE_NAME, line no: 140, 1.0, 1.0, 0.0, 0.1111111111111111
close(),METHOD_INVOCATION, line no: 152,getByteBuffer,SIMPLE_NAME, line no: 143, 1.0, 0.9629629629629629, 0.0, 0.07692307692307693
close(),METHOD_INVOCATION, line no: 152,position,SIMPLE_NAME, line no: 149, 1.0, 0.9629629629629629, 0.0, 0.25
close(),METHOD_INVOCATION, line no: 152,buffer.putIndex(),METHOD_INVOCATION, line no: 149, 1.0, 0.9629629629629629, 0.0, 0.17647058823529413
close(),METHOD_INVOCATION, line no: 152,putIndex,SIMPLE_NAME, line no: 149, 1.0, 0.9629629629629629, 0.0, 0.125
close(),METHOD_INVOCATION, line no: 152,buffer.getIndex(),METHOD_INVOCATION, line no: 186, 1.0, 0.8518518518518519, 0.0, 0.17647058823529413
close(),METHOD_INVOCATION, line no: 152,getIndex,SIMPLE_NAME, line no: 186, 1.0, 0.8518518518518519, 0.0, 0.125
close(),METHOD_INVOCATION, line no: 152,limit,SIMPLE_NAME, line no: 187, 1.0, 0.8518518518518519, 0.0, 0.14285714285714285
close(),METHOD_INVOCATION, line no: 152,write,SIMPLE_NAME, line no: 188, 1.0, 0.8518518518518519, 0.0, 0.14285714285714285
close(),METHOD_INVOCATION, line no: 152,buf instanceof RandomAccessFileBuffer,INSTANCEOF_EXPRESSION, line no: 199, 1.0, 1.0, 0.0, 0.10810810810810811
close(),METHOD_INVOCATION, line no: 152,RandomAccessFileBuffer,SIMPLE_NAME, line no: 199, 1.0, 1.0, 0.0, 0.13636363636363635
close(),METHOD_INVOCATION, line no: 152,buffer.length(),METHOD_INVOCATION, line no: 201, 1.0, 0.8888888888888888, 0.0, 0.26666666666666666
close(),METHOD_INVOCATION, line no: 152,length,SIMPLE_NAME, line no: 201, 1.0, 0.8888888888888888, 0.0, 0.2857142857142857
close(),METHOD_INVOCATION, line no: 152,buffer.array() != null,INFIX_EXPRESSION, line no: 205, 1.0, 1.0, 0.0, 0.13636363636363635
close(),METHOD_INVOCATION, line no: 152,buffer.array(),METHOD_INVOCATION, line no: 205, 1.0, 1.0, 0.0, 0.21428571428571427
close(),METHOD_INVOCATION, line no: 152,array,SIMPLE_NAME, line no: 205, 1.0, 1.0, 0.0, 0.0
close(),METHOD_INVOCATION, line no: 152,header,SIMPLE_NAME, line no: 222, 1.0, 0.037037037037037035, 0.0, 0.14285714285714285
close(),METHOD_INVOCATION, line no: 152,buf0,SIMPLE_NAME, line no: 226, 1.0, 1.0, 0.0, 0.0
close(),METHOD_INVOCATION, line no: 152,header == null ? null : header.buffer(),CONDITIONAL_EXPRESSION, line no: 226, 1.0, 1.0, 0.0, 0.10256410256410256
close(),METHOD_INVOCATION, line no: 152,header == null,INFIX_EXPRESSION, line no: 226, 1.0, 1.0, 0.0, 0.07142857142857142
close(),METHOD_INVOCATION, line no: 152,header.buffer(),METHOD_INVOCATION, line no: 226, 1.0, 1.0, 0.0, 0.2
close(),METHOD_INVOCATION, line no: 152,buf1,SIMPLE_NAME, line no: 227, 1.0, 1.0, 0.0, 0.0
close(),METHOD_INVOCATION, line no: 152,buffer == null ? null : buffer.buffer(),CONDITIONAL_EXPRESSION, line no: 227, 1.0, 1.0, 0.0, 0.10256410256410256
close(),METHOD_INVOCATION, line no: 152,buffer == null,INFIX_EXPRESSION, line no: 227, 1.0, 1.0, 0.0, 0.07142857142857142
close(),METHOD_INVOCATION, line no: 152,_channel instanceof GatheringByteChannel && header != null && header.length() != 0 && buf0 instanceof NIOBuffer && buffer != null && buffer.length() != 0 && buf1 instanceof NIOBuffer,INFIX_EXPRESSION, line no: 229, 1.0, 1.0, 0.0, 0.038461538461538464
close(),METHOD_INVOCATION, line no: 152,_channel instanceof GatheringByteChannel && header != null && header.length() != 0 && buf0 instanceof NIOBuffer && buffer != null && buffer.length() != 0,INFIX_EXPRESSION, line no: 229, 1.0, 1.0, 0.0, 0.0457516339869281
close(),METHOD_INVOCATION, line no: 152,_channel instanceof GatheringByteChannel && header != null && header.length() != 0 && buf0 instanceof NIOBuffer && buffer != null,INFIX_EXPRESSION, line no: 229, 1.0, 1.0, 0.0, 0.046511627906976744
close(),METHOD_INVOCATION, line no: 152,_channel instanceof GatheringByteChannel && header != null && header.length() != 0 && buf0 instanceof NIOBuffer,INFIX_EXPRESSION, line no: 229, 1.0, 1.0, 0.0, 0.05405405405405406
close(),METHOD_INVOCATION, line no: 152,_channel instanceof GatheringByteChannel && header != null && header.length() != 0,INFIX_EXPRESSION, line no: 229, 1.0, 1.0, 0.0, 0.07317073170731707
close(),METHOD_INVOCATION, line no: 152,_channel instanceof GatheringByteChannel && header != null,INFIX_EXPRESSION, line no: 229, 1.0, 1.0, 0.0, 0.06896551724137931
close(),METHOD_INVOCATION, line no: 152,_channel instanceof GatheringByteChannel,INSTANCEOF_EXPRESSION, line no: 229, 1.0, 1.0, 0.0, 0.1
close(),METHOD_INVOCATION, line no: 152,header != null,INFIX_EXPRESSION, line no: 230, 1.0, 1.0, 0.0, 0.07142857142857142
close(),METHOD_INVOCATION, line no: 152,header.length() != 0,INFIX_EXPRESSION, line no: 230, 1.0, 1.0, 0.0, 0.2
close(),METHOD_INVOCATION, line no: 152,header.length(),METHOD_INVOCATION, line no: 230, 1.0, 1.0, 0.0, 0.26666666666666666
close(),METHOD_INVOCATION, line no: 152,buf0 instanceof NIOBuffer,INSTANCEOF_EXPRESSION, line no: 230, 1.0, 1.0, 0.0, 0.12
close(),METHOD_INVOCATION, line no: 152,buffer != null,INFIX_EXPRESSION, line no: 231, 1.0, 1.0, 0.0, 0.07142857142857142
close(),METHOD_INVOCATION, line no: 152,buffer.length() != 0,INFIX_EXPRESSION, line no: 231, 1.0, 1.0, 0.0, 0.2
close(),METHOD_INVOCATION, line no: 152,buf1 instanceof NIOBuffer,INSTANCEOF_EXPRESSION, line no: 231, 1.0, 1.0, 0.0, 0.12
close(),METHOD_INVOCATION, line no: 152,nbuf0,SIMPLE_NAME, line no: 233, 1.0, 1.0, 0.0, 0.0
close(),METHOD_INVOCATION, line no: 152,(NIOBuffer)buf0,CAST_EXPRESSION, line no: 233, 1.0, 1.0, 0.0, 0.13333333333333333
close(),METHOD_INVOCATION, line no: 152,bbuf0,SIMPLE_NAME, line no: 234, 1.0, 1.0, 0.0, 0.0
close(),METHOD_INVOCATION, line no: 152,nbuf0.getByteBuffer(),METHOD_INVOCATION, line no: 234, 1.0, 1.0, 0.0, 0.14285714285714285
close(),METHOD_INVOCATION, line no: 152,nbuf1,SIMPLE_NAME, line no: 235, 1.0, 1.0, 0.0, 0.0
close(),METHOD_INVOCATION, line no: 152,(NIOBuffer)buf1,CAST_EXPRESSION, line no: 235, 1.0, 1.0, 0.0, 0.13333333333333333
close(),METHOD_INVOCATION, line no: 152,bbuf1,SIMPLE_NAME, line no: 236, 1.0, 1.0, 0.0, 0.0
close(),METHOD_INVOCATION, line no: 152,nbuf1.getByteBuffer(),METHOD_INVOCATION, line no: 236, 1.0, 1.0, 0.0, 0.14285714285714285
close(),METHOD_INVOCATION, line no: 152,bbuf0.position(header.getIndex()),METHOD_INVOCATION, line no: 250, 1.0, 1.0, 0.0, 0.15151515151515152
close(),METHOD_INVOCATION, line no: 152,header.getIndex(),METHOD_INVOCATION, line no: 250, 1.0, 1.0, 0.0, 0.17647058823529413
close(),METHOD_INVOCATION, line no: 152,bbuf0.limit(header.putIndex()),METHOD_INVOCATION, line no: 251, 1.0, 1.0, 0.0, 0.13333333333333333
close(),METHOD_INVOCATION, line no: 152,header.putIndex(),METHOD_INVOCATION, line no: 251, 1.0, 1.0, 0.0, 0.17647058823529413
close(),METHOD_INVOCATION, line no: 152,bbuf1.position(buffer.getIndex()),METHOD_INVOCATION, line no: 252, 1.0, 1.0, 0.0, 0.15151515151515152
close(),METHOD_INVOCATION, line no: 152,bbuf1.limit(buffer.putIndex()),METHOD_INVOCATION, line no: 253, 1.0, 1.0, 0.0, 0.13333333333333333
close(),METHOD_INVOCATION, line no: 152,_gather2[0]=bbuf0,ASSIGNMENT, line no: 255, 1.0, 1.0, 0.0, 0.058823529411764705
close(),METHOD_INVOCATION, line no: 152,_gather2[0],ARRAY_ACCESS, line no: 255, 1.0, 1.0, 0.0, 0.09090909090909091
close(),METHOD_INVOCATION, line no: 152,_gather2[1]=bbuf1,ASSIGNMENT, line no: 256, 1.0, 1.0, 0.0, 0.058823529411764705
close(),METHOD_INVOCATION, line no: 152,_gather2[1],ARRAY_ACCESS, line no: 256, 1.0, 1.0, 0.0, 0.09090909090909091
close(),METHOD_INVOCATION, line no: 152,1,NUMBER_LITERAL, line no: 256, 1.0, 1.0, 0.0, 0.0
close(),METHOD_INVOCATION, line no: 152,length=(int)((GatheringByteChannel)_channel).write(_gather2),ASSIGNMENT, line no: 259, 1.0, 1.0, 0.0, 0.08333333333333333
close(),METHOD_INVOCATION, line no: 152,(int)((GatheringByteChannel)_channel).write(_gather2),CAST_EXPRESSION, line no: 259, 1.0, 1.0, 0.0, 0.09433962264150944
close(),METHOD_INVOCATION, line no: 152,((GatheringByteChannel)_channel).write(_gather2),METHOD_INVOCATION, line no: 259, 1.0, 1.0, 0.0, 0.10416666666666667
close(),METHOD_INVOCATION, line no: 152,((GatheringByteChannel)_channel),PARENTHESIZED_EXPRESSION, line no: 259, 1.0, 1.0, 0.0, 0.09375
close(),METHOD_INVOCATION, line no: 152,(GatheringByteChannel)_channel,CAST_EXPRESSION, line no: 259, 1.0, 1.0, 0.0, 0.06666666666666667
close(),METHOD_INVOCATION, line no: 152,hl,SIMPLE_NAME, line no: 261, 1.0, 1.0, 0.0, 0.14285714285714285
close(),METHOD_INVOCATION, line no: 152,length > hl,INFIX_EXPRESSION, line no: 262, 1.0, 1.0, 0.0, 0.18181818181818182
close(),METHOD_INVOCATION, line no: 152,length > 0,INFIX_EXPRESSION, line no: 267, 1.0, 1.0, 0.0, 0.2
close,SIMPLE_NAME, line no: 152,ByteBuffer,SIMPLE_NAME, line no: 19, 1.0, 0.03571428571428571, 0.0, 0.1
close,SIMPLE_NAME, line no: 152,GatheringByteChannel,SIMPLE_NAME, line no: 21, 1.0, 0.03571428571428571, 0.0, 0.05
close,SIMPLE_NAME, line no: 152,Buffer,SIMPLE_NAME, line no: 25, 1.0, 0.03571428571428571, 0.0, 0.16666666666666666
close,SIMPLE_NAME, line no: 152,_channel,SIMPLE_NAME, line no: 37, 1.0, 0.03571428571428571, 0.0, 0.25
close,SIMPLE_NAME, line no: 152,_gather2,SIMPLE_NAME, line no: 38, 1.0, 0.03571428571428571, 0.0, 0.125
close,SIMPLE_NAME, line no: 152,this,THIS_EXPRESSION, line no: 47, 1.0, 0.7857142857142857, 0.0, 0.2
close,SIMPLE_NAME, line no: 152,null,NULL_LITERAL, line no: 48, 1.0, 0.7857142857142857, 0.0, 0.2
close,SIMPLE_NAME, line no: 152,buffer,SIMPLE_NAME, line no: 136, 1.0, 0.03571428571428571, 0.0, 0.16666666666666666
close,SIMPLE_NAME, line no: 152,buf,SIMPLE_NAME, line no: 138, 1.0, 0.9642857142857143, 0.0, 0.0
close,SIMPLE_NAME, line no: 152,buffer.buffer(),METHOD_INVOCATION, line no: 138, 1.0, 0.9642857142857143, 0.0, 0.06666666666666667
close,SIMPLE_NAME, line no: 152,len,SIMPLE_NAME, line no: 139, 1.0, 0.9642857142857143, 0.0, 0.4
close,SIMPLE_NAME, line no: 152,0,NUMBER_LITERAL, line no: 139, 1.0, 0.9642857142857143, 0.0, 0.0
close,SIMPLE_NAME, line no: 152,buf instanceof NIOBuffer,INSTANCEOF_EXPRESSION, line no: 140, 1.0, 1.0, 0.0, 0.125
close,SIMPLE_NAME, line no: 152,NIOBuffer,SIMPLE_NAME, line no: 140, 1.0, 1.0, 0.0, 0.1111111111111111
close,SIMPLE_NAME, line no: 152,getByteBuffer,SIMPLE_NAME, line no: 143, 1.0, 0.9642857142857143, 0.0, 0.07692307692307693
close,SIMPLE_NAME, line no: 152,position,SIMPLE_NAME, line no: 149, 1.0, 0.9642857142857143, 0.0, 0.25
close,SIMPLE_NAME, line no: 152,buffer.putIndex(),METHOD_INVOCATION, line no: 149, 1.0, 0.9285714285714286, 0.0, 0.058823529411764705
close,SIMPLE_NAME, line no: 152,putIndex,SIMPLE_NAME, line no: 149, 1.0, 0.9642857142857143, 0.0, 0.125
close,SIMPLE_NAME, line no: 152,buffer.getIndex(),METHOD_INVOCATION, line no: 186, 1.0, 0.8571428571428571, 0.0, 0.058823529411764705
close,SIMPLE_NAME, line no: 152,getIndex,SIMPLE_NAME, line no: 186, 1.0, 0.8571428571428571, 0.0, 0.125
close,SIMPLE_NAME, line no: 152,limit,SIMPLE_NAME, line no: 187, 1.0, 0.8571428571428571, 0.0, 0.2
close,SIMPLE_NAME, line no: 152,write,SIMPLE_NAME, line no: 188, 1.0, 0.8571428571428571, 0.0, 0.2
close,SIMPLE_NAME, line no: 152,buf instanceof RandomAccessFileBuffer,INSTANCEOF_EXPRESSION, line no: 199, 1.0, 1.0, 0.0, 0.10810810810810811
close,SIMPLE_NAME, line no: 152,RandomAccessFileBuffer,SIMPLE_NAME, line no: 199, 1.0, 1.0, 0.0, 0.13636363636363635
close,SIMPLE_NAME, line no: 152,buffer.length(),METHOD_INVOCATION, line no: 201, 1.0, 0.8928571428571429, 0.0, 0.13333333333333333
close,SIMPLE_NAME, line no: 152,length,SIMPLE_NAME, line no: 201, 1.0, 0.8928571428571429, 0.0, 0.3333333333333333
close,SIMPLE_NAME, line no: 152,buffer.array() != null,INFIX_EXPRESSION, line no: 205, 1.0, 1.0, 0.0, 0.045454545454545456
close,SIMPLE_NAME, line no: 152,buffer.array(),METHOD_INVOCATION, line no: 205, 1.0, 1.0, 0.0, 0.07142857142857142
close,SIMPLE_NAME, line no: 152,array,SIMPLE_NAME, line no: 205, 1.0, 1.0, 0.0, 0.0
close,SIMPLE_NAME, line no: 152,header,SIMPLE_NAME, line no: 222, 1.0, 0.03571428571428571, 0.0, 0.16666666666666666
close,SIMPLE_NAME, line no: 152,buf0,SIMPLE_NAME, line no: 226, 1.0, 1.0, 0.0, 0.0
close,SIMPLE_NAME, line no: 152,header == null ? null : header.buffer(),CONDITIONAL_EXPRESSION, line no: 226, 1.0, 1.0, 0.0, 0.05128205128205128
close,SIMPLE_NAME, line no: 152,header == null,INFIX_EXPRESSION, line no: 226, 1.0, 1.0, 0.0, 0.07142857142857142
close,SIMPLE_NAME, line no: 152,header.buffer(),METHOD_INVOCATION, line no: 226, 1.0, 1.0, 0.0, 0.06666666666666667
close,SIMPLE_NAME, line no: 152,buf1,SIMPLE_NAME, line no: 227, 1.0, 1.0, 0.0, 0.0
close,SIMPLE_NAME, line no: 152,buffer == null ? null : buffer.buffer(),CONDITIONAL_EXPRESSION, line no: 227, 1.0, 1.0, 0.0, 0.05128205128205128
close,SIMPLE_NAME, line no: 152,buffer == null,INFIX_EXPRESSION, line no: 227, 1.0, 1.0, 0.0, 0.07142857142857142
close,SIMPLE_NAME, line no: 152,_channel instanceof GatheringByteChannel && header != null && header.length() != 0 && buf0 instanceof NIOBuffer && buffer != null && buffer.length() != 0 && buf1 instanceof NIOBuffer,INFIX_EXPRESSION, line no: 229, 1.0, 1.0, 0.0, 0.027472527472527472
close,SIMPLE_NAME, line no: 152,_channel instanceof GatheringByteChannel && header != null && header.length() != 0 && buf0 instanceof NIOBuffer && buffer != null && buffer.length() != 0,INFIX_EXPRESSION, line no: 229, 1.0, 1.0, 0.0, 0.032679738562091505
close,SIMPLE_NAME, line no: 152,_channel instanceof GatheringByteChannel && header != null && header.length() != 0 && buf0 instanceof NIOBuffer && buffer != null,INFIX_EXPRESSION, line no: 229, 1.0, 1.0, 0.0, 0.03875968992248062
close,SIMPLE_NAME, line no: 152,_channel instanceof GatheringByteChannel && header != null && header.length() != 0 && buf0 instanceof NIOBuffer,INFIX_EXPRESSION, line no: 229, 1.0, 1.0, 0.0, 0.04504504504504504
close,SIMPLE_NAME, line no: 152,_channel instanceof GatheringByteChannel && header != null && header.length() != 0,INFIX_EXPRESSION, line no: 229, 1.0, 1.0, 0.0, 0.04878048780487805
close,SIMPLE_NAME, line no: 152,_channel instanceof GatheringByteChannel && header != null,INFIX_EXPRESSION, line no: 229, 1.0, 1.0, 0.0, 0.06896551724137931
close,SIMPLE_NAME, line no: 152,_channel instanceof GatheringByteChannel,INSTANCEOF_EXPRESSION, line no: 229, 1.0, 1.0, 0.0, 0.1
close,SIMPLE_NAME, line no: 152,header != null,INFIX_EXPRESSION, line no: 230, 1.0, 1.0, 0.0, 0.07142857142857142
close,SIMPLE_NAME, line no: 152,header.length() != 0,INFIX_EXPRESSION, line no: 230, 1.0, 1.0, 0.0, 0.1
close,SIMPLE_NAME, line no: 152,header.length(),METHOD_INVOCATION, line no: 230, 1.0, 1.0, 0.0, 0.13333333333333333
close,SIMPLE_NAME, line no: 152,buf0 instanceof NIOBuffer,INSTANCEOF_EXPRESSION, line no: 230, 1.0, 1.0, 0.0, 0.12
close,SIMPLE_NAME, line no: 152,buffer != null,INFIX_EXPRESSION, line no: 231, 1.0, 1.0, 0.0, 0.07142857142857142
close,SIMPLE_NAME, line no: 152,buffer.length() != 0,INFIX_EXPRESSION, line no: 231, 1.0, 1.0, 0.0, 0.1
close,SIMPLE_NAME, line no: 152,buf1 instanceof NIOBuffer,INSTANCEOF_EXPRESSION, line no: 231, 1.0, 1.0, 0.0, 0.12
close,SIMPLE_NAME, line no: 152,nbuf0,SIMPLE_NAME, line no: 233, 1.0, 1.0, 0.0, 0.0
close,SIMPLE_NAME, line no: 152,(NIOBuffer)buf0,CAST_EXPRESSION, line no: 233, 1.0, 1.0, 0.0, 0.06666666666666667
close,SIMPLE_NAME, line no: 152,bbuf0,SIMPLE_NAME, line no: 234, 1.0, 1.0, 0.0, 0.0
close,SIMPLE_NAME, line no: 152,nbuf0.getByteBuffer(),METHOD_INVOCATION, line no: 234, 1.0, 1.0, 0.0, 0.047619047619047616
close,SIMPLE_NAME, line no: 152,nbuf1,SIMPLE_NAME, line no: 235, 1.0, 1.0, 0.0, 0.0
close,SIMPLE_NAME, line no: 152,(NIOBuffer)buf1,CAST_EXPRESSION, line no: 235, 1.0, 1.0, 0.0, 0.06666666666666667
close,SIMPLE_NAME, line no: 152,bbuf1,SIMPLE_NAME, line no: 236, 1.0, 1.0, 0.0, 0.0
close,SIMPLE_NAME, line no: 152,nbuf1.getByteBuffer(),METHOD_INVOCATION, line no: 236, 1.0, 1.0, 0.0, 0.047619047619047616
close,SIMPLE_NAME, line no: 152,bbuf0.position(header.getIndex()),METHOD_INVOCATION, line no: 250, 1.0, 1.0, 0.0, 0.09090909090909091
close,SIMPLE_NAME, line no: 152,header.getIndex(),METHOD_INVOCATION, line no: 250, 1.0, 1.0, 0.0, 0.058823529411764705
close,SIMPLE_NAME, line no: 152,bbuf0.limit(header.putIndex()),METHOD_INVOCATION, line no: 251, 1.0, 1.0, 0.0, 0.06666666666666667
close,SIMPLE_NAME, line no: 152,header.putIndex(),METHOD_INVOCATION, line no: 251, 1.0, 1.0, 0.0, 0.058823529411764705
close,SIMPLE_NAME, line no: 152,bbuf1.position(buffer.getIndex()),METHOD_INVOCATION, line no: 252, 1.0, 1.0, 0.0, 0.09090909090909091
close,SIMPLE_NAME, line no: 152,bbuf1.limit(buffer.putIndex()),METHOD_INVOCATION, line no: 253, 1.0, 1.0, 0.0, 0.06666666666666667
close,SIMPLE_NAME, line no: 152,_gather2[0]=bbuf0,ASSIGNMENT, line no: 255, 1.0, 1.0, 0.0, 0.058823529411764705
close,SIMPLE_NAME, line no: 152,_gather2[0],ARRAY_ACCESS, line no: 255, 1.0, 1.0, 0.0, 0.09090909090909091
close,SIMPLE_NAME, line no: 152,_gather2[1]=bbuf1,ASSIGNMENT, line no: 256, 1.0, 1.0, 0.0, 0.058823529411764705
close,SIMPLE_NAME, line no: 152,_gather2[1],ARRAY_ACCESS, line no: 256, 1.0, 1.0, 0.0, 0.09090909090909091
close,SIMPLE_NAME, line no: 152,1,NUMBER_LITERAL, line no: 256, 1.0, 1.0, 0.0, 0.0
close,SIMPLE_NAME, line no: 152,length=(int)((GatheringByteChannel)_channel).write(_gather2),ASSIGNMENT, line no: 259, 1.0, 1.0, 0.0, 0.05
close,SIMPLE_NAME, line no: 152,(int)((GatheringByteChannel)_channel).write(_gather2),CAST_EXPRESSION, line no: 259, 1.0, 1.0, 0.0, 0.05660377358490566
close,SIMPLE_NAME, line no: 152,((GatheringByteChannel)_channel).write(_gather2),METHOD_INVOCATION, line no: 259, 1.0, 1.0, 0.0, 0.0625
close,SIMPLE_NAME, line no: 152,((GatheringByteChannel)_channel),PARENTHESIZED_EXPRESSION, line no: 259, 1.0, 1.0, 0.0, 0.0625
close,SIMPLE_NAME, line no: 152,(GatheringByteChannel)_channel,CAST_EXPRESSION, line no: 259, 1.0, 1.0, 0.0, 0.06666666666666667
close,SIMPLE_NAME, line no: 152,hl,SIMPLE_NAME, line no: 261, 1.0, 1.0, 0.0, 0.2
close,SIMPLE_NAME, line no: 152,length > hl,INFIX_EXPRESSION, line no: 262, 1.0, 1.0, 0.0, 0.18181818181818182
close,SIMPLE_NAME, line no: 152,length > 0,INFIX_EXPRESSION, line no: 267, 1.0, 1.0, 0.0, 0.2
close,SIMPLE_NAME, line no: 152,nbuf,SIMPLE_NAME, line no: 142, 0.9642857142857143, 0.9642857142857143, 0.0, 0.0
close,SIMPLE_NAME, line no: 152,(NIOBuffer)buf,CAST_EXPRESSION, line no: 142, 0.9642857142857143, 0.9642857142857143, 0.0, 0.07142857142857142
close,SIMPLE_NAME, line no: 152,bbuf,SIMPLE_NAME, line no: 143, 0.9642857142857143, 0.9642857142857143, 0.0, 0.0
close,SIMPLE_NAME, line no: 152,nbuf.getByteBuffer(),METHOD_INVOCATION, line no: 143, 0.9642857142857143, 0.9642857142857143, 0.0, 0.05
close,SIMPLE_NAME, line no: 152,read,SIMPLE_NAME, line no: 150, 0.9642857142857143, 0.9642857142857143, 0.0, 0.2
close,SIMPLE_NAME, line no: 152,skip,SIMPLE_NAME, line no: 193, 0.9642857142857143, 0.9642857142857143, 0.0, 0.2
close(),METHOD_INVOCATION, line no: 152,nbuf,SIMPLE_NAME, line no: 142, 0.9629629629629629, 0.9629629629629629, 0.0, 0.0
close(),METHOD_INVOCATION, line no: 152,(NIOBuffer)buf,CAST_EXPRESSION, line no: 142, 0.9629629629629629, 0.9629629629629629, 0.0, 0.14285714285714285
close(),METHOD_INVOCATION, line no: 152,bbuf,SIMPLE_NAME, line no: 143, 0.9629629629629629, 0.9629629629629629, 0.0, 0.0
close(),METHOD_INVOCATION, line no: 152,nbuf.getByteBuffer(),METHOD_INVOCATION, line no: 143, 0.9629629629629629, 0.9629629629629629, 0.0, 0.15
close(),METHOD_INVOCATION, line no: 152,bbuf.position(buffer.putIndex()),METHOD_INVOCATION, line no: 149, 0.9629629629629629, 0.9629629629629629, 0.0, 0.15625
close(),METHOD_INVOCATION, line no: 152,_channel.read(bbuf),METHOD_INVOCATION, line no: 150, 0.9629629629629629, 0.9629629629629629, 0.0, 0.2631578947368421
close(),METHOD_INVOCATION, line no: 152,read,SIMPLE_NAME, line no: 150, 0.9629629629629629, 0.9629629629629629, 0.0, 0.14285714285714285
close(),METHOD_INVOCATION, line no: 152,buffer.skip(len),METHOD_INVOCATION, line no: 193, 0.9629629629629629, 0.9629629629629629, 0.0, 0.1875
close(),METHOD_INVOCATION, line no: 152,skip,SIMPLE_NAME, line no: 193, 0.9629629629629629, 0.9629629629629629, 0.0, 0.14285714285714285
close,SIMPLE_NAME, line no: 152,bbuf.position(buffer.putIndex()),METHOD_INVOCATION, line no: 149, 0.9285714285714286, 0.9285714285714286, 0.0, 0.09375
close,SIMPLE_NAME, line no: 152,_channel.read(bbuf),METHOD_INVOCATION, line no: 150, 0.9285714285714286, 0.9285714285714286, 0.0, 0.15789473684210525
close,SIMPLE_NAME, line no: 152,buffer.skip(len),METHOD_INVOCATION, line no: 193, 0.9285714285714286, 0.9285714285714286, 0.0, 0.125
close,SIMPLE_NAME, line no: 152,capacity,SIMPLE_NAME, line no: 195, 0.9285714285714286, 0.9285714285714286, 0.0, 0.125
close,SIMPLE_NAME, line no: 152,trailer,SIMPLE_NAME, line no: 222, 0.9285714285714286, 0.03571428571428571, 0.0, 0.2857142857142857
close,SIMPLE_NAME, line no: 152,!header.isImmutable(),PREFIX_EXPRESSION, line no: 275, 0.9285714285714286, 0.9285714285714286, 0.0, 0.09523809523809523
close,SIMPLE_NAME, line no: 152,header.isImmutable(),METHOD_INVOCATION, line no: 275, 0.9285714285714286, 0.9285714285714286, 0.0, 0.1
close,SIMPLE_NAME, line no: 152,isImmutable,SIMPLE_NAME, line no: 275, 0.9285714285714286, 0.9285714285714286, 0.0, 0.18181818181818182
close,SIMPLE_NAME, line no: 152,bbuf0.position(),METHOD_INVOCATION, line no: 276, 0.9285714285714286, 0.9285714285714286, 0.0, 0.125
close,SIMPLE_NAME, line no: 152,!buffer.isImmutable(),PREFIX_EXPRESSION, line no: 277, 0.9285714285714286, 0.9285714285714286, 0.0, 0.09523809523809523
close,SIMPLE_NAME, line no: 152,buffer.isImmutable(),METHOD_INVOCATION, line no: 277, 0.9285714285714286, 0.9285714285714286, 0.0, 0.1
close,SIMPLE_NAME, line no: 152,bbuf1.position(),METHOD_INVOCATION, line no: 278, 0.9285714285714286, 0.9285714285714286, 0.0, 0.125
close,SIMPLE_NAME, line no: 152,bbuf0.position(0),METHOD_INVOCATION, line no: 280, 0.9285714285714286, 0.9285714285714286, 0.0, 0.11764705882352941
close,SIMPLE_NAME, line no: 152,bbuf1.position(0),METHOD_INVOCATION, line no: 281, 0.9285714285714286, 0.9285714285714286, 0.0, 0.11764705882352941
close,SIMPLE_NAME, line no: 152,bbuf0.limit(bbuf0.capacity()),METHOD_INVOCATION, line no: 282, 0.9285714285714286, 0.9285714285714286, 0.0, 0.034482758620689655
close,SIMPLE_NAME, line no: 152,bbuf0.capacity(),METHOD_INVOCATION, line no: 282, 0.9285714285714286, 0.9285714285714286, 0.0, 0.0625
close,SIMPLE_NAME, line no: 152,bbuf1.limit(bbuf1.capacity()),METHOD_INVOCATION, line no: 283, 0.9285714285714286, 0.9285714285714286, 0.0, 0.034482758620689655
close,SIMPLE_NAME, line no: 152,bbuf1.capacity(),METHOD_INVOCATION, line no: 283, 0.9285714285714286, 0.9285714285714286, 0.0, 0.0625
close,SIMPLE_NAME, line no: 152,buffer.length() > 0,INFIX_EXPRESSION, line no: 293, 0.9285714285714286, 0.8928571428571429, 0.0, 0.10526315789473684
close,SIMPLE_NAME, line no: 152,trailer != null,INFIX_EXPRESSION, line no: 298, 0.9285714285714286, 0.8928571428571429, 0.0, 0.13333333333333333
close,SIMPLE_NAME, line no: 152,trailer.length() > 0,INFIX_EXPRESSION, line no: 298, 0.9285714285714286, 0.8928571428571429, 0.0, 0.1
close,SIMPLE_NAME, line no: 152,trailer.length(),METHOD_INVOCATION, line no: 298, 0.9285714285714286, 0.8928571428571429, 0.0, 0.125
close,SIMPLE_NAME, line no: 152,header != null && header.length() > 0,INFIX_EXPRESSION, line no: 306, 0.9285714285714286, 0.9285714285714286, 0.0, 0.05405405405405406
close,SIMPLE_NAME, line no: 152,header.length() > 0,INFIX_EXPRESSION, line no: 306, 0.9285714285714286, 0.9285714285714286, 0.0, 0.10526315789473684
close,SIMPLE_NAME, line no: 152,length=flush(header),ASSIGNMENT, line no: 307, 0.9285714285714286, 0.9285714285714286, 0.0, 0.15
close,SIMPLE_NAME, line no: 152,flush(header),METHOD_INVOCATION, line no: 307, 0.9285714285714286, 0.9285714285714286, 0.0, 0.23076923076923078
close,SIMPLE_NAME, line no: 152,(header == null || header.length() == 0) && buffer != null && buffer.length() > 0,INFIX_EXPRESSION, line no: 310, 0.9285714285714286, 0.9285714285714286, 0.0, 0.024691358024691357
close,SIMPLE_NAME, line no: 152,(header == null || header.length() == 0) && buffer != null,INFIX_EXPRESSION, line no: 310, 0.9285714285714286, 0.9285714285714286, 0.0, 0.034482758620689655
close,SIMPLE_NAME, line no: 152,(header == null || header.length() == 0),PARENTHESIZED_EXPRESSION, line no: 310, 0.9285714285714286, 0.9285714285714286, 0.0, 0.05
close,SIMPLE_NAME, line no: 152,header == null || header.length() == 0,INFIX_EXPRESSION, line no: 310, 0.9285714285714286, 0.9285714285714286, 0.0, 0.05263157894736842
close,SIMPLE_NAME, line no: 152,header.length() == 0,INFIX_EXPRESSION, line no: 310, 0.9285714285714286, 0.9285714285714286, 0.0, 0.1
close,SIMPLE_NAME, line no: 152,length+=flush(buffer),ASSIGNMENT, line no: 312, 0.9285714285714286, 0.9285714285714286, 0.0, 0.14285714285714285
close,SIMPLE_NAME, line no: 152,flush(buffer),METHOD_INVOCATION, line no: 312, 0.9285714285714286, 0.9285714285714286, 0.0, 0.23076923076923078
close,SIMPLE_NAME, line no: 152,(header == null || header.length() == 0) && (buffer == null || buffer.length() == 0) && trailer != null && trailer.length() > 0,INFIX_EXPRESSION, line no: 315, 0.9285714285714286, 0.9285714285714286, 0.0, 0.015748031496062992
close,SIMPLE_NAME, line no: 152,(header == null || header.length() == 0) && (buffer == null || buffer.length() == 0) && trailer != null,INFIX_EXPRESSION, line no: 315, 0.9285714285714286, 0.9285714285714286, 0.0, 0.019417475728155338
close,SIMPLE_NAME, line no: 152,(buffer == null || buffer.length() == 0),PARENTHESIZED_EXPRESSION, line no: 316, 0.9285714285714286, 0.9285714285714286, 0.0, 0.05
close,SIMPLE_NAME, line no: 152,buffer == null || buffer.length() == 0,INFIX_EXPRESSION, line no: 316, 0.9285714285714286, 0.9285714285714286, 0.0, 0.05263157894736842
close,SIMPLE_NAME, line no: 152,buffer.length() == 0,INFIX_EXPRESSION, line no: 316, 0.9285714285714286, 0.9285714285714286, 0.0, 0.1
close,SIMPLE_NAME, line no: 152,length+=flush(trailer),ASSIGNMENT, line no: 318, 0.9285714285714286, 0.9285714285714286, 0.0, 0.13636363636363635
close,SIMPLE_NAME, line no: 152,flush(trailer),METHOD_INVOCATION, line no: 318, 0.9285714285714286, 0.9285714285714286, 0.0, 0.21428571428571427
close(),METHOD_INVOCATION, line no: 152,len=_channel.read(bbuf),ASSIGNMENT, line no: 150, 0.9259259259259259, 0.9259259259259259, 0.0, 0.21739130434782608
close(),METHOD_INVOCATION, line no: 152,len < 0,INFIX_EXPRESSION, line no: 151, 0.9259259259259259, 0.9259259259259259, 0.0, 0.2857142857142857
close(),METHOD_INVOCATION, line no: 152,bbuf.position(0),METHOD_INVOCATION, line no: 157, 0.9259259259259259, 0.6296296296296297, 0.0, 0.25
close(),METHOD_INVOCATION, line no: 152,bbuf.limit(bbuf.capacity()),METHOD_INVOCATION, line no: 195, 0.9259259259259259, 0.9259259259259259, 0.0, 0.1111111111111111
close(),METHOD_INVOCATION, line no: 152,bbuf.capacity(),METHOD_INVOCATION, line no: 195, 0.9259259259259259, 0.9259259259259259, 0.0, 0.2
close(),METHOD_INVOCATION, line no: 152,capacity,SIMPLE_NAME, line no: 195, 0.9259259259259259, 0.9259259259259259, 0.0, 0.125
close(),METHOD_INVOCATION, line no: 152,trailer,SIMPLE_NAME, line no: 222, 0.9259259259259259, 0.037037037037037035, 0.0, 0.2857142857142857
close(),METHOD_INVOCATION, line no: 152,!header.isImmutable(),PREFIX_EXPRESSION, line no: 275, 0.9259259259259259, 0.9259259259259259, 0.0, 0.19047619047619047
close(),METHOD_INVOCATION, line no: 152,header.isImmutable(),METHOD_INVOCATION, line no: 275, 0.9259259259259259, 0.9259259259259259, 0.0, 0.2
close(),METHOD_INVOCATION, line no: 152,isImmutable,SIMPLE_NAME, line no: 275, 0.9259259259259259, 0.9259259259259259, 0.0, 0.18181818181818182
close(),METHOD_INVOCATION, line no: 152,header.setGetIndex(bbuf0.position()),METHOD_INVOCATION, line no: 276, 0.9259259259259259, 0.9259259259259259, 0.0, 0.1111111111111111
close(),METHOD_INVOCATION, line no: 152,bbuf0.position(),METHOD_INVOCATION, line no: 276, 0.9259259259259259, 0.9259259259259259, 0.0, 0.25
close(),METHOD_INVOCATION, line no: 152,!buffer.isImmutable(),PREFIX_EXPRESSION, line no: 277, 0.9259259259259259, 0.9259259259259259, 0.0, 0.19047619047619047
close(),METHOD_INVOCATION, line no: 152,buffer.isImmutable(),METHOD_INVOCATION, line no: 277, 0.9259259259259259, 0.9259259259259259, 0.0, 0.2
close(),METHOD_INVOCATION, line no: 152,buffer.setGetIndex(bbuf1.position()),METHOD_INVOCATION, line no: 278, 0.9259259259259259, 0.9259259259259259, 0.0, 0.1111111111111111
close(),METHOD_INVOCATION, line no: 152,bbuf1.position(),METHOD_INVOCATION, line no: 278, 0.9259259259259259, 0.9259259259259259, 0.0, 0.25
close(),METHOD_INVOCATION, line no: 152,bbuf0.position(0),METHOD_INVOCATION, line no: 280, 0.9259259259259259, 0.9259259259259259, 0.0, 0.23529411764705882
close(),METHOD_INVOCATION, line no: 152,bbuf1.position(0),METHOD_INVOCATION, line no: 281, 0.9259259259259259, 0.9259259259259259, 0.0, 0.23529411764705882
close(),METHOD_INVOCATION, line no: 152,bbuf0.limit(bbuf0.capacity()),METHOD_INVOCATION, line no: 282, 0.9259259259259259, 0.9259259259259259, 0.0, 0.10344827586206896
close(),METHOD_INVOCATION, line no: 152,bbuf0.capacity(),METHOD_INVOCATION, line no: 282, 0.9259259259259259, 0.9259259259259259, 0.0, 0.1875
close(),METHOD_INVOCATION, line no: 152,bbuf1.limit(bbuf1.capacity()),METHOD_INVOCATION, line no: 283, 0.9259259259259259, 0.9259259259259259, 0.0, 0.10344827586206896
close(),METHOD_INVOCATION, line no: 152,bbuf1.capacity(),METHOD_INVOCATION, line no: 283, 0.9259259259259259, 0.9259259259259259, 0.0, 0.1875
close(),METHOD_INVOCATION, line no: 152,buffer.length() > 0,INFIX_EXPRESSION, line no: 293, 0.9259259259259259, 0.8888888888888888, 0.0, 0.21052631578947367
close(),METHOD_INVOCATION, line no: 152,trailer != null,INFIX_EXPRESSION, line no: 298, 0.9259259259259259, 0.8888888888888888, 0.0, 0.13333333333333333
close(),METHOD_INVOCATION, line no: 152,trailer.length() > 0,INFIX_EXPRESSION, line no: 298, 0.9259259259259259, 0.8888888888888888, 0.0, 0.2
close(),METHOD_INVOCATION, line no: 152,trailer.length(),METHOD_INVOCATION, line no: 298, 0.9259259259259259, 0.8888888888888888, 0.0, 0.25
close(),METHOD_INVOCATION, line no: 152,header != null && header.length() > 0,INFIX_EXPRESSION, line no: 306, 0.9259259259259259, 0.9259259259259259, 0.0, 0.10810810810810811
close(),METHOD_INVOCATION, line no: 152,header.length() > 0,INFIX_EXPRESSION, line no: 306, 0.9259259259259259, 0.9259259259259259, 0.0, 0.21052631578947367
close(),METHOD_INVOCATION, line no: 152,length=flush(header),ASSIGNMENT, line no: 307, 0.9259259259259259, 0.9259259259259259, 0.0, 0.2
close(),METHOD_INVOCATION, line no: 152,flush(header),METHOD_INVOCATION, line no: 307, 0.9259259259259259, 0.9259259259259259, 0.0, 0.3076923076923077
close(),METHOD_INVOCATION, line no: 152,(header == null || header.length() == 0) && buffer != null && buffer.length() > 0,INFIX_EXPRESSION, line no: 310, 0.9259259259259259, 0.9259259259259259, 0.0, 0.04938271604938271
close(),METHOD_INVOCATION, line no: 152,(header == null || header.length() == 0) && buffer != null,INFIX_EXPRESSION, line no: 310, 0.9259259259259259, 0.9259259259259259, 0.0, 0.06896551724137931
close(),METHOD_INVOCATION, line no: 152,(header == null || header.length() == 0),PARENTHESIZED_EXPRESSION, line no: 310, 0.9259259259259259, 0.9259259259259259, 0.0, 0.1
close(),METHOD_INVOCATION, line no: 152,header == null || header.length() == 0,INFIX_EXPRESSION, line no: 310, 0.9259259259259259, 0.9259259259259259, 0.0, 0.10526315789473684
close(),METHOD_INVOCATION, line no: 152,header.length() == 0,INFIX_EXPRESSION, line no: 310, 0.9259259259259259, 0.9259259259259259, 0.0, 0.2
close(),METHOD_INVOCATION, line no: 152,length+=flush(buffer),ASSIGNMENT, line no: 312, 0.9259259259259259, 0.9259259259259259, 0.0, 0.19047619047619047
close(),METHOD_INVOCATION, line no: 152,flush(buffer),METHOD_INVOCATION, line no: 312, 0.9259259259259259, 0.9259259259259259, 0.0, 0.3076923076923077
close(),METHOD_INVOCATION, line no: 152,(header == null || header.length() == 0) && (buffer == null || buffer.length() == 0) && trailer != null && trailer.length() > 0,INFIX_EXPRESSION, line no: 315, 0.9259259259259259, 0.9259259259259259, 0.0, 0.031496062992125984
close(),METHOD_INVOCATION, line no: 152,(header == null || header.length() == 0) && (buffer == null || buffer.length() == 0) && trailer != null,INFIX_EXPRESSION, line no: 315, 0.9259259259259259, 0.9259259259259259, 0.0, 0.038834951456310676
close(),METHOD_INVOCATION, line no: 152,(buffer == null || buffer.length() == 0),PARENTHESIZED_EXPRESSION, line no: 316, 0.9259259259259259, 0.9259259259259259, 0.0, 0.1
close(),METHOD_INVOCATION, line no: 152,buffer == null || buffer.length() == 0,INFIX_EXPRESSION, line no: 316, 0.9259259259259259, 0.9259259259259259, 0.0, 0.10526315789473684
close(),METHOD_INVOCATION, line no: 152,buffer.length() == 0,INFIX_EXPRESSION, line no: 316, 0.9259259259259259, 0.9259259259259259, 0.0, 0.2
close(),METHOD_INVOCATION, line no: 152,length+=flush(trailer),ASSIGNMENT, line no: 318, 0.9259259259259259, 0.9259259259259259, 0.0, 0.18181818181818182
close(),METHOD_INVOCATION, line no: 152,flush(trailer),METHOD_INVOCATION, line no: 318, 0.9259259259259259, 0.9259259259259259, 0.0, 0.2857142857142857
close,SIMPLE_NAME, line no: 152,len=_channel.read(bbuf),ASSIGNMENT, line no: 150, 0.8928571428571429, 0.8928571428571429, 0.0, 0.13043478260869565
close,SIMPLE_NAME, line no: 152,len < 0,INFIX_EXPRESSION, line no: 151, 0.8928571428571429, 0.8928571428571429, 0.0, 0.2857142857142857
close,SIMPLE_NAME, line no: 152,bbuf.position(0),METHOD_INVOCATION, line no: 157, 0.8928571428571429, 0.6071428571428571, 0.0, 0.125
close,SIMPLE_NAME, line no: 152,bbuf.limit(bbuf.capacity()),METHOD_INVOCATION, line no: 195, 0.8928571428571429, 0.8928571428571429, 0.0, 0.037037037037037035
close,SIMPLE_NAME, line no: 152,bbuf.capacity(),METHOD_INVOCATION, line no: 195, 0.8928571428571429, 0.8928571428571429, 0.0, 0.06666666666666667
close,SIMPLE_NAME, line no: 152,((RandomAccessFileBuffer)buf).writeTo(_channel buffer.getIndex() buffer.length()),METHOD_INVOCATION, line no: 201, 0.8928571428571429, 0.8928571428571429, 0.0, 0.04938271604938271
close,SIMPLE_NAME, line no: 152,((RandomAccessFileBuffer)buf),PARENTHESIZED_EXPRESSION, line no: 201, 0.8928571428571429, 0.8928571428571429, 0.0, 0.10344827586206896
close,SIMPLE_NAME, line no: 152,(RandomAccessFileBuffer)buf,CAST_EXPRESSION, line no: 201, 0.8928571428571429, 0.8928571428571429, 0.0, 0.1111111111111111
close,SIMPLE_NAME, line no: 152,writeTo,SIMPLE_NAME, line no: 201, 0.8928571428571429, 0.8928571428571429, 0.0, 0.14285714285714285
close,SIMPLE_NAME, line no: 152,b,SIMPLE_NAME, line no: 207, 0.8928571428571429, 0.8571428571428571, 0.0, 0.0
close,SIMPLE_NAME, line no: 152,len=_channel.write(b),ASSIGNMENT, line no: 208, 0.8928571428571429, 0.8928571428571429, 0.0, 0.14285714285714285
close,SIMPLE_NAME, line no: 152,_channel.write(b),METHOD_INVOCATION, line no: 208, 0.8928571428571429, 0.8928571428571429, 0.0, 0.17647058823529413
close,SIMPLE_NAME, line no: 152,buffer != null && buffer.length() > 0 && header.space() > buffer.length(),INFIX_EXPRESSION, line no: 293, 0.8928571428571429, 0.8928571428571429, 0.0, 0.0410958904109589
close,SIMPLE_NAME, line no: 152,buffer != null && buffer.length() > 0,INFIX_EXPRESSION, line no: 293, 0.8928571428571429, 0.8928571428571429, 0.0, 0.05405405405405406
close,SIMPLE_NAME, line no: 152,header.space() > buffer.length(),INFIX_EXPRESSION, line no: 293, 0.8928571428571429, 0.8928571428571429, 0.0, 0.09375
close,SIMPLE_NAME, line no: 152,header.space(),METHOD_INVOCATION, line no: 293, 0.8928571428571429, 0.8928571428571429, 0.0, 0.14285714285714285
close,SIMPLE_NAME, line no: 152,space,SIMPLE_NAME, line no: 293, 0.8928571428571429, 0.8928571428571429, 0.0, 0.4
close,SIMPLE_NAME, line no: 152,trailer != null && trailer.length() > 0 && header.space() > trailer.length(),INFIX_EXPRESSION, line no: 298, 0.8928571428571429, 0.8928571428571429, 0.0, 0.039473684210526314
close,SIMPLE_NAME, line no: 152,trailer != null && trailer.length() > 0,INFIX_EXPRESSION, line no: 298, 0.8928571428571429, 0.8928571428571429, 0.0, 0.05128205128205128
close,SIMPLE_NAME, line no: 152,header.space() > trailer.length(),INFIX_EXPRESSION, line no: 298, 0.8928571428571429, 0.8928571428571429, 0.0, 0.09090909090909091
close(),METHOD_INVOCATION, line no: 152,len > 0,INFIX_EXPRESSION, line no: 192, 0.8888888888888888, 0.8888888888888888, 0.0, 0.2857142857142857
close(),METHOD_INVOCATION, line no: 152,((RandomAccessFileBuffer)buf).writeTo(_channel buffer.getIndex() buffer.length()),METHOD_INVOCATION, line no: 201, 0.8888888888888888, 0.8888888888888888, 0.0, 0.07407407407407407
close(),METHOD_INVOCATION, line no: 152,((RandomAccessFileBuffer)buf),PARENTHESIZED_EXPRESSION, line no: 201, 0.8888888888888888, 0.8888888888888888, 0.0, 0.13793103448275862
close(),METHOD_INVOCATION, line no: 152,(RandomAccessFileBuffer)buf,CAST_EXPRESSION, line no: 201, 0.8888888888888888, 0.8888888888888888, 0.0, 0.14814814814814814
close(),METHOD_INVOCATION, line no: 152,writeTo,SIMPLE_NAME, line no: 201, 0.8888888888888888, 0.8888888888888888, 0.0, 0.14285714285714285
close(),METHOD_INVOCATION, line no: 152,b,SIMPLE_NAME, line no: 207, 0.8888888888888888, 0.8518518518518519, 0.0, 0.0
close(),METHOD_INVOCATION, line no: 152,len=_channel.write(b),ASSIGNMENT, line no: 208, 0.8888888888888888, 0.8888888888888888, 0.0, 0.23809523809523808
close(),METHOD_INVOCATION, line no: 152,_channel.write(b),METHOD_INVOCATION, line no: 208, 0.8888888888888888, 0.8888888888888888, 0.0, 0.29411764705882354
close(),METHOD_INVOCATION, line no: 152,buffer != null && buffer.length() > 0 && header.space() > buffer.length(),INFIX_EXPRESSION, line no: 293, 0.8888888888888888, 0.8888888888888888, 0.0, 0.0684931506849315
close(),METHOD_INVOCATION, line no: 152,buffer != null && buffer.length() > 0,INFIX_EXPRESSION, line no: 293, 0.8888888888888888, 0.8888888888888888, 0.0, 0.10810810810810811
close(),METHOD_INVOCATION, line no: 152,header.space() > buffer.length(),INFIX_EXPRESSION, line no: 293, 0.8888888888888888, 0.8888888888888888, 0.0, 0.15625
close(),METHOD_INVOCATION, line no: 152,header.space(),METHOD_INVOCATION, line no: 293, 0.8888888888888888, 0.8888888888888888, 0.0, 0.2857142857142857
close(),METHOD_INVOCATION, line no: 152,space,SIMPLE_NAME, line no: 293, 0.8888888888888888, 0.8888888888888888, 0.0, 0.2857142857142857
close(),METHOD_INVOCATION, line no: 152,trailer != null && trailer.length() > 0 && header.space() > trailer.length(),INFIX_EXPRESSION, line no: 298, 0.8888888888888888, 0.8888888888888888, 0.0, 0.06578947368421052
close(),METHOD_INVOCATION, line no: 152,trailer != null && trailer.length() > 0,INFIX_EXPRESSION, line no: 298, 0.8888888888888888, 0.8888888888888888, 0.0, 0.10256410256410256
close(),METHOD_INVOCATION, line no: 152,header.space() > trailer.length(),INFIX_EXPRESSION, line no: 298, 0.8888888888888888, 0.8888888888888888, 0.0, 0.15151515151515152
close,SIMPLE_NAME, line no: 152,bbuf.position(buffer.getIndex()),METHOD_INVOCATION, line no: 186, 0.8571428571428571, 0.8571428571428571, 0.0, 0.09375
close,SIMPLE_NAME, line no: 152,bbuf.limit(buffer.putIndex()),METHOD_INVOCATION, line no: 187, 0.8571428571428571, 0.8571428571428571, 0.0, 0.06896551724137931
close,SIMPLE_NAME, line no: 152,len=_channel.write(bbuf),ASSIGNMENT, line no: 188, 0.8571428571428571, 0.8571428571428571, 0.0, 0.125
close,SIMPLE_NAME, line no: 152,_channel.write(bbuf),METHOD_INVOCATION, line no: 188, 0.8571428571428571, 0.8571428571428571, 0.0, 0.15
close,SIMPLE_NAME, line no: 152,len > 0,INFIX_EXPRESSION, line no: 192, 0.8571428571428571, 0.8571428571428571, 0.0, 0.2857142857142857
close,SIMPLE_NAME, line no: 152,len=((RandomAccessFileBuffer)buf).writeTo(_channel buffer.getIndex() buffer.length()),ASSIGNMENT, line no: 201, 0.8571428571428571, 0.8571428571428571, 0.0, 0.047058823529411764
close,SIMPLE_NAME, line no: 152,ByteBuffer.wrap(buffer.array() buffer.getIndex() buffer.length()),METHOD_INVOCATION, line no: 207, 0.8571428571428571, 0.8571428571428571, 0.0, 0.03076923076923077
close,SIMPLE_NAME, line no: 152,wrap,SIMPLE_NAME, line no: 207, 0.8571428571428571, 0.8571428571428571, 0.0, 0.0
close(),METHOD_INVOCATION, line no: 152,bbuf.position(buffer.getIndex()),METHOD_INVOCATION, line no: 186, 0.8518518518518519, 0.8518518518518519, 0.0, 0.15625
close(),METHOD_INVOCATION, line no: 152,bbuf.limit(buffer.putIndex()),METHOD_INVOCATION, line no: 187, 0.8518518518518519, 0.8518518518518519, 0.0, 0.13793103448275862
close(),METHOD_INVOCATION, line no: 152,len=_channel.write(bbuf),ASSIGNMENT, line no: 188, 0.8518518518518519, 0.8518518518518519, 0.0, 0.20833333333333334
close(),METHOD_INVOCATION, line no: 152,_channel.write(bbuf),METHOD_INVOCATION, line no: 188, 0.8518518518518519, 0.8518518518518519, 0.0, 0.25
close(),METHOD_INVOCATION, line no: 152,len=((RandomAccessFileBuffer)buf).writeTo(_channel buffer.getIndex() buffer.length()),ASSIGNMENT, line no: 201, 0.8518518518518519, 0.8518518518518519, 0.0, 0.07058823529411765
close(),METHOD_INVOCATION, line no: 152,ByteBuffer.wrap(buffer.array() buffer.getIndex() buffer.length()),METHOD_INVOCATION, line no: 207, 0.8518518518518519, 0.8518518518518519, 0.0, 0.06153846153846154
close(),METHOD_INVOCATION, line no: 152,wrap,SIMPLE_NAME, line no: 207, 0.8518518518518519, 0.8518518518518519, 0.0, 0.0
close,SIMPLE_NAME, line no: 152,SocketChannel,SIMPLE_NAME, line no: 23, 0.8214285714285714, 0.03571428571428571, 0.0, 0.15384615384615385
close,SIMPLE_NAME, line no: 152,_socket,SIMPLE_NAME, line no: 39, 0.8214285714285714, 0.03571428571428571, 0.0, 0.2857142857142857
close,SIMPLE_NAME, line no: 152,channel,SIMPLE_NAME, line no: 44, 0.8214285714285714, 0.03571428571428571, 0.0, 0.2857142857142857
close,SIMPLE_NAME, line no: 152,((SocketChannel)channel).socket(),METHOD_INVOCATION, line no: 48, 0.8214285714285714, 0.8214285714285714, 0.0, 0.12121212121212122
close,SIMPLE_NAME, line no: 152,((SocketChannel)channel),PARENTHESIZED_EXPRESSION, line no: 48, 0.8214285714285714, 0.8214285714285714, 0.0, 0.125
close,SIMPLE_NAME, line no: 152,(SocketChannel)channel,CAST_EXPRESSION, line no: 48, 0.8214285714285714, 0.8214285714285714, 0.0, 0.13636363636363635
close,SIMPLE_NAME, line no: 152,socket,SIMPLE_NAME, line no: 48, 0.8214285714285714, 0.8214285714285714, 0.0, 0.3333333333333333
close,SIMPLE_NAME, line no: 152,_socket != null,INFIX_EXPRESSION, line no: 49, 0.8214285714285714, 0.8214285714285714, 0.0, 0.13333333333333333
close,SIMPLE_NAME, line no: 152,isOutputShutdown,SIMPLE_NAME, line no: 109, 0.8214285714285714, 0.75, 0.0, 0.0625
close,SIMPLE_NAME, line no: 152,_socket.isOutputShutdown(),METHOD_INVOCATION, line no: 119, 0.8214285714285714, 0.8214285714285714, 0.0, 0.07692307692307693
close(),METHOD_INVOCATION, line no: 152,SocketChannel,SIMPLE_NAME, line no: 23, 0.8148148148148148, 0.037037037037037035, 0.0, 0.15384615384615385
close(),METHOD_INVOCATION, line no: 152,_socket,SIMPLE_NAME, line no: 39, 0.8148148148148148, 0.037037037037037035, 0.0, 0.2857142857142857
close(),METHOD_INVOCATION, line no: 152,channel,SIMPLE_NAME, line no: 44, 0.8148148148148148, 0.037037037037037035, 0.0, 0.2857142857142857
close(),METHOD_INVOCATION, line no: 152,((SocketChannel)channel).socket(),METHOD_INVOCATION, line no: 48, 0.8148148148148148, 0.8148148148148148, 0.0, 0.18181818181818182
close(),METHOD_INVOCATION, line no: 152,((SocketChannel)channel),PARENTHESIZED_EXPRESSION, line no: 48, 0.8148148148148148, 0.8148148148148148, 0.0, 0.16666666666666666
close(),METHOD_INVOCATION, line no: 152,(SocketChannel)channel,CAST_EXPRESSION, line no: 48, 0.8148148148148148, 0.8148148148148148, 0.0, 0.13636363636363635
close(),METHOD_INVOCATION, line no: 152,socket,SIMPLE_NAME, line no: 48, 0.8148148148148148, 0.8148148148148148, 0.0, 0.2857142857142857
close(),METHOD_INVOCATION, line no: 152,_socket != null,INFIX_EXPRESSION, line no: 49, 0.8148148148148148, 0.8148148148148148, 0.0, 0.13333333333333333
close(),METHOD_INVOCATION, line no: 152,isOutputShutdown,SIMPLE_NAME, line no: 109, 0.8148148148148148, 0.7407407407407407, 0.0, 0.0625
close(),METHOD_INVOCATION, line no: 152,_socket.isOutputShutdown(),METHOD_INVOCATION, line no: 119, 0.8148148148148148, 0.8148148148148148, 0.0, 0.15384615384615385
close(),METHOD_INVOCATION, line no: 152,_channel.close(),METHOD_INVOCATION, line no: 130, 0.8148148148148148, 0.8148148148148148, 0.0, 0.4375
close,SIMPLE_NAME, line no: 152,_maxIdleTime,SIMPLE_NAME, line no: 42, 0.7857142857142857, 0.03571428571428571, 0.0, 0.16666666666666666
close,SIMPLE_NAME, line no: 152,this._channel=channel,ASSIGNMENT, line no: 47, 0.7857142857142857, 0.7857142857142857, 0.0, 0.14285714285714285
close,SIMPLE_NAME, line no: 152,this._channel,FIELD_ACCESS, line no: 47, 0.7857142857142857, 0.7857142857142857, 0.0, 0.15384615384615385
close,SIMPLE_NAME, line no: 152,_socket=(channel instanceof SocketChannel) ? ((SocketChannel)channel).socket() : null,ASSIGNMENT, line no: 48, 0.7857142857142857, 0.7857142857142857, 0.0, 0.058823529411764705
close,SIMPLE_NAME, line no: 152,(channel instanceof SocketChannel) ? ((SocketChannel)channel).socket() : null,CONDITIONAL_EXPRESSION, line no: 48, 0.7857142857142857, 0.7857142857142857, 0.0, 0.06493506493506493
close,SIMPLE_NAME, line no: 152,(channel instanceof SocketChannel),PARENTHESIZED_EXPRESSION, line no: 48, 0.7857142857142857, 0.7857142857142857, 0.0, 0.11764705882352941
close,SIMPLE_NAME, line no: 152,channel instanceof SocketChannel,INSTANCEOF_EXPRESSION, line no: 48, 0.7857142857142857, 0.7857142857142857, 0.0, 0.125
close,SIMPLE_NAME, line no: 152,maxIdleTime,SIMPLE_NAME, line no: 61, 0.7857142857142857, 0.03571428571428571, 0.0, 0.18181818181818182
close,SIMPLE_NAME, line no: 152,_maxIdleTime=maxIdleTime,ASSIGNMENT, line no: 64, 0.7857142857142857, 0.7857142857142857, 0.0, 0.08333333333333333
close,SIMPLE_NAME, line no: 152,_socket != null && !_socket.isOutputShutdown(),INFIX_EXPRESSION, line no: 119, 0.7857142857142857, 0.7857142857142857, 0.0, 0.08695652173913043
close,SIMPLE_NAME, line no: 152,!_socket.isOutputShutdown(),PREFIX_EXPRESSION, line no: 119, 0.7857142857142857, 0.7857142857142857, 0.0, 0.07407407407407407
close(),METHOD_INVOCATION, line no: 152,_maxIdleTime,SIMPLE_NAME, line no: 42, 0.7777777777777778, 0.037037037037037035, 0.0, 0.16666666666666666
close(),METHOD_INVOCATION, line no: 152,this._channel=channel,ASSIGNMENT, line no: 47, 0.7777777777777778, 0.7777777777777778, 0.0, 0.14285714285714285
close(),METHOD_INVOCATION, line no: 152,this._channel,FIELD_ACCESS, line no: 47, 0.7777777777777778, 0.7777777777777778, 0.0, 0.15384615384615385
close(),METHOD_INVOCATION, line no: 152,_socket=(channel instanceof SocketChannel) ? ((SocketChannel)channel).socket() : null,ASSIGNMENT, line no: 48, 0.7777777777777778, 0.7777777777777778, 0.0, 0.08235294117647059
close(),METHOD_INVOCATION, line no: 152,(channel instanceof SocketChannel) ? ((SocketChannel)channel).socket() : null,CONDITIONAL_EXPRESSION, line no: 48, 0.7777777777777778, 0.7777777777777778, 0.0, 0.09090909090909091
close(),METHOD_INVOCATION, line no: 152,(channel instanceof SocketChannel),PARENTHESIZED_EXPRESSION, line no: 48, 0.7777777777777778, 0.7777777777777778, 0.0, 0.14705882352941177
close(),METHOD_INVOCATION, line no: 152,channel instanceof SocketChannel,INSTANCEOF_EXPRESSION, line no: 48, 0.7777777777777778, 0.7777777777777778, 0.0, 0.125
close(),METHOD_INVOCATION, line no: 152,maxIdleTime,SIMPLE_NAME, line no: 61, 0.7777777777777778, 0.037037037037037035, 0.0, 0.18181818181818182
close(),METHOD_INVOCATION, line no: 152,_maxIdleTime=maxIdleTime,ASSIGNMENT, line no: 64, 0.7777777777777778, 0.7777777777777778, 0.0, 0.08333333333333333
close(),METHOD_INVOCATION, line no: 152,socket.shutdownOutput(),METHOD_INVOCATION, line no: 110, 0.7777777777777778, 0.7777777777777778, 0.0, 0.17391304347826086
close(),METHOD_INVOCATION, line no: 152,_socket != null && !_socket.isOutputShutdown(),INFIX_EXPRESSION, line no: 119, 0.7777777777777778, 0.7777777777777778, 0.0, 0.13043478260869565
close(),METHOD_INVOCATION, line no: 152,!_socket.isOutputShutdown(),PREFIX_EXPRESSION, line no: 119, 0.7777777777777778, 0.7777777777777778, 0.0, 0.14814814814814814
close,SIMPLE_NAME, line no: 152,_socket.getLocalSocketAddress(),METHOD_INVOCATION, line no: 51, 0.75, 0.75, 0.0, 0.12903225806451613
close,SIMPLE_NAME, line no: 152,getLocalSocketAddress,SIMPLE_NAME, line no: 51, 0.75, 0.75, 0.0, 0.19047619047619047
close,SIMPLE_NAME, line no: 152,_socket.getRemoteSocketAddress(),METHOD_INVOCATION, line no: 52, 0.75, 0.75, 0.0, 0.09375
close,SIMPLE_NAME, line no: 152,getRemoteSocketAddress,SIMPLE_NAME, line no: 52, 0.75, 0.75, 0.0, 0.09090909090909091
close,SIMPLE_NAME, line no: 152,_socket.getSoTimeout(),METHOD_INVOCATION, line no: 53, 0.75, 0.75, 0.0, 0.13636363636363635
close,SIMPLE_NAME, line no: 152,getSoTimeout,SIMPLE_NAME, line no: 53, 0.75, 0.75, 0.0, 0.16666666666666666
close,SIMPLE_NAME, line no: 152,isOpen,SIMPLE_NAME, line no: 96, 0.75, 0.03571428571428571, 0.0, 0.3333333333333333
close,SIMPLE_NAME, line no: 152,_channel.isOpen(),METHOD_INVOCATION, line no: 98, 0.75, 0.14285714285714285, 0.0, 0.23529411764705882
close,SIMPLE_NAME, line no: 152,_channel.isOpen() && _channel instanceof SocketChannel,INFIX_EXPRESSION, line no: 106, 0.75, 0.75, 0.0, 0.07407407407407407
close,SIMPLE_NAME, line no: 152,_channel instanceof SocketChannel,INSTANCEOF_EXPRESSION, line no: 106, 0.75, 0.75, 0.0, 0.12121212121212122
close,SIMPLE_NAME, line no: 152,socket.isClosed(),METHOD_INVOCATION, line no: 109, 0.75, 0.75, 0.0, 0.29411764705882354
close,SIMPLE_NAME, line no: 152,isClosed,SIMPLE_NAME, line no: 109, 0.75, 0.75, 0.0, 0.5
close,SIMPLE_NAME, line no: 152,socket.isOutputShutdown(),METHOD_INVOCATION, line no: 109, 0.75, 0.75, 0.0, 0.08
close(),METHOD_INVOCATION, line no: 152,_socket.getLocalSocketAddress(),METHOD_INVOCATION, line no: 51, 0.7407407407407407, 0.7407407407407407, 0.0, 0.1935483870967742
close(),METHOD_INVOCATION, line no: 152,getLocalSocketAddress,SIMPLE_NAME, line no: 51, 0.7407407407407407, 0.7407407407407407, 0.0, 0.19047619047619047
close(),METHOD_INVOCATION, line no: 152,_socket.getRemoteSocketAddress(),METHOD_INVOCATION, line no: 52, 0.7407407407407407, 0.7407407407407407, 0.0, 0.15625
close(),METHOD_INVOCATION, line no: 152,getRemoteSocketAddress,SIMPLE_NAME, line no: 52, 0.7407407407407407, 0.7407407407407407, 0.0, 0.09090909090909091
close(),METHOD_INVOCATION, line no: 152,_socket.getSoTimeout(),METHOD_INVOCATION, line no: 53, 0.7407407407407407, 0.7407407407407407, 0.0, 0.22727272727272727
close(),METHOD_INVOCATION, line no: 152,getSoTimeout,SIMPLE_NAME, line no: 53, 0.7407407407407407, 0.7407407407407407, 0.0, 0.16666666666666666
close(),METHOD_INVOCATION, line no: 152,_socket.setSoTimeout(_maxIdleTime),METHOD_INVOCATION, line no: 70, 0.7407407407407407, 0.7407407407407407, 0.0, 0.14705882352941177
close(),METHOD_INVOCATION, line no: 152,isOpen,SIMPLE_NAME, line no: 96, 0.7407407407407407, 0.037037037037037035, 0.0, 0.2857142857142857
close(),METHOD_INVOCATION, line no: 152,_channel.isOpen(),METHOD_INVOCATION, line no: 98, 0.7407407407407407, 0.14814814814814814, 0.0, 0.35294117647058826
close(),METHOD_INVOCATION, line no: 152,_channel.isOpen() && _channel instanceof SocketChannel,INFIX_EXPRESSION, line no: 106, 0.7407407407407407, 0.7407407407407407, 0.0, 0.1111111111111111
close(),METHOD_INVOCATION, line no: 152,_channel instanceof SocketChannel,INSTANCEOF_EXPRESSION, line no: 106, 0.7407407407407407, 0.7407407407407407, 0.0, 0.12121212121212122
close(),METHOD_INVOCATION, line no: 152,socket.isClosed(),METHOD_INVOCATION, line no: 109, 0.7407407407407407, 0.7407407407407407, 0.0, 0.4117647058823529
close(),METHOD_INVOCATION, line no: 152,isClosed,SIMPLE_NAME, line no: 109, 0.7407407407407407, 0.7407407407407407, 0.0, 0.5
close(),METHOD_INVOCATION, line no: 152,socket.isOutputShutdown(),METHOD_INVOCATION, line no: 109, 0.7407407407407407, 0.7407407407407407, 0.0, 0.16
close(),METHOD_INVOCATION, line no: 152,timeMs,SIMPLE_NAME, line no: 452, 0.7407407407407407, 0.037037037037037035, 0.0, 0.14285714285714285
close,SIMPLE_NAME, line no: 152,InetSocketAddress,SIMPLE_NAME, line no: 17, 0.7142857142857143, 0.03571428571428571, 0.0, 0.11764705882352941
close,SIMPLE_NAME, line no: 152,StringUtil,SIMPLE_NAME, line no: 27, 0.7142857142857143, 0.03571428571428571, 0.0, 0.1
close,SIMPLE_NAME, line no: 152,_local,SIMPLE_NAME, line no: 40, 0.7142857142857143, 0.03571428571428571, 0.0, 0.3333333333333333
close,SIMPLE_NAME, line no: 152,_remote,SIMPLE_NAME, line no: 41, 0.7142857142857143, 0.03571428571428571, 0.0, 0.2857142857142857
close,SIMPLE_NAME, line no: 152,_local=(InetSocketAddress)_socket.getLocalSocketAddress(),ASSIGNMENT, line no: 51, 0.7142857142857143, 0.7142857142857143, 0.0, 0.08771929824561403
close,SIMPLE_NAME, line no: 152,(InetSocketAddress)_socket.getLocalSocketAddress(),CAST_EXPRESSION, line no: 51, 0.7142857142857143, 0.7142857142857143, 0.0, 0.08
close,SIMPLE_NAME, line no: 152,_remote=(InetSocketAddress)_socket.getRemoteSocketAddress(),ASSIGNMENT, line no: 52, 0.7142857142857143, 0.7142857142857143, 0.0, 0.05084745762711865
close,SIMPLE_NAME, line no: 152,(InetSocketAddress)_socket.getRemoteSocketAddress(),CAST_EXPRESSION, line no: 52, 0.7142857142857143, 0.7142857142857143, 0.0, 0.058823529411764705
close,SIMPLE_NAME, line no: 152,_maxIdleTime=_socket.getSoTimeout(),ASSIGNMENT, line no: 53, 0.7142857142857143, 0.7142857142857143, 0.0, 0.08571428571428572
close,SIMPLE_NAME, line no: 152,((SocketChannel)_channel).socket(),METHOD_INVOCATION, line no: 108, 0.7142857142857143, 0.7142857142857143, 0.0, 0.11764705882352941
close,SIMPLE_NAME, line no: 152,((SocketChannel)_channel),PARENTHESIZED_EXPRESSION, line no: 108, 0.7142857142857143, 0.7142857142857143, 0.0, 0.12
close,SIMPLE_NAME, line no: 152,(SocketChannel)_channel,CAST_EXPRESSION, line no: 108, 0.7142857142857143, 0.7142857142857143, 0.0, 0.13043478260869565
close,SIMPLE_NAME, line no: 152,!socket.isClosed() && !socket.isOutputShutdown(),INFIX_EXPRESSION, line no: 109, 0.7142857142857143, 0.7142857142857143, 0.0, 0.10416666666666667
close,SIMPLE_NAME, line no: 152,!socket.isClosed(),PREFIX_EXPRESSION, line no: 109, 0.7142857142857143, 0.7142857142857143, 0.0, 0.2777777777777778
close,SIMPLE_NAME, line no: 152,!socket.isOutputShutdown(),PREFIX_EXPRESSION, line no: 109, 0.7142857142857143, 0.7142857142857143, 0.0, 0.07692307692307693
close,SIMPLE_NAME, line no: 152,_socket == null,INFIX_EXPRESSION, line no: 339, 0.7142857142857143, 0.7142857142857143, 0.0, 0.13333333333333333
close,SIMPLE_NAME, line no: 152,_local == null || _local.getAddress() == null || _local.getAddress().isAnyLocalAddress(),INFIX_EXPRESSION, line no: 341, 0.7142857142857143, 0.7142857142857143, 0.0, 0.056818181818181816
close,SIMPLE_NAME, line no: 152,_local == null || _local.getAddress() == null,INFIX_EXPRESSION, line no: 341, 0.7142857142857143, 0.7142857142857143, 0.0, 0.08888888888888889
close,SIMPLE_NAME, line no: 152,_local == null,INFIX_EXPRESSION, line no: 341, 0.7142857142857143, 0.7142857142857143, 0.0, 0.14285714285714285
close,SIMPLE_NAME, line no: 152,_local.getAddress() == null,INFIX_EXPRESSION, line no: 341, 0.7142857142857143, 0.7142857142857143, 0.0, 0.1111111111111111
close,SIMPLE_NAME, line no: 152,_local.getAddress(),METHOD_INVOCATION, line no: 341, 0.7142857142857143, 0.7142857142857143, 0.0, 0.15789473684210525
close,SIMPLE_NAME, line no: 152,getAddress,SIMPLE_NAME, line no: 341, 0.7142857142857143, 0.7142857142857143, 0.0, 0.1
close,SIMPLE_NAME, line no: 152,_local.getAddress().isAnyLocalAddress(),METHOD_INVOCATION, line no: 341, 0.7142857142857143, 0.7142857142857143, 0.0, 0.10256410256410256
close,SIMPLE_NAME, line no: 152,isAnyLocalAddress,SIMPLE_NAME, line no: 341, 0.7142857142857143, 0.7142857142857143, 0.0, 0.17647058823529413
close,SIMPLE_NAME, line no: 152,StringUtil.ALL_INTERFACES,QUALIFIED_NAME, line no: 342, 0.7142857142857143, 0.7142857142857143, 0.0, 0.04
close,SIMPLE_NAME, line no: 152,ALL_INTERFACES,SIMPLE_NAME, line no: 342, 0.7142857142857143, 0.7142857142857143, 0.0, 0.0
close,SIMPLE_NAME, line no: 152,timeMs,SIMPLE_NAME, line no: 452, 0.7142857142857143, 0.03571428571428571, 0.0, 0.16666666666666666
close(),METHOD_INVOCATION, line no: 152,InetSocketAddress,SIMPLE_NAME, line no: 17, 0.7037037037037037, 0.037037037037037035, 0.0, 0.11764705882352941
close(),METHOD_INVOCATION, line no: 152,StringUtil,SIMPLE_NAME, line no: 27, 0.7037037037037037, 0.037037037037037035, 0.0, 0.1
close(),METHOD_INVOCATION, line no: 152,_local,SIMPLE_NAME, line no: 40, 0.7037037037037037, 0.037037037037037035, 0.0, 0.2857142857142857
close(),METHOD_INVOCATION, line no: 152,_remote,SIMPLE_NAME, line no: 41, 0.7037037037037037, 0.037037037037037035, 0.0, 0.2857142857142857
close(),METHOD_INVOCATION, line no: 152,_local=(InetSocketAddress)_socket.getLocalSocketAddress(),ASSIGNMENT, line no: 51, 0.7037037037037037, 0.7037037037037037, 0.0, 0.12280701754385964
close(),METHOD_INVOCATION, line no: 152,(InetSocketAddress)_socket.getLocalSocketAddress(),CAST_EXPRESSION, line no: 51, 0.7037037037037037, 0.7037037037037037, 0.0, 0.12
close(),METHOD_INVOCATION, line no: 152,_remote=(InetSocketAddress)_socket.getRemoteSocketAddress(),ASSIGNMENT, line no: 52, 0.7037037037037037, 0.7037037037037037, 0.0, 0.0847457627118644
close(),METHOD_INVOCATION, line no: 152,(InetSocketAddress)_socket.getRemoteSocketAddress(),CAST_EXPRESSION, line no: 52, 0.7037037037037037, 0.7037037037037037, 0.0, 0.09803921568627451
close(),METHOD_INVOCATION, line no: 152,_maxIdleTime=_socket.getSoTimeout(),ASSIGNMENT, line no: 53, 0.7037037037037037, 0.7037037037037037, 0.0, 0.14285714285714285
close(),METHOD_INVOCATION, line no: 152,((SocketChannel)_channel).socket(),METHOD_INVOCATION, line no: 108, 0.7037037037037037, 0.7037037037037037, 0.0, 0.17647058823529413
close(),METHOD_INVOCATION, line no: 152,((SocketChannel)_channel),PARENTHESIZED_EXPRESSION, line no: 108, 0.7037037037037037, 0.7037037037037037, 0.0, 0.16
close(),METHOD_INVOCATION, line no: 152,(SocketChannel)_channel,CAST_EXPRESSION, line no: 108, 0.7037037037037037, 0.7037037037037037, 0.0, 0.13043478260869565
close(),METHOD_INVOCATION, line no: 152,!socket.isClosed() && !socket.isOutputShutdown(),INFIX_EXPRESSION, line no: 109, 0.7037037037037037, 0.7037037037037037, 0.0, 0.14583333333333334
close(),METHOD_INVOCATION, line no: 152,!socket.isClosed(),PREFIX_EXPRESSION, line no: 109, 0.7037037037037037, 0.7037037037037037, 0.0, 0.3888888888888889
close(),METHOD_INVOCATION, line no: 152,!socket.isOutputShutdown(),PREFIX_EXPRESSION, line no: 109, 0.7037037037037037, 0.7037037037037037, 0.0, 0.15384615384615385
close(),METHOD_INVOCATION, line no: 152,_socket == null,INFIX_EXPRESSION, line no: 339, 0.7037037037037037, 0.7037037037037037, 0.0, 0.13333333333333333
close(),METHOD_INVOCATION, line no: 152,_local == null || _local.getAddress() == null || _local.getAddress().isAnyLocalAddress(),INFIX_EXPRESSION, line no: 341, 0.7037037037037037, 0.7037037037037037, 0.0, 0.07954545454545454
close(),METHOD_INVOCATION, line no: 152,_local == null || _local.getAddress() == null,INFIX_EXPRESSION, line no: 341, 0.7037037037037037, 0.7037037037037037, 0.0, 0.13333333333333333
close(),METHOD_INVOCATION, line no: 152,_local == null,INFIX_EXPRESSION, line no: 341, 0.7037037037037037, 0.7037037037037037, 0.0, 0.14285714285714285
close(),METHOD_INVOCATION, line no: 152,_local.getAddress() == null,INFIX_EXPRESSION, line no: 341, 0.7037037037037037, 0.7037037037037037, 0.0, 0.18518518518518517
close(),METHOD_INVOCATION, line no: 152,_local.getAddress(),METHOD_INVOCATION, line no: 341, 0.7037037037037037, 0.7037037037037037, 0.0, 0.2631578947368421
close(),METHOD_INVOCATION, line no: 152,getAddress,SIMPLE_NAME, line no: 341, 0.7037037037037037, 0.7037037037037037, 0.0, 0.1
close(),METHOD_INVOCATION, line no: 152,_local.getAddress().isAnyLocalAddress(),METHOD_INVOCATION, line no: 341, 0.7037037037037037, 0.7037037037037037, 0.0, 0.15384615384615385
close(),METHOD_INVOCATION, line no: 152,isAnyLocalAddress,SIMPLE_NAME, line no: 341, 0.7037037037037037, 0.7037037037037037, 0.0, 0.17647058823529413
close(),METHOD_INVOCATION, line no: 152,StringUtil.ALL_INTERFACES,QUALIFIED_NAME, line no: 342, 0.7037037037037037, 0.7037037037037037, 0.0, 0.04
close(),METHOD_INVOCATION, line no: 152,ALL_INTERFACES,SIMPLE_NAME, line no: 342, 0.7037037037037037, 0.7037037037037037, 0.0, 0.0
close(),METHOD_INVOCATION, line no: 152,_socket.setSoTimeout(timeMs > 0 ? timeMs : 0),METHOD_INVOCATION, line no: 455, 0.7037037037037037, 0.7037037037037037, 0.0, 0.1111111111111111
close(),METHOD_INVOCATION, line no: 152,timeMs > 0 ? timeMs : 0,CONDITIONAL_EXPRESSION, line no: 455, 0.7037037037037037, 0.7037037037037037, 0.0, 0.08695652173913043
close(),METHOD_INVOCATION, line no: 152,timeMs > 0,INFIX_EXPRESSION, line no: 455, 0.7037037037037037, 0.7037037037037037, 0.0, 0.1
close,SIMPLE_NAME, line no: 152,Socket,SIMPLE_NAME, line no: 18, 0.6785714285714286, 0.03571428571428571, 0.0, 0.3333333333333333
close,SIMPLE_NAME, line no: 152,_local.getAddress().getHostAddress(),METHOD_INVOCATION, line no: 343, 0.6785714285714286, 0.6785714285714286, 0.0, 0.1388888888888889
close,SIMPLE_NAME, line no: 152,getHostAddress,SIMPLE_NAME, line no: 343, 0.6785714285714286, 0.6785714285714286, 0.0, 0.21428571428571427
close,SIMPLE_NAME, line no: 152,_local.getAddress().getCanonicalHostName(),METHOD_INVOCATION, line no: 356, 0.6785714285714286, 0.6785714285714286, 0.0, 0.11904761904761904
close,SIMPLE_NAME, line no: 152,getCanonicalHostName,SIMPLE_NAME, line no: 356, 0.6785714285714286, 0.6785714285714286, 0.0, 0.25
close,SIMPLE_NAME, line no: 152,timeMs > 0 ? timeMs : 0,CONDITIONAL_EXPRESSION, line no: 455, 0.6785714285714286, 0.6785714285714286, 0.0, 0.08695652173913043
close,SIMPLE_NAME, line no: 152,timeMs > 0,INFIX_EXPRESSION, line no: 455, 0.6785714285714286, 0.6785714285714286, 0.0, 0.1
close(),METHOD_INVOCATION, line no: 152,Socket,SIMPLE_NAME, line no: 18, 0.6666666666666666, 0.037037037037037035, 0.0, 0.2857142857142857
close(),METHOD_INVOCATION, line no: 152,bbuf.position(),METHOD_INVOCATION, line no: 156, 0.6666666666666666, 0.6666666666666666, 0.0, 0.26666666666666666
close(),METHOD_INVOCATION, line no: 152,_local.getAddress().getHostAddress(),METHOD_INVOCATION, line no: 343, 0.6666666666666666, 0.6666666666666666, 0.0, 0.19444444444444445
close(),METHOD_INVOCATION, line no: 152,getHostAddress,SIMPLE_NAME, line no: 343, 0.6666666666666666, 0.6666666666666666, 0.0, 0.21428571428571427
close(),METHOD_INVOCATION, line no: 152,_local.getAddress().getCanonicalHostName(),METHOD_INVOCATION, line no: 356, 0.6666666666666666, 0.6666666666666666, 0.0, 0.16666666666666666
close(),METHOD_INVOCATION, line no: 152,getCanonicalHostName,SIMPLE_NAME, line no: 356, 0.6666666666666666, 0.6666666666666666, 0.0, 0.25
close,SIMPLE_NAME, line no: 152,bbuf.position(),METHOD_INVOCATION, line no: 156, 0.6428571428571429, 0.6428571428571429, 0.0, 0.13333333333333333
close(),METHOD_INVOCATION, line no: 152,buffer.setPutIndex(bbuf.position()),METHOD_INVOCATION, line no: 156, 0.6296296296296297, 0.6296296296296297, 0.0, 0.11428571428571428
close(),METHOD_INVOCATION, line no: 152,header.clear(),METHOD_INVOCATION, line no: 264, 0.6296296296296297, 0.6296296296296297, 0.0, 0.35714285714285715
close(),METHOD_INVOCATION, line no: 152,buffer.skip(length - hl),METHOD_INVOCATION, line no: 265, 0.6296296296296297, 0.6296296296296297, 0.0, 0.125
close(),METHOD_INVOCATION, line no: 152,length - hl,INFIX_EXPRESSION, line no: 265, 0.6296296296296297, 0.6296296296296297, 0.0, 0.18181818181818182
close(),METHOD_INVOCATION, line no: 152,_socket != null && timeMs != _maxIdleTime,INFIX_EXPRESSION, line no: 454, 0.6296296296296297, 0.6296296296296297, 0.0, 0.0975609756097561
close(),METHOD_INVOCATION, line no: 152,timeMs != _maxIdleTime,INFIX_EXPRESSION, line no: 454, 0.6296296296296297, 0.6296296296296297, 0.0, 0.09090909090909091
close(),METHOD_INVOCATION, line no: 152,_maxIdleTime=timeMs,ASSIGNMENT, line no: 456, 0.6296296296296297, 0.6296296296296297, 0.0, 0.10526315789473684
close,SIMPLE_NAME, line no: 152,buffer.skip(length - hl),METHOD_INVOCATION, line no: 265, 0.6071428571428571, 0.6071428571428571, 0.0, 0.08333333333333333
close,SIMPLE_NAME, line no: 152,length - hl,INFIX_EXPRESSION, line no: 265, 0.6071428571428571, 0.6071428571428571, 0.0, 0.18181818181818182
close,SIMPLE_NAME, line no: 152,_socket != null && timeMs != _maxIdleTime,INFIX_EXPRESSION, line no: 454, 0.6071428571428571, 0.6071428571428571, 0.0, 0.0975609756097561
close,SIMPLE_NAME, line no: 152,timeMs != _maxIdleTime,INFIX_EXPRESSION, line no: 454, 0.6071428571428571, 0.6071428571428571, 0.0, 0.09090909090909091
close,SIMPLE_NAME, line no: 152,_maxIdleTime=timeMs,ASSIGNMENT, line no: 456, 0.6071428571428571, 0.6071428571428571, 0.0, 0.10526315789473684
close(),METHOD_INVOCATION, line no: 152,put,SIMPLE_NAME, line no: 295, 0.5555555555555556, 0.5555555555555556, 0.0, 0.0
close,SIMPLE_NAME, line no: 152,put,SIMPLE_NAME, line no: 295, 0.5357142857142857, 0.5357142857142857, 0.0, 0.0
close(),METHOD_INVOCATION, line no: 152,IOException,SIMPLE_NAME, line no: 16, 0.5185185185185185, 0.037037037037037035, 0.0, 0.18181818181818182
close(),METHOD_INVOCATION, line no: 152,x,SIMPLE_NAME, line no: 125, 0.5185185185185185, 0.5185185185185185, 0.0, 0.0
close(),METHOD_INVOCATION, line no: 152,header.put(buffer),METHOD_INVOCATION, line no: 295, 0.5185185185185185, 0.5185185185185185, 0.0, 0.16666666666666666
close(),METHOD_INVOCATION, line no: 152,buffer.clear(),METHOD_INVOCATION, line no: 296, 0.5185185185185185, 0.5185185185185185, 0.0, 0.35714285714285715
close(),METHOD_INVOCATION, line no: 152,header.put(trailer),METHOD_INVOCATION, line no: 300, 0.5185185185185185, 0.5185185185185185, 0.0, 0.15789473684210525
close(),METHOD_INVOCATION, line no: 152,trailer.clear(),METHOD_INVOCATION, line no: 301, 0.5185185185185185, 0.5185185185185185, 0.0, 0.3333333333333333
close,SIMPLE_NAME, line no: 152,IOException,SIMPLE_NAME, line no: 16, 0.5, 0.03571428571428571, 0.0, 0.18181818181818182
close,SIMPLE_NAME, line no: 152,x,SIMPLE_NAME, line no: 125, 0.5, 0.5, 0.0, 0.0
close,SIMPLE_NAME, line no: 152,header.put(buffer),METHOD_INVOCATION, line no: 295, 0.5, 0.5, 0.0, 0.05555555555555555
close,SIMPLE_NAME, line no: 152,header.put(trailer),METHOD_INVOCATION, line no: 300, 0.5, 0.5, 0.0, 0.10526315789473684
close(),METHOD_INVOCATION, line no: 152,header.skip(length),METHOD_INVOCATION, line no: 269, 0.4444444444444444, 0.4444444444444444, 0.0, 0.15789473684210525
close(),METHOD_INVOCATION, line no: 152,_remote.getAddress(),METHOD_INVOCATION, line no: 382, 0.4444444444444444, 0.4444444444444444, 0.0, 0.2
close,SIMPLE_NAME, line no: 152,header.skip(length),METHOD_INVOCATION, line no: 269, 0.42857142857142855, 0.42857142857142855, 0.0, 0.10526315789473684
close,SIMPLE_NAME, line no: 152,_remote.getAddress(),METHOD_INVOCATION, line no: 382, 0.42857142857142855, 0.42857142857142855, 0.0, 0.1
close(),METHOD_INVOCATION, line no: 152,getPort,SIMPLE_NAME, line no: 369, 0.4074074074074074, 0.4074074074074074, 0.0, 0.14285714285714285
close(),METHOD_INVOCATION, line no: 152,_remote == null,INFIX_EXPRESSION, line no: 380, 0.4074074074074074, 0.4074074074074074, 0.0, 0.13333333333333333
close(),METHOD_INVOCATION, line no: 152,_remote.getAddress().getHostAddress(),METHOD_INVOCATION, line no: 382, 0.4074074074074074, 0.4074074074074074, 0.0, 0.13513513513513514
close(),METHOD_INVOCATION, line no: 152,_remote.getAddress().getCanonicalHostName(),METHOD_INVOCATION, line no: 395, 0.4074074074074074, 0.4074074074074074, 0.0, 0.16279069767441862
close,SIMPLE_NAME, line no: 152,getPort,SIMPLE_NAME, line no: 369, 0.39285714285714285, 0.39285714285714285, 0.0, 0.14285714285714285
close,SIMPLE_NAME, line no: 152,_remote == null,INFIX_EXPRESSION, line no: 380, 0.39285714285714285, 0.39285714285714285, 0.0, 0.13333333333333333
close,SIMPLE_NAME, line no: 152,_remote.getAddress().getHostAddress(),METHOD_INVOCATION, line no: 382, 0.39285714285714285, 0.39285714285714285, 0.0, 0.08108108108108109
close,SIMPLE_NAME, line no: 152,_remote.getAddress().getCanonicalHostName(),METHOD_INVOCATION, line no: 395, 0.39285714285714285, 0.39285714285714285, 0.0, 0.11627906976744186
close(),METHOD_INVOCATION, line no: 152,Log,SIMPLE_NAME, line no: 28, 0.37037037037037035, 0.037037037037037035, 0.0, 0.14285714285714285
close(),METHOD_INVOCATION, line no: 152,-1,PREFIX_EXPRESSION, line no: 368, 0.37037037037037035, 0.37037037037037035, 0.0, 0.0
close(),METHOD_INVOCATION, line no: 152,_local.getPort(),METHOD_INVOCATION, line no: 369, 0.37037037037037035, 0.37037037037037035, 0.0, 0.3125
close,SIMPLE_NAME, line no: 152,Log,SIMPLE_NAME, line no: 28, 0.35714285714285715, 0.03571428571428571, 0.0, 0.2
close,SIMPLE_NAME, line no: 152,-1,PREFIX_EXPRESSION, line no: 368, 0.35714285714285715, 0.35714285714285715, 0.0, 0.0
close,SIMPLE_NAME, line no: 152,_local.getPort(),METHOD_INVOCATION, line no: 369, 0.35714285714285715, 0.35714285714285715, 0.0, 0.1875
close(),METHOD_INVOCATION, line no: 152,SelectableChannel,SIMPLE_NAME, line no: 22, 0.3333333333333333, 0.037037037037037035, 0.0, 0.17647058823529413
close(),METHOD_INVOCATION, line no: 152,isBlocking,SIMPLE_NAME, line no: 78, 0.3333333333333333, 0.037037037037037035, 0.0, 0.2
close(),METHOD_INVOCATION, line no: 152,Log.ignore(x),METHOD_INVOCATION, line no: 127, 0.3333333333333333, 0.3333333333333333, 0.0, 0.3076923076923077
close(),METHOD_INVOCATION, line no: 152,_remote.getPort(),METHOD_INVOCATION, line no: 406, 0.3333333333333333, 0.3333333333333333, 0.0, 0.23529411764705882
close,SIMPLE_NAME, line no: 152,SelectableChannel,SIMPLE_NAME, line no: 22, 0.32142857142857145, 0.03571428571428571, 0.0, 0.17647058823529413
close,SIMPLE_NAME, line no: 152,isBlocking,SIMPLE_NAME, line no: 78, 0.32142857142857145, 0.03571428571428571, 0.0, 0.2
close,SIMPLE_NAME, line no: 152,_remote.getPort(),METHOD_INVOCATION, line no: 406, 0.32142857142857145, 0.32142857142857145, 0.0, 0.11764705882352941
close(),METHOD_INVOCATION, line no: 152,((SelectableChannel)_channel).isBlocking(),METHOD_INVOCATION, line no: 80, 0.2962962962962963, 0.2962962962962963, 0.0, 0.11904761904761904
close(),METHOD_INVOCATION, line no: 152,((SelectableChannel)_channel),PARENTHESIZED_EXPRESSION, line no: 80, 0.2962962962962963, 0.2962962962962963, 0.0, 0.13793103448275862
close(),METHOD_INVOCATION, line no: 152,(SelectableChannel)_channel,CAST_EXPRESSION, line no: 80, 0.2962962962962963, 0.2962962962962963, 0.0, 0.14814814814814814
close(),METHOD_INVOCATION, line no: 152,_socket.shutdownOutput(),METHOD_INVOCATION, line no: 123, 0.2962962962962963, 0.2962962962962963, 0.0, 0.16666666666666666
close(),METHOD_INVOCATION, line no: 152,_remote == null ? -1 : _remote.getPort(),CONDITIONAL_EXPRESSION, line no: 406, 0.2962962962962963, 0.2962962962962963, 0.0, 0.125
close,SIMPLE_NAME, line no: 152,((SelectableChannel)_channel).isBlocking(),METHOD_INVOCATION, line no: 80, 0.2857142857142857, 0.2857142857142857, 0.0, 0.07142857142857142
close,SIMPLE_NAME, line no: 152,((SelectableChannel)_channel),PARENTHESIZED_EXPRESSION, line no: 80, 0.2857142857142857, 0.2857142857142857, 0.0, 0.10344827586206896
close,SIMPLE_NAME, line no: 152,(SelectableChannel)_channel,CAST_EXPRESSION, line no: 80, 0.2857142857142857, 0.2857142857142857, 0.0, 0.1111111111111111
close,SIMPLE_NAME, line no: 152,_remote == null ? -1 : _remote.getPort(),CONDITIONAL_EXPRESSION, line no: 406, 0.2857142857142857, 0.2857142857142857, 0.0, 0.075
close(),METHOD_INVOCATION, line no: 152,!(_channel instanceof SelectableChannel) || ((SelectableChannel)_channel).isBlocking(),INFIX_EXPRESSION, line no: 80, 0.25925925925925924, 0.25925925925925924, 0.0, 0.06976744186046512
close(),METHOD_INVOCATION, line no: 152,!(_channel instanceof SelectableChannel),PREFIX_EXPRESSION, line no: 80, 0.25925925925925924, 0.25925925925925924, 0.0, 0.125
close(),METHOD_INVOCATION, line no: 152,(_channel instanceof SelectableChannel),PARENTHESIZED_EXPRESSION, line no: 80, 0.25925925925925924, 0.25925925925925924, 0.0, 0.1282051282051282
close(),METHOD_INVOCATION, line no: 152,_channel instanceof SelectableChannel,INSTANCEOF_EXPRESSION, line no: 80, 0.25925925925925924, 0.25925925925925924, 0.0, 0.10810810810810811
close,SIMPLE_NAME, line no: 152,!(_channel instanceof SelectableChannel) || ((SelectableChannel)_channel).isBlocking(),INFIX_EXPRESSION, line no: 80, 0.25, 0.25, 0.0, 0.046511627906976744
close,SIMPLE_NAME, line no: 152,!(_channel instanceof SelectableChannel),PREFIX_EXPRESSION, line no: 80, 0.25, 0.25, 0.0, 0.1
close,SIMPLE_NAME, line no: 152,(_channel instanceof SelectableChannel),PARENTHESIZED_EXPRESSION, line no: 80, 0.25, 0.25, 0.0, 0.10256410256410256
close,SIMPLE_NAME, line no: 152,_channel instanceof SelectableChannel,INSTANCEOF_EXPRESSION, line no: 80, 0.25, 0.25, 0.0, 0.10810810810810811
close(),METHOD_INVOCATION, line no: 152,_local=_remote=null,ASSIGNMENT, line no: 57, 0.2222222222222222, 0.2222222222222222, 0.0, 0.21052631578947367
close(),METHOD_INVOCATION, line no: 152,_remote=null,ASSIGNMENT, line no: 57, 0.2222222222222222, 0.2222222222222222, 0.0, 0.16666666666666666
close,SIMPLE_NAME, line no: 152,_local=_remote=null,ASSIGNMENT, line no: 57, 0.21428571428571427, 0.21428571428571427, 0.0, 0.21052631578947367
close,SIMPLE_NAME, line no: 152,_remote=null,ASSIGNMENT, line no: 57, 0.21428571428571427, 0.21428571428571427, 0.0, 0.16666666666666666
close(),METHOD_INVOCATION, line no: 152,new IOException("Not Implemented"),CLASS_INSTANCE_CREATION, line no: 163, 0.14814814814814814, 0.07407407407407407, 0.0, 0.11764705882352941
close(),METHOD_INVOCATION, line no: 152,"Not Implemented",STRING_LITERAL, line no: 163, 0.14814814814814814, 0.07407407407407407, 0.0, 0.11764705882352941
close,SIMPLE_NAME, line no: 152,new IOException("Not Implemented"),CLASS_INSTANCE_CREATION, line no: 163, 0.14285714285714285, 0.07142857142857142, 0.0, 0.08823529411764706
close,SIMPLE_NAME, line no: 152,"Not Implemented",STRING_LITERAL, line no: 163, 0.14285714285714285, 0.07142857142857142, 0.0, 0.11764705882352941
close(),METHOD_INVOCATION, line no: 152,org,SIMPLE_NAME, line no: 14, 0.037037037037037035, 0.037037037037037035, 0.0, 0.14285714285714285
close(),METHOD_INVOCATION, line no: 152,eclipse,SIMPLE_NAME, line no: 14, 0.037037037037037035, 0.037037037037037035, 0.0, 0.5714285714285714
close(),METHOD_INVOCATION, line no: 152,jetty,SIMPLE_NAME, line no: 14, 0.037037037037037035, 0.037037037037037035, 0.0, 0.14285714285714285
close(),METHOD_INVOCATION, line no: 152,io,SIMPLE_NAME, line no: 14, 0.037037037037037035, 0.037037037037037035, 0.0, 0.14285714285714285
close(),METHOD_INVOCATION, line no: 152,nio,SIMPLE_NAME, line no: 14, 0.037037037037037035, 0.037037037037037035, 0.0, 0.14285714285714285
close(),METHOD_INVOCATION, line no: 152,java,SIMPLE_NAME, line no: 16, 0.037037037037037035, 0.037037037037037035, 0.0, 0.0
close(),METHOD_INVOCATION, line no: 152,net,SIMPLE_NAME, line no: 17, 0.037037037037037035, 0.037037037037037035, 0.0, 0.14285714285714285
close(),METHOD_INVOCATION, line no: 152,channels,SIMPLE_NAME, line no: 20, 0.037037037037037035, 0.037037037037037035, 0.0, 0.375
close(),METHOD_INVOCATION, line no: 152,ByteChannel,SIMPLE_NAME, line no: 20, 0.037037037037037035, 0.037037037037037035, 0.0, 0.09090909090909091
close(),METHOD_INVOCATION, line no: 152,EndPoint,SIMPLE_NAME, line no: 26, 0.037037037037037035, 0.037037037037037035, 0.0, 0.125
close(),METHOD_INVOCATION, line no: 152,util,SIMPLE_NAME, line no: 27, 0.037037037037037035, 0.037037037037037035, 0.0, 0.14285714285714285
close(),METHOD_INVOCATION, line no: 152,log,SIMPLE_NAME, line no: 28, 0.037037037037037035, 0.037037037037037035, 0.0, 0.2857142857142857
close(),METHOD_INVOCATION, line no: 152,2,NUMBER_LITERAL, line no: 38, 0.037037037037037035, 0.037037037037037035, 0.0, 0.0
close(),METHOD_INVOCATION, line no: 152,blockReadable,SIMPLE_NAME, line no: 83, 0.037037037037037035, 0.037037037037037035, 0.0, 0.23076923076923078
close(),METHOD_INVOCATION, line no: 152,millisecs,SIMPLE_NAME, line no: 83, 0.037037037037037035, 0.037037037037037035, 0.0, 0.3333333333333333
close(),METHOD_INVOCATION, line no: 152,blockWritable,SIMPLE_NAME, line no: 88, 0.037037037037037035, 0.037037037037037035, 0.0, 0.23076923076923078
close(),METHOD_INVOCATION, line no: 152,fill,SIMPLE_NAME, line no: 136, 0.037037037037037035, 0.037037037037037035, 0.0, 0.14285714285714285
close(),METHOD_INVOCATION, line no: 152,getChannel,SIMPLE_NAME, line no: 327, 0.037037037037037035, 0.037037037037037035, 0.0, 0.1
close(),METHOD_INVOCATION, line no: 152,String,SIMPLE_NAME, line no: 337, 0.037037037037037035, 0.037037037037037035, 0.0, 0.0
close(),METHOD_INVOCATION, line no: 152,getLocalAddr,SIMPLE_NAME, line no: 337, 0.037037037037037035, 0.037037037037037035, 0.0, 0.16666666666666666
close(),METHOD_INVOCATION, line no: 152,getLocalHost,SIMPLE_NAME, line no: 350, 0.037037037037037035, 0.037037037037037035, 0.0, 0.3333333333333333
close(),METHOD_INVOCATION, line no: 152,getLocalPort,SIMPLE_NAME, line no: 363, 0.037037037037037035, 0.037037037037037035, 0.0, 0.25
close(),METHOD_INVOCATION, line no: 152,getRemoteAddr,SIMPLE_NAME, line no: 376, 0.037037037037037035, 0.037037037037037035, 0.0, 0.15384615384615385
close(),METHOD_INVOCATION, line no: 152,getRemoteHost,SIMPLE_NAME, line no: 389, 0.037037037037037035, 0.037037037037037035, 0.0, 0.15384615384615385
close(),METHOD_INVOCATION, line no: 152,getRemotePort,SIMPLE_NAME, line no: 402, 0.037037037037037035, 0.037037037037037035, 0.0, 0.15384615384615385
close(),METHOD_INVOCATION, line no: 152,Object,SIMPLE_NAME, line no: 413, 0.037037037037037035, 0.037037037037037035, 0.0, 0.14285714285714285
close(),METHOD_INVOCATION, line no: 152,getTransport,SIMPLE_NAME, line no: 413, 0.037037037037037035, 0.037037037037037035, 0.0, 0.08333333333333333
close(),METHOD_INVOCATION, line no: 152,isBufferingInput,SIMPLE_NAME, line no: 425, 0.037037037037037035, 0.037037037037037035, 0.0, 0.125
close(),METHOD_INVOCATION, line no: 152,isBufferingOutput,SIMPLE_NAME, line no: 431, 0.037037037037037035, 0.037037037037037035, 0.0, 0.11764705882352941
close(),METHOD_INVOCATION, line no: 152,isBufferred,SIMPLE_NAME, line no: 437, 0.037037037037037035, 0.037037037037037035, 0.0, 0.18181818181818182
close(),METHOD_INVOCATION, line no: 152,getMaxIdleTime,SIMPLE_NAME, line no: 443, 0.037037037037037035, 0.037037037037037035, 0.0, 0.14285714285714285
close,SIMPLE_NAME, line no: 152,org,SIMPLE_NAME, line no: 14, 0.03571428571428571, 0.03571428571428571, 0.0, 0.2
close,SIMPLE_NAME, line no: 152,eclipse,SIMPLE_NAME, line no: 14, 0.03571428571428571, 0.03571428571428571, 0.0, 0.5714285714285714
close,SIMPLE_NAME, line no: 152,jetty,SIMPLE_NAME, line no: 14, 0.03571428571428571, 0.03571428571428571, 0.0, 0.2
close,SIMPLE_NAME, line no: 152,io,SIMPLE_NAME, line no: 14, 0.03571428571428571, 0.03571428571428571, 0.0, 0.2
close,SIMPLE_NAME, line no: 152,nio,SIMPLE_NAME, line no: 14, 0.03571428571428571, 0.03571428571428571, 0.0, 0.2
close,SIMPLE_NAME, line no: 152,java,SIMPLE_NAME, line no: 16, 0.03571428571428571, 0.03571428571428571, 0.0, 0.0
close,SIMPLE_NAME, line no: 152,net,SIMPLE_NAME, line no: 17, 0.03571428571428571, 0.03571428571428571, 0.0, 0.2
close,SIMPLE_NAME, line no: 152,channels,SIMPLE_NAME, line no: 20, 0.03571428571428571, 0.03571428571428571, 0.0, 0.375
close,SIMPLE_NAME, line no: 152,ByteChannel,SIMPLE_NAME, line no: 20, 0.03571428571428571, 0.03571428571428571, 0.0, 0.09090909090909091
close,SIMPLE_NAME, line no: 152,EndPoint,SIMPLE_NAME, line no: 26, 0.03571428571428571, 0.03571428571428571, 0.0, 0.125
close,SIMPLE_NAME, line no: 152,util,SIMPLE_NAME, line no: 27, 0.03571428571428571, 0.03571428571428571, 0.0, 0.2
close,SIMPLE_NAME, line no: 152,log,SIMPLE_NAME, line no: 28, 0.03571428571428571, 0.03571428571428571, 0.0, 0.4
close,SIMPLE_NAME, line no: 152,2,NUMBER_LITERAL, line no: 38, 0.03571428571428571, 0.03571428571428571, 0.0, 0.0
close,SIMPLE_NAME, line no: 152,blockReadable,SIMPLE_NAME, line no: 83, 0.03571428571428571, 0.03571428571428571, 0.0, 0.23076923076923078
close,SIMPLE_NAME, line no: 152,millisecs,SIMPLE_NAME, line no: 83, 0.03571428571428571, 0.03571428571428571, 0.0, 0.3333333333333333
close,SIMPLE_NAME, line no: 152,blockWritable,SIMPLE_NAME, line no: 88, 0.03571428571428571, 0.03571428571428571, 0.0, 0.23076923076923078
close,SIMPLE_NAME, line no: 152,fill,SIMPLE_NAME, line no: 136, 0.03571428571428571, 0.03571428571428571, 0.0, 0.2
close,SIMPLE_NAME, line no: 152,getChannel,SIMPLE_NAME, line no: 327, 0.03571428571428571, 0.03571428571428571, 0.0, 0.1
close,SIMPLE_NAME, line no: 152,String,SIMPLE_NAME, line no: 337, 0.03571428571428571, 0.03571428571428571, 0.0, 0.0
close,SIMPLE_NAME, line no: 152,getLocalAddr,SIMPLE_NAME, line no: 337, 0.03571428571428571, 0.03571428571428571, 0.0, 0.16666666666666666
close,SIMPLE_NAME, line no: 152,getLocalHost,SIMPLE_NAME, line no: 350, 0.03571428571428571, 0.03571428571428571, 0.0, 0.3333333333333333
close,SIMPLE_NAME, line no: 152,getLocalPort,SIMPLE_NAME, line no: 363, 0.03571428571428571, 0.03571428571428571, 0.0, 0.25
close,SIMPLE_NAME, line no: 152,getRemoteAddr,SIMPLE_NAME, line no: 376, 0.03571428571428571, 0.03571428571428571, 0.0, 0.15384615384615385
close,SIMPLE_NAME, line no: 152,getRemoteHost,SIMPLE_NAME, line no: 389, 0.03571428571428571, 0.03571428571428571, 0.0, 0.15384615384615385
close,SIMPLE_NAME, line no: 152,getRemotePort,SIMPLE_NAME, line no: 402, 0.03571428571428571, 0.03571428571428571, 0.0, 0.15384615384615385
close,SIMPLE_NAME, line no: 152,Object,SIMPLE_NAME, line no: 413, 0.03571428571428571, 0.03571428571428571, 0.0, 0.16666666666666666
close,SIMPLE_NAME, line no: 152,getTransport,SIMPLE_NAME, line no: 413, 0.03571428571428571, 0.03571428571428571, 0.0, 0.08333333333333333
close,SIMPLE_NAME, line no: 152,isBufferingInput,SIMPLE_NAME, line no: 425, 0.03571428571428571, 0.03571428571428571, 0.0, 0.125
close,SIMPLE_NAME, line no: 152,isBufferingOutput,SIMPLE_NAME, line no: 431, 0.03571428571428571, 0.03571428571428571, 0.0, 0.11764705882352941
close,SIMPLE_NAME, line no: 152,isBufferred,SIMPLE_NAME, line no: 437, 0.03571428571428571, 0.03571428571428571, 0.0, 0.18181818181818182
close,SIMPLE_NAME, line no: 152,getMaxIdleTime,SIMPLE_NAME, line no: 443, 0.03571428571428571, 0.03571428571428571, 0.0, 0.14285714285714285
