oldValue,SIMPLE_NAME, line no: 70,value,SIMPLE_NAME, line no: 33, 2.0, 0.05263157894736842, 1.0, 0.5
value,SIMPLE_NAME, line no: 70,oldValue,SIMPLE_NAME, line no: 70, 2.0, 1.0, 1.0, 0.5
V,SIMPLE_NAME, line no: 70,value,SIMPLE_NAME, line no: 33, 1.973684210526316, 0.02631578947368421, 1.0, 0.0
V,SIMPLE_NAME, line no: 70,oldValue,SIMPLE_NAME, line no: 70, 1.973684210526316, 0.9736842105263158, 1.0, 0.125
oldValue,SIMPLE_NAME, line no: 70,V,SIMPLE_NAME, line no: 27, 1.973684210526316, 0.02631578947368421, 1.0, 0.125
value,SIMPLE_NAME, line no: 70,V,SIMPLE_NAME, line no: 27, 1.973684210526316, 0.02631578947368421, 1.0, 0.0
V,SIMPLE_NAME, line no: 70,this.value=value,ASSIGNMENT, line no: 44, 1.9210526315789473, 0.7105263157894737, 1.0, 0.0
V,SIMPLE_NAME, line no: 70,this.value,FIELD_ACCESS, line no: 44, 1.9210526315789473, 0.7105263157894737, 1.0, 0.0
oldValue,SIMPLE_NAME, line no: 70,this.value=value,ASSIGNMENT, line no: 44, 1.9210526315789473, 0.7105263157894737, 1.0, 0.3125
oldValue,SIMPLE_NAME, line no: 70,this.value,FIELD_ACCESS, line no: 44, 1.9210526315789473, 0.7105263157894737, 1.0, 0.4
value,SIMPLE_NAME, line no: 70,this.value=value,ASSIGNMENT, line no: 44, 1.9210526315789473, 0.7105263157894737, 1.0, 0.3125
value,SIMPLE_NAME, line no: 70,this.value,FIELD_ACCESS, line no: 44, 1.9210526315789473, 0.7105263157894737, 1.0, 0.5
V,SIMPLE_NAME, line no: 70,in.readObject(),METHOD_INVOCATION, line no: 120, 1.6842105263157894, 0.6842105263157895, 0.0, 0.0
V,SIMPLE_NAME, line no: 70,readObject,SIMPLE_NAME, line no: 120, 1.6842105263157894, 0.6842105263157895, 0.0, 0.0
V,SIMPLE_NAME, line no: 70,value=in.readObject(),ASSIGNMENT, line no: 121, 1.6842105263157894, 0.6842105263157895, 1.0, 0.0
oldValue,SIMPLE_NAME, line no: 70,in.readObject(),METHOD_INVOCATION, line no: 120, 1.6842105263157894, 0.6842105263157895, 0.0, 0.13333333333333333
oldValue,SIMPLE_NAME, line no: 70,readObject,SIMPLE_NAME, line no: 120, 1.6842105263157894, 0.6842105263157895, 0.0, 0.2
oldValue,SIMPLE_NAME, line no: 70,value=in.readObject(),ASSIGNMENT, line no: 121, 1.6842105263157894, 0.6842105263157895, 1.0, 0.19047619047619047
value,SIMPLE_NAME, line no: 70,in.readObject(),METHOD_INVOCATION, line no: 120, 1.6842105263157894, 0.6842105263157895, 0.0, 0.13333333333333333
value,SIMPLE_NAME, line no: 70,readObject,SIMPLE_NAME, line no: 120, 1.6842105263157894, 0.6842105263157895, 0.0, 0.2
value,SIMPLE_NAME, line no: 70,value=in.readObject(),ASSIGNMENT, line no: 121, 1.6842105263157894, 0.6842105263157895, 1.0, 0.23809523809523808
V,SIMPLE_NAME, line no: 70,getValue,SIMPLE_NAME, line no: 55, 1.0263157894736843, 0.02631578947368421, 1.0, 0.125
V,SIMPLE_NAME, line no: 70,setValue,SIMPLE_NAME, line no: 68, 1.0263157894736843, 0.02631578947368421, 1.0, 0.125
oldValue,SIMPLE_NAME, line no: 70,getValue,SIMPLE_NAME, line no: 55, 1.0263157894736843, 0.02631578947368421, 1.0, 0.625
oldValue,SIMPLE_NAME, line no: 70,setValue,SIMPLE_NAME, line no: 68, 1.0263157894736843, 0.02631578947368421, 1.0, 0.625
value,SIMPLE_NAME, line no: 70,getValue,SIMPLE_NAME, line no: 55, 1.0263157894736843, 0.02631578947368421, 1.0, 0.5
value,SIMPLE_NAME, line no: 70,setValue,SIMPLE_NAME, line no: 68, 1.0263157894736843, 0.02631578947368421, 1.0, 0.5
V,SIMPLE_NAME, line no: 70,latestUpdateHash,SIMPLE_NAME, line no: 35, 0.9473684210526315, 0.02631578947368421, 0.0, 0.0
V,SIMPLE_NAME, line no: 70,ttlMillis,SIMPLE_NAME, line no: 36, 0.9473684210526315, 0.02631578947368421, 0.0, 0.0
V,SIMPLE_NAME, line no: 70,updateTime,SIMPLE_NAME, line no: 37, 0.9473684210526315, 0.02631578947368421, 0.0, 0.0
V,SIMPLE_NAME, line no: 70,System,SIMPLE_NAME, line no: 37, 0.9473684210526315, 0.05263157894736842, 0.0, 0.0
V,SIMPLE_NAME, line no: 70,currentTimeMillis,SIMPLE_NAME, line no: 37, 0.9473684210526315, 0.05263157894736842, 0.0, 0.0
V,SIMPLE_NAME, line no: 70,hash,SIMPLE_NAME, line no: 42, 0.9473684210526315, 0.02631578947368421, 0.0, 0.0
V,SIMPLE_NAME, line no: 70,access,SIMPLE_NAME, line no: 51, 0.9473684210526315, 0.21052631578947367, 0.0, 0.0
oldValue,SIMPLE_NAME, line no: 70,latestUpdateHash,SIMPLE_NAME, line no: 35, 0.9473684210526315, 0.05263157894736842, 0.0, 0.25
oldValue,SIMPLE_NAME, line no: 70,ttlMillis,SIMPLE_NAME, line no: 36, 0.9473684210526315, 0.05263157894736842, 0.0, 0.2222222222222222
oldValue,SIMPLE_NAME, line no: 70,updateTime,SIMPLE_NAME, line no: 37, 0.9473684210526315, 0.05263157894736842, 0.0, 0.3
oldValue,SIMPLE_NAME, line no: 70,System,SIMPLE_NAME, line no: 37, 0.9473684210526315, 0.07894736842105263, 0.0, 0.125
oldValue,SIMPLE_NAME, line no: 70,currentTimeMillis,SIMPLE_NAME, line no: 37, 0.9473684210526315, 0.07894736842105263, 0.0, 0.11764705882352941
oldValue,SIMPLE_NAME, line no: 70,hash,SIMPLE_NAME, line no: 42, 0.9473684210526315, 0.02631578947368421, 0.0, 0.125
oldValue,SIMPLE_NAME, line no: 70,access,SIMPLE_NAME, line no: 51, 0.9473684210526315, 0.21052631578947367, 0.0, 0.25
value,SIMPLE_NAME, line no: 70,latestUpdateHash,SIMPLE_NAME, line no: 35, 0.9473684210526315, 0.05263157894736842, 0.0, 0.125
value,SIMPLE_NAME, line no: 70,ttlMillis,SIMPLE_NAME, line no: 36, 0.9473684210526315, 0.05263157894736842, 0.0, 0.1111111111111111
value,SIMPLE_NAME, line no: 70,updateTime,SIMPLE_NAME, line no: 37, 0.9473684210526315, 0.05263157894736842, 0.0, 0.2
value,SIMPLE_NAME, line no: 70,System,SIMPLE_NAME, line no: 37, 0.9473684210526315, 0.07894736842105263, 0.0, 0.16666666666666666
value,SIMPLE_NAME, line no: 70,currentTimeMillis,SIMPLE_NAME, line no: 37, 0.9473684210526315, 0.07894736842105263, 0.0, 0.11764705882352941
value,SIMPLE_NAME, line no: 70,hash,SIMPLE_NAME, line no: 42, 0.9473684210526315, 0.02631578947368421, 0.0, 0.2
value,SIMPLE_NAME, line no: 70,access,SIMPLE_NAME, line no: 51, 0.9473684210526315, 0.21052631578947367, 0.0, 0.3333333333333333
V,SIMPLE_NAME, line no: 70,System.currentTimeMillis(),METHOD_INVOCATION, line no: 37, 0.9210526315789473, 0.02631578947368421, 0.0, 0.0
V,SIMPLE_NAME, line no: 70,this,THIS_EXPRESSION, line no: 43, 0.9210526315789473, 0.7105263157894737, 0.0, 0.0
V,SIMPLE_NAME, line no: 70,this.latestUpdateHash=hash,ASSIGNMENT, line no: 46, 0.9210526315789473, 0.7105263157894737, 0.0, 0.0
V,SIMPLE_NAME, line no: 70,this.latestUpdateHash,FIELD_ACCESS, line no: 46, 0.9210526315789473, 0.7105263157894737, 0.0, 0.0
V,SIMPLE_NAME, line no: 70,this.ttlMillis=ttlMillis,ASSIGNMENT, line no: 47, 0.9210526315789473, 0.7105263157894737, 0.0, 0.0
V,SIMPLE_NAME, line no: 70,this.ttlMillis,FIELD_ACCESS, line no: 47, 0.9210526315789473, 0.7105263157894737, 0.0, 0.0
V,SIMPLE_NAME, line no: 70,access(),METHOD_INVOCATION, line no: 51, 0.9210526315789473, 0.18421052631578946, 0.0, 0.0
V,SIMPLE_NAME, line no: 70,this.updateTime=System.currentTimeMillis(),ASSIGNMENT, line no: 73, 0.9210526315789473, 0.9210526315789473, 0.0, 0.0
V,SIMPLE_NAME, line no: 70,this.updateTime,FIELD_ACCESS, line no: 73, 0.9210526315789473, 0.9210526315789473, 0.0, 0.0
oldValue,SIMPLE_NAME, line no: 70,System.currentTimeMillis(),METHOD_INVOCATION, line no: 37, 0.9210526315789473, 0.05263157894736842, 0.0, 0.07692307692307693
oldValue,SIMPLE_NAME, line no: 70,this,THIS_EXPRESSION, line no: 43, 0.9210526315789473, 0.7105263157894737, 0.0, 0.0
oldValue,SIMPLE_NAME, line no: 70,this.latestUpdateHash=hash,ASSIGNMENT, line no: 46, 0.9210526315789473, 0.7105263157894737, 0.0, 0.15384615384615385
oldValue,SIMPLE_NAME, line no: 70,this.latestUpdateHash,FIELD_ACCESS, line no: 46, 0.9210526315789473, 0.7105263157894737, 0.0, 0.19047619047619047
oldValue,SIMPLE_NAME, line no: 70,this.ttlMillis=ttlMillis,ASSIGNMENT, line no: 47, 0.9210526315789473, 0.7105263157894737, 0.0, 0.08333333333333333
oldValue,SIMPLE_NAME, line no: 70,this.ttlMillis,FIELD_ACCESS, line no: 47, 0.9210526315789473, 0.7105263157894737, 0.0, 0.14285714285714285
oldValue,SIMPLE_NAME, line no: 70,access(),METHOD_INVOCATION, line no: 51, 0.9210526315789473, 0.18421052631578946, 0.0, 0.25
oldValue,SIMPLE_NAME, line no: 70,this.updateTime=System.currentTimeMillis(),ASSIGNMENT, line no: 73, 0.9210526315789473, 0.9210526315789473, 0.0, 0.09523809523809523
oldValue,SIMPLE_NAME, line no: 70,this.updateTime,FIELD_ACCESS, line no: 73, 0.9210526315789473, 0.9210526315789473, 0.0, 0.2
value,SIMPLE_NAME, line no: 70,System.currentTimeMillis(),METHOD_INVOCATION, line no: 37, 0.9210526315789473, 0.05263157894736842, 0.0, 0.07692307692307693
value,SIMPLE_NAME, line no: 70,this,THIS_EXPRESSION, line no: 43, 0.9210526315789473, 0.7105263157894737, 0.0, 0.0
value,SIMPLE_NAME, line no: 70,this.latestUpdateHash=hash,ASSIGNMENT, line no: 46, 0.9210526315789473, 0.7105263157894737, 0.0, 0.07692307692307693
value,SIMPLE_NAME, line no: 70,this.latestUpdateHash,FIELD_ACCESS, line no: 46, 0.9210526315789473, 0.7105263157894737, 0.0, 0.09523809523809523
value,SIMPLE_NAME, line no: 70,this.ttlMillis=ttlMillis,ASSIGNMENT, line no: 47, 0.9210526315789473, 0.7105263157894737, 0.0, 0.041666666666666664
value,SIMPLE_NAME, line no: 70,this.ttlMillis,FIELD_ACCESS, line no: 47, 0.9210526315789473, 0.7105263157894737, 0.0, 0.07142857142857142
value,SIMPLE_NAME, line no: 70,access(),METHOD_INVOCATION, line no: 51, 0.9210526315789473, 0.18421052631578946, 0.0, 0.25
value,SIMPLE_NAME, line no: 70,this.updateTime=System.currentTimeMillis(),ASSIGNMENT, line no: 73, 0.9210526315789473, 0.9210526315789473, 0.0, 0.07142857142857142
value,SIMPLE_NAME, line no: 70,this.updateTime,FIELD_ACCESS, line no: 73, 0.9210526315789473, 0.9210526315789473, 0.0, 0.13333333333333333
V,SIMPLE_NAME, line no: 70,key,SIMPLE_NAME, line no: 32, 0.7368421052631579, 0.02631578947368421, 0.0, 0.0
V,SIMPLE_NAME, line no: 70,vector,SIMPLE_NAME, line no: 34, 0.7368421052631579, 0.02631578947368421, 0.0, 0.0
oldValue,SIMPLE_NAME, line no: 70,key,SIMPLE_NAME, line no: 32, 0.7368421052631579, 0.05263157894736842, 0.0, 0.125
oldValue,SIMPLE_NAME, line no: 70,vector,SIMPLE_NAME, line no: 34, 0.7368421052631579, 0.05263157894736842, 0.0, 0.125
value,SIMPLE_NAME, line no: 70,key,SIMPLE_NAME, line no: 32, 0.7368421052631579, 0.05263157894736842, 0.0, 0.2
value,SIMPLE_NAME, line no: 70,vector,SIMPLE_NAME, line no: 34, 0.7368421052631579, 0.05263157894736842, 0.0, 0.3333333333333333
V,SIMPLE_NAME, line no: 70,Vector,SIMPLE_NAME, line no: 34, 0.7105263157894737, 0.05263157894736842, 0.0, 0.16666666666666666
V,SIMPLE_NAME, line no: 70,this.key=key,ASSIGNMENT, line no: 43, 0.7105263157894737, 0.7105263157894737, 0.0, 0.0
V,SIMPLE_NAME, line no: 70,this.key,FIELD_ACCESS, line no: 43, 0.7105263157894737, 0.7105263157894737, 0.0, 0.0
V,SIMPLE_NAME, line no: 70,this.vector=vector,ASSIGNMENT, line no: 45, 0.7105263157894737, 0.7105263157894737, 0.0, 0.0
V,SIMPLE_NAME, line no: 70,this.vector,FIELD_ACCESS, line no: 45, 0.7105263157894737, 0.7105263157894737, 0.0, 0.0
V,SIMPLE_NAME, line no: 70,null,NULL_LITERAL, line no: 131, 0.7105263157894737, 0.5263157894736842, 0.0, 0.0
V,SIMPLE_NAME, line no: 70,value != null,INFIX_EXPRESSION, line no: 138, 0.7105263157894737, 0.5263157894736842, 0.0, 0.0
V,SIMPLE_NAME, line no: 70,hashCode,SIMPLE_NAME, line no: 144, 0.7105263157894737, 0.02631578947368421, 0.0, 0.0
V,SIMPLE_NAME, line no: 70,result,SIMPLE_NAME, line no: 145, 0.7105263157894737, 0.6842105263157895, 0.0, 0.0
V,SIMPLE_NAME, line no: 70,0,NUMBER_LITERAL, line no: 145, 0.7105263157894737, 0.6842105263157895, 0.0, 0.0
V,SIMPLE_NAME, line no: 70,result=31 * result + (value != null ? value.hashCode() : 0),ASSIGNMENT, line no: 146, 0.7105263157894737, 0.7105263157894737, 0.0, 0.0
V,SIMPLE_NAME, line no: 70,31 * result + (value != null ? value.hashCode() : 0),INFIX_EXPRESSION, line no: 146, 0.7105263157894737, 0.7105263157894737, 0.0, 0.0
V,SIMPLE_NAME, line no: 70,31 * result,INFIX_EXPRESSION, line no: 146, 0.7105263157894737, 0.7105263157894737, 0.0, 0.0
V,SIMPLE_NAME, line no: 70,31,NUMBER_LITERAL, line no: 146, 0.7105263157894737, 0.7105263157894737, 0.0, 0.0
V,SIMPLE_NAME, line no: 70,(value != null ? value.hashCode() : 0),PARENTHESIZED_EXPRESSION, line no: 146, 0.7105263157894737, 0.7105263157894737, 0.0, 0.0
V,SIMPLE_NAME, line no: 70,value != null ? value.hashCode() : 0,CONDITIONAL_EXPRESSION, line no: 146, 0.7105263157894737, 0.7105263157894737, 0.0, 0.0
V,SIMPLE_NAME, line no: 70,value.hashCode(),METHOD_INVOCATION, line no: 146, 0.7105263157894737, 0.7105263157894737, 0.0, 0.0
V,SIMPLE_NAME, line no: 70,result=31 * result + latestUpdateHash,ASSIGNMENT, line no: 147, 0.7105263157894737, 0.7105263157894737, 0.0, 0.0
V,SIMPLE_NAME, line no: 70,31 * result + latestUpdateHash,INFIX_EXPRESSION, line no: 147, 0.7105263157894737, 0.7105263157894737, 0.0, 0.0
V,SIMPLE_NAME, line no: 70,result=31 * result + (int)(ttlMillis ^ (ttlMillis >>> 32)),ASSIGNMENT, line no: 148, 0.7105263157894737, 0.7105263157894737, 0.0, 0.0
V,SIMPLE_NAME, line no: 70,31 * result + (int)(ttlMillis ^ (ttlMillis >>> 32)),INFIX_EXPRESSION, line no: 148, 0.7105263157894737, 0.7105263157894737, 0.0, 0.0
V,SIMPLE_NAME, line no: 70,(int)(ttlMillis ^ (ttlMillis >>> 32)),CAST_EXPRESSION, line no: 148, 0.7105263157894737, 0.7105263157894737, 0.0, 0.0
V,SIMPLE_NAME, line no: 70,(ttlMillis ^ (ttlMillis >>> 32)),PARENTHESIZED_EXPRESSION, line no: 148, 0.7105263157894737, 0.7105263157894737, 0.0, 0.0
V,SIMPLE_NAME, line no: 70,ttlMillis ^ (ttlMillis >>> 32),INFIX_EXPRESSION, line no: 148, 0.7105263157894737, 0.7105263157894737, 0.0, 0.0
V,SIMPLE_NAME, line no: 70,(ttlMillis >>> 32),PARENTHESIZED_EXPRESSION, line no: 148, 0.7105263157894737, 0.7105263157894737, 0.0, 0.0
V,SIMPLE_NAME, line no: 70,ttlMillis >>> 32,INFIX_EXPRESSION, line no: 148, 0.7105263157894737, 0.7105263157894737, 0.0, 0.0
V,SIMPLE_NAME, line no: 70,32,NUMBER_LITERAL, line no: 148, 0.7105263157894737, 0.7105263157894737, 0.0, 0.0
oldValue,SIMPLE_NAME, line no: 70,0,NUMBER_LITERAL, line no: 35, 0.7105263157894737, 0.02631578947368421, 0.0, 0.0
oldValue,SIMPLE_NAME, line no: 70,this.key=key,ASSIGNMENT, line no: 43, 0.7105263157894737, 0.7105263157894737, 0.0, 0.08333333333333333
oldValue,SIMPLE_NAME, line no: 70,this.key,FIELD_ACCESS, line no: 43, 0.7105263157894737, 0.7105263157894737, 0.0, 0.125
oldValue,SIMPLE_NAME, line no: 70,this.vector=vector,ASSIGNMENT, line no: 45, 0.7105263157894737, 0.7105263157894737, 0.0, 0.1111111111111111
oldValue,SIMPLE_NAME, line no: 70,this.vector,FIELD_ACCESS, line no: 45, 0.7105263157894737, 0.7105263157894737, 0.0, 0.09090909090909091
oldValue,SIMPLE_NAME, line no: 70,null,NULL_LITERAL, line no: 131, 0.7105263157894737, 0.5263157894736842, 0.0, 0.25
oldValue,SIMPLE_NAME, line no: 70,key != null,INFIX_EXPRESSION, line no: 137, 0.7105263157894737, 0.5263157894736842, 0.0, 0.18181818181818182
oldValue,SIMPLE_NAME, line no: 70,value != null,INFIX_EXPRESSION, line no: 138, 0.7105263157894737, 0.5263157894736842, 0.0, 0.3076923076923077
oldValue,SIMPLE_NAME, line no: 70,hashCode,SIMPLE_NAME, line no: 144, 0.7105263157894737, 0.02631578947368421, 0.0, 0.375
oldValue,SIMPLE_NAME, line no: 70,result,SIMPLE_NAME, line no: 145, 0.7105263157894737, 0.7105263157894737, 0.0, 0.125
oldValue,SIMPLE_NAME, line no: 70,key != null ? key.hashCode() : 0,CONDITIONAL_EXPRESSION, line no: 145, 0.7105263157894737, 0.7105263157894737, 0.0, 0.09375
oldValue,SIMPLE_NAME, line no: 70,key.hashCode(),METHOD_INVOCATION, line no: 145, 0.7105263157894737, 0.7105263157894737, 0.0, 0.21428571428571427
oldValue,SIMPLE_NAME, line no: 70,result=31 * result + (value != null ? value.hashCode() : 0),ASSIGNMENT, line no: 146, 0.7105263157894737, 0.7105263157894737, 0.0, 0.0847457627118644
oldValue,SIMPLE_NAME, line no: 70,31 * result + (value != null ? value.hashCode() : 0),INFIX_EXPRESSION, line no: 146, 0.7105263157894737, 0.7105263157894737, 0.0, 0.09615384615384616
oldValue,SIMPLE_NAME, line no: 70,31 * result,INFIX_EXPRESSION, line no: 146, 0.7105263157894737, 0.7105263157894737, 0.0, 0.09090909090909091
oldValue,SIMPLE_NAME, line no: 70,31,NUMBER_LITERAL, line no: 146, 0.7105263157894737, 0.7105263157894737, 0.0, 0.0
oldValue,SIMPLE_NAME, line no: 70,(value != null ? value.hashCode() : 0),PARENTHESIZED_EXPRESSION, line no: 146, 0.7105263157894737, 0.7105263157894737, 0.0, 0.13157894736842105
oldValue,SIMPLE_NAME, line no: 70,value != null ? value.hashCode() : 0,CONDITIONAL_EXPRESSION, line no: 146, 0.7105263157894737, 0.7105263157894737, 0.0, 0.1388888888888889
oldValue,SIMPLE_NAME, line no: 70,value.hashCode(),METHOD_INVOCATION, line no: 146, 0.7105263157894737, 0.7105263157894737, 0.0, 0.25
oldValue,SIMPLE_NAME, line no: 70,result=31 * result + latestUpdateHash,ASSIGNMENT, line no: 147, 0.7105263157894737, 0.7105263157894737, 0.0, 0.10810810810810811
oldValue,SIMPLE_NAME, line no: 70,31 * result + latestUpdateHash,INFIX_EXPRESSION, line no: 147, 0.7105263157894737, 0.7105263157894737, 0.0, 0.13333333333333333
oldValue,SIMPLE_NAME, line no: 70,result=31 * result + (int)(ttlMillis ^ (ttlMillis >>> 32)),ASSIGNMENT, line no: 148, 0.7105263157894737, 0.7105263157894737, 0.0, 0.034482758620689655
oldValue,SIMPLE_NAME, line no: 70,31 * result + (int)(ttlMillis ^ (ttlMillis >>> 32)),INFIX_EXPRESSION, line no: 148, 0.7105263157894737, 0.7105263157894737, 0.0, 0.0392156862745098
oldValue,SIMPLE_NAME, line no: 70,(int)(ttlMillis ^ (ttlMillis >>> 32)),CAST_EXPRESSION, line no: 148, 0.7105263157894737, 0.7105263157894737, 0.0, 0.05405405405405406
oldValue,SIMPLE_NAME, line no: 70,(ttlMillis ^ (ttlMillis >>> 32)),PARENTHESIZED_EXPRESSION, line no: 148, 0.7105263157894737, 0.7105263157894737, 0.0, 0.0625
oldValue,SIMPLE_NAME, line no: 70,ttlMillis ^ (ttlMillis >>> 32),INFIX_EXPRESSION, line no: 148, 0.7105263157894737, 0.7105263157894737, 0.0, 0.06666666666666667
oldValue,SIMPLE_NAME, line no: 70,(ttlMillis >>> 32),PARENTHESIZED_EXPRESSION, line no: 148, 0.7105263157894737, 0.7105263157894737, 0.0, 0.1111111111111111
oldValue,SIMPLE_NAME, line no: 70,ttlMillis >>> 32,INFIX_EXPRESSION, line no: 148, 0.7105263157894737, 0.7105263157894737, 0.0, 0.125
oldValue,SIMPLE_NAME, line no: 70,32,NUMBER_LITERAL, line no: 148, 0.7105263157894737, 0.7105263157894737, 0.0, 0.0
value,SIMPLE_NAME, line no: 70,0,NUMBER_LITERAL, line no: 35, 0.7105263157894737, 0.02631578947368421, 0.0, 0.0
value,SIMPLE_NAME, line no: 70,this.key=key,ASSIGNMENT, line no: 43, 0.7105263157894737, 0.7105263157894737, 0.0, 0.08333333333333333
value,SIMPLE_NAME, line no: 70,this.key,FIELD_ACCESS, line no: 43, 0.7105263157894737, 0.7105263157894737, 0.0, 0.125
value,SIMPLE_NAME, line no: 70,this.vector=vector,ASSIGNMENT, line no: 45, 0.7105263157894737, 0.7105263157894737, 0.0, 0.1111111111111111
value,SIMPLE_NAME, line no: 70,this.vector,FIELD_ACCESS, line no: 45, 0.7105263157894737, 0.7105263157894737, 0.0, 0.18181818181818182
value,SIMPLE_NAME, line no: 70,null,NULL_LITERAL, line no: 131, 0.7105263157894737, 0.5263157894736842, 0.0, 0.2
value,SIMPLE_NAME, line no: 70,key != null,INFIX_EXPRESSION, line no: 137, 0.7105263157894737, 0.5263157894736842, 0.0, 0.09090909090909091
value,SIMPLE_NAME, line no: 70,value != null,INFIX_EXPRESSION, line no: 138, 0.7105263157894737, 0.5263157894736842, 0.0, 0.38461538461538464
value,SIMPLE_NAME, line no: 70,hashCode,SIMPLE_NAME, line no: 144, 0.7105263157894737, 0.02631578947368421, 0.0, 0.25
value,SIMPLE_NAME, line no: 70,result,SIMPLE_NAME, line no: 145, 0.7105263157894737, 0.7105263157894737, 0.0, 0.16666666666666666
value,SIMPLE_NAME, line no: 70,key != null ? key.hashCode() : 0,CONDITIONAL_EXPRESSION, line no: 145, 0.7105263157894737, 0.7105263157894737, 0.0, 0.0625
value,SIMPLE_NAME, line no: 70,key.hashCode(),METHOD_INVOCATION, line no: 145, 0.7105263157894737, 0.7105263157894737, 0.0, 0.14285714285714285
value,SIMPLE_NAME, line no: 70,result=31 * result + (value != null ? value.hashCode() : 0),ASSIGNMENT, line no: 146, 0.7105263157894737, 0.7105263157894737, 0.0, 0.0847457627118644
value,SIMPLE_NAME, line no: 70,31 * result + (value != null ? value.hashCode() : 0),INFIX_EXPRESSION, line no: 146, 0.7105263157894737, 0.7105263157894737, 0.0, 0.09615384615384616
value,SIMPLE_NAME, line no: 70,31 * result,INFIX_EXPRESSION, line no: 146, 0.7105263157894737, 0.7105263157894737, 0.0, 0.09090909090909091
value,SIMPLE_NAME, line no: 70,31,NUMBER_LITERAL, line no: 146, 0.7105263157894737, 0.7105263157894737, 0.0, 0.0
value,SIMPLE_NAME, line no: 70,(value != null ? value.hashCode() : 0),PARENTHESIZED_EXPRESSION, line no: 146, 0.7105263157894737, 0.7105263157894737, 0.0, 0.13157894736842105
value,SIMPLE_NAME, line no: 70,value != null ? value.hashCode() : 0,CONDITIONAL_EXPRESSION, line no: 146, 0.7105263157894737, 0.7105263157894737, 0.0, 0.1388888888888889
value,SIMPLE_NAME, line no: 70,value.hashCode(),METHOD_INVOCATION, line no: 146, 0.7105263157894737, 0.7105263157894737, 0.0, 0.3125
value,SIMPLE_NAME, line no: 70,result=31 * result + latestUpdateHash,ASSIGNMENT, line no: 147, 0.7105263157894737, 0.7105263157894737, 0.0, 0.08108108108108109
value,SIMPLE_NAME, line no: 70,31 * result + latestUpdateHash,INFIX_EXPRESSION, line no: 147, 0.7105263157894737, 0.7105263157894737, 0.0, 0.06666666666666667
value,SIMPLE_NAME, line no: 70,result=31 * result + (int)(ttlMillis ^ (ttlMillis >>> 32)),ASSIGNMENT, line no: 148, 0.7105263157894737, 0.7105263157894737, 0.0, 0.034482758620689655
value,SIMPLE_NAME, line no: 70,31 * result + (int)(ttlMillis ^ (ttlMillis >>> 32)),INFIX_EXPRESSION, line no: 148, 0.7105263157894737, 0.7105263157894737, 0.0, 0.0196078431372549
value,SIMPLE_NAME, line no: 70,(int)(ttlMillis ^ (ttlMillis >>> 32)),CAST_EXPRESSION, line no: 148, 0.7105263157894737, 0.7105263157894737, 0.0, 0.02702702702702703
value,SIMPLE_NAME, line no: 70,(ttlMillis ^ (ttlMillis >>> 32)),PARENTHESIZED_EXPRESSION, line no: 148, 0.7105263157894737, 0.7105263157894737, 0.0, 0.03125
value,SIMPLE_NAME, line no: 70,ttlMillis ^ (ttlMillis >>> 32),INFIX_EXPRESSION, line no: 148, 0.7105263157894737, 0.7105263157894737, 0.0, 0.03333333333333333
value,SIMPLE_NAME, line no: 70,(ttlMillis >>> 32),PARENTHESIZED_EXPRESSION, line no: 148, 0.7105263157894737, 0.7105263157894737, 0.0, 0.05555555555555555
value,SIMPLE_NAME, line no: 70,ttlMillis >>> 32,INFIX_EXPRESSION, line no: 148, 0.7105263157894737, 0.7105263157894737, 0.0, 0.0625
value,SIMPLE_NAME, line no: 70,32,NUMBER_LITERAL, line no: 148, 0.7105263157894737, 0.7105263157894737, 0.0, 0.0
V,SIMPLE_NAME, line no: 70,readData,SIMPLE_NAME, line no: 119, 0.6842105263157895, 0.02631578947368421, 0.0, 0.0
V,SIMPLE_NAME, line no: 70,in,SIMPLE_NAME, line no: 119, 0.6842105263157895, 0.02631578947368421, 0.0, 0.0
V,SIMPLE_NAME, line no: 70,key=in.readObject(),ASSIGNMENT, line no: 120, 0.6842105263157895, 0.6842105263157895, 0.0, 0.0
V,SIMPLE_NAME, line no: 70,vector=new Vector(),ASSIGNMENT, line no: 122, 0.6842105263157895, 0.6842105263157895, 0.0, 0.05263157894736842
V,SIMPLE_NAME, line no: 70,new Vector(),CLASS_INSTANCE_CREATION, line no: 122, 0.6842105263157895, 0.6842105263157895, 0.0, 0.08333333333333333
V,SIMPLE_NAME, line no: 70,vector.readData(in),METHOD_INVOCATION, line no: 123, 0.6842105263157895, 0.6842105263157895, 0.0, 0.0
V,SIMPLE_NAME, line no: 70,latestUpdateHash=in.readInt(),ASSIGNMENT, line no: 124, 0.6842105263157895, 0.6842105263157895, 0.0, 0.0
V,SIMPLE_NAME, line no: 70,in.readInt(),METHOD_INVOCATION, line no: 124, 0.6842105263157895, 0.6842105263157895, 0.0, 0.0
V,SIMPLE_NAME, line no: 70,readInt,SIMPLE_NAME, line no: 124, 0.6842105263157895, 0.6842105263157895, 0.0, 0.0
V,SIMPLE_NAME, line no: 70,ttlMillis=in.readLong(),ASSIGNMENT, line no: 125, 0.6842105263157895, 0.6842105263157895, 0.0, 0.0
V,SIMPLE_NAME, line no: 70,in.readLong(),METHOD_INVOCATION, line no: 125, 0.6842105263157895, 0.6842105263157895, 0.0, 0.0
V,SIMPLE_NAME, line no: 70,readLong,SIMPLE_NAME, line no: 125, 0.6842105263157895, 0.6842105263157895, 0.0, 0.0
V,SIMPLE_NAME, line no: 70,key != null,INFIX_EXPRESSION, line no: 137, 0.6842105263157895, 0.5263157894736842, 0.0, 0.0
V,SIMPLE_NAME, line no: 70,key != null ? key.hashCode() : 0,CONDITIONAL_EXPRESSION, line no: 145, 0.6842105263157895, 0.6842105263157895, 0.0, 0.0
V,SIMPLE_NAME, line no: 70,key.hashCode(),METHOD_INVOCATION, line no: 145, 0.6842105263157895, 0.6842105263157895, 0.0, 0.0
V,SIMPLE_NAME, line no: 70,StringBuilder,SIMPLE_NAME, line no: 154, 0.6842105263157895, 0.6842105263157895, 0.0, 0.0
oldValue,SIMPLE_NAME, line no: 70,Vector,SIMPLE_NAME, line no: 34, 0.6842105263157895, 0.02631578947368421, 0.0, 0.25
oldValue,SIMPLE_NAME, line no: 70,readData,SIMPLE_NAME, line no: 119, 0.6842105263157895, 0.02631578947368421, 0.0, 0.25
oldValue,SIMPLE_NAME, line no: 70,in,SIMPLE_NAME, line no: 119, 0.6842105263157895, 0.02631578947368421, 0.0, 0.0
oldValue,SIMPLE_NAME, line no: 70,key=in.readObject(),ASSIGNMENT, line no: 120, 0.6842105263157895, 0.6842105263157895, 0.0, 0.10526315789473684
oldValue,SIMPLE_NAME, line no: 70,vector=new Vector(),ASSIGNMENT, line no: 122, 0.6842105263157895, 0.6842105263157895, 0.0, 0.15789473684210525
oldValue,SIMPLE_NAME, line no: 70,new Vector(),CLASS_INSTANCE_CREATION, line no: 122, 0.6842105263157895, 0.6842105263157895, 0.0, 0.16666666666666666
oldValue,SIMPLE_NAME, line no: 70,vector.readData(in),METHOD_INVOCATION, line no: 123, 0.6842105263157895, 0.6842105263157895, 0.0, 0.15789473684210525
oldValue,SIMPLE_NAME, line no: 70,latestUpdateHash=in.readInt(),ASSIGNMENT, line no: 124, 0.6842105263157895, 0.6842105263157895, 0.0, 0.13793103448275862
oldValue,SIMPLE_NAME, line no: 70,in.readInt(),METHOD_INVOCATION, line no: 124, 0.6842105263157895, 0.6842105263157895, 0.0, 0.08333333333333333
oldValue,SIMPLE_NAME, line no: 70,readInt,SIMPLE_NAME, line no: 124, 0.6842105263157895, 0.6842105263157895, 0.0, 0.125
oldValue,SIMPLE_NAME, line no: 70,ttlMillis=in.readLong(),ASSIGNMENT, line no: 125, 0.6842105263157895, 0.6842105263157895, 0.0, 0.13043478260869565
oldValue,SIMPLE_NAME, line no: 70,in.readLong(),METHOD_INVOCATION, line no: 125, 0.6842105263157895, 0.6842105263157895, 0.0, 0.07692307692307693
oldValue,SIMPLE_NAME, line no: 70,readLong,SIMPLE_NAME, line no: 125, 0.6842105263157895, 0.6842105263157895, 0.0, 0.125
oldValue,SIMPLE_NAME, line no: 70,StringBuilder,SIMPLE_NAME, line no: 154, 0.6842105263157895, 0.6578947368421053, 0.0, 0.23076923076923078
oldValue,SIMPLE_NAME, line no: 70,sb,SIMPLE_NAME, line no: 154, 0.6842105263157895, 0.6842105263157895, 0.0, 0.0
oldValue,SIMPLE_NAME, line no: 70,new StringBuilder("ReplicatedRecord{"),CLASS_INSTANCE_CREATION, line no: 154, 0.6842105263157895, 0.6842105263157895, 0.0, 0.10526315789473684
oldValue,SIMPLE_NAME, line no: 70,"ReplicatedRecord{",STRING_LITERAL, line no: 154, 0.6842105263157895, 0.6842105263157895, 0.0, 0.15789473684210525
value,SIMPLE_NAME, line no: 70,Vector,SIMPLE_NAME, line no: 34, 0.6842105263157895, 0.02631578947368421, 0.0, 0.16666666666666666
value,SIMPLE_NAME, line no: 70,readData,SIMPLE_NAME, line no: 119, 0.6842105263157895, 0.02631578947368421, 0.0, 0.125
value,SIMPLE_NAME, line no: 70,in,SIMPLE_NAME, line no: 119, 0.6842105263157895, 0.02631578947368421, 0.0, 0.0
value,SIMPLE_NAME, line no: 70,key=in.readObject(),ASSIGNMENT, line no: 120, 0.6842105263157895, 0.6842105263157895, 0.0, 0.10526315789473684
value,SIMPLE_NAME, line no: 70,vector=new Vector(),ASSIGNMENT, line no: 122, 0.6842105263157895, 0.6842105263157895, 0.0, 0.10526315789473684
value,SIMPLE_NAME, line no: 70,new Vector(),CLASS_INSTANCE_CREATION, line no: 122, 0.6842105263157895, 0.6842105263157895, 0.0, 0.08333333333333333
value,SIMPLE_NAME, line no: 70,vector.readData(in),METHOD_INVOCATION, line no: 123, 0.6842105263157895, 0.6842105263157895, 0.0, 0.10526315789473684
value,SIMPLE_NAME, line no: 70,latestUpdateHash=in.readInt(),ASSIGNMENT, line no: 124, 0.6842105263157895, 0.6842105263157895, 0.0, 0.06896551724137931
value,SIMPLE_NAME, line no: 70,in.readInt(),METHOD_INVOCATION, line no: 124, 0.6842105263157895, 0.6842105263157895, 0.0, 0.08333333333333333
value,SIMPLE_NAME, line no: 70,readInt,SIMPLE_NAME, line no: 124, 0.6842105263157895, 0.6842105263157895, 0.0, 0.14285714285714285
value,SIMPLE_NAME, line no: 70,ttlMillis=in.readLong(),ASSIGNMENT, line no: 125, 0.6842105263157895, 0.6842105263157895, 0.0, 0.08695652173913043
value,SIMPLE_NAME, line no: 70,in.readLong(),METHOD_INVOCATION, line no: 125, 0.6842105263157895, 0.6842105263157895, 0.0, 0.07692307692307693
value,SIMPLE_NAME, line no: 70,readLong,SIMPLE_NAME, line no: 125, 0.6842105263157895, 0.6842105263157895, 0.0, 0.125
value,SIMPLE_NAME, line no: 70,StringBuilder,SIMPLE_NAME, line no: 154, 0.6842105263157895, 0.6578947368421053, 0.0, 0.15384615384615385
value,SIMPLE_NAME, line no: 70,sb,SIMPLE_NAME, line no: 154, 0.6842105263157895, 0.6842105263157895, 0.0, 0.0
value,SIMPLE_NAME, line no: 70,new StringBuilder("ReplicatedRecord{"),CLASS_INSTANCE_CREATION, line no: 154, 0.6842105263157895, 0.6842105263157895, 0.0, 0.05263157894736842
value,SIMPLE_NAME, line no: 70,"ReplicatedRecord{",STRING_LITERAL, line no: 154, 0.6842105263157895, 0.6842105263157895, 0.0, 0.10526315789473684
V,SIMPLE_NAME, line no: 70,sb,SIMPLE_NAME, line no: 154, 0.6578947368421053, 0.6578947368421053, 0.0, 0.0
V,SIMPLE_NAME, line no: 70,new StringBuilder("ReplicatedRecord{"),CLASS_INSTANCE_CREATION, line no: 154, 0.6578947368421053, 0.6578947368421053, 0.0, 0.0
V,SIMPLE_NAME, line no: 70,"ReplicatedRecord{",STRING_LITERAL, line no: 154, 0.6578947368421053, 0.6578947368421053, 0.0, 0.0
V,SIMPLE_NAME, line no: 70,toString,SIMPLE_NAME, line no: 153, 0.631578947368421, 0.02631578947368421, 0.0, 0.0
V,SIMPLE_NAME, line no: 70,sb.append("key=").append(key),METHOD_INVOCATION, line no: 155, 0.631578947368421, 0.631578947368421, 0.0, 0.0
V,SIMPLE_NAME, line no: 70,sb.append("key="),METHOD_INVOCATION, line no: 155, 0.631578947368421, 0.631578947368421, 0.0, 0.0
V,SIMPLE_NAME, line no: 70,append,SIMPLE_NAME, line no: 155, 0.631578947368421, 0.631578947368421, 0.0, 0.0
V,SIMPLE_NAME, line no: 70,"key=",STRING_LITERAL, line no: 155, 0.631578947368421, 0.631578947368421, 0.0, 0.0
V,SIMPLE_NAME, line no: 70,sb.append("  value=").append(value),METHOD_INVOCATION, line no: 156, 0.631578947368421, 0.631578947368421, 0.0, 0.0
V,SIMPLE_NAME, line no: 70,sb.append("  value="),METHOD_INVOCATION, line no: 156, 0.631578947368421, 0.631578947368421, 0.0, 0.0
V,SIMPLE_NAME, line no: 70,"  value=",STRING_LITERAL, line no: 156, 0.631578947368421, 0.631578947368421, 0.0, 0.0
V,SIMPLE_NAME, line no: 70,sb.append("  vector=").append(vector),METHOD_INVOCATION, line no: 157, 0.631578947368421, 0.631578947368421, 0.0, 0.0
V,SIMPLE_NAME, line no: 70,sb.append("  vector="),METHOD_INVOCATION, line no: 157, 0.631578947368421, 0.631578947368421, 0.0, 0.0
V,SIMPLE_NAME, line no: 70,"  vector=",STRING_LITERAL, line no: 157, 0.631578947368421, 0.631578947368421, 0.0, 0.0
V,SIMPLE_NAME, line no: 70,sb.append("  latestUpdateHash=").append(latestUpdateHash),METHOD_INVOCATION, line no: 158, 0.631578947368421, 0.631578947368421, 0.0, 0.0
V,SIMPLE_NAME, line no: 70,sb.append("  latestUpdateHash="),METHOD_INVOCATION, line no: 158, 0.631578947368421, 0.631578947368421, 0.0, 0.0
V,SIMPLE_NAME, line no: 70,"  latestUpdateHash=",STRING_LITERAL, line no: 158, 0.631578947368421, 0.631578947368421, 0.0, 0.0
V,SIMPLE_NAME, line no: 70,sb.append("  ttlMillis=").append(ttlMillis),METHOD_INVOCATION, line no: 159, 0.631578947368421, 0.631578947368421, 0.0, 0.0
V,SIMPLE_NAME, line no: 70,sb.append("  ttlMillis="),METHOD_INVOCATION, line no: 159, 0.631578947368421, 0.631578947368421, 0.0, 0.0
V,SIMPLE_NAME, line no: 70,"  ttlMillis=",STRING_LITERAL, line no: 159, 0.631578947368421, 0.631578947368421, 0.0, 0.0
V,SIMPLE_NAME, line no: 70,sb.append('}'),METHOD_INVOCATION, line no: 160, 0.631578947368421, 0.631578947368421, 0.0, 0.0
V,SIMPLE_NAME, line no: 70,'}',CHARACTER_LITERAL, line no: 160, 0.631578947368421, 0.631578947368421, 0.0, 0.0
V,SIMPLE_NAME, line no: 70,sb.toString(),METHOD_INVOCATION, line no: 161, 0.631578947368421, 0.631578947368421, 0.0, 0.0
oldValue,SIMPLE_NAME, line no: 70,toString,SIMPLE_NAME, line no: 153, 0.631578947368421, 0.02631578947368421, 0.0, 0.125
oldValue,SIMPLE_NAME, line no: 70,sb.append("key=").append(key),METHOD_INVOCATION, line no: 155, 0.631578947368421, 0.631578947368421, 0.0, 0.10344827586206896
oldValue,SIMPLE_NAME, line no: 70,sb.append("key="),METHOD_INVOCATION, line no: 155, 0.631578947368421, 0.631578947368421, 0.0, 0.11764705882352941
oldValue,SIMPLE_NAME, line no: 70,append,SIMPLE_NAME, line no: 155, 0.631578947368421, 0.631578947368421, 0.0, 0.25
oldValue,SIMPLE_NAME, line no: 70,"key=",STRING_LITERAL, line no: 155, 0.631578947368421, 0.631578947368421, 0.0, 0.125
oldValue,SIMPLE_NAME, line no: 70,sb.append("  value=").append(value),METHOD_INVOCATION, line no: 156, 0.631578947368421, 0.631578947368421, 0.0, 0.17142857142857143
oldValue,SIMPLE_NAME, line no: 70,sb.append("  value="),METHOD_INVOCATION, line no: 156, 0.631578947368421, 0.631578947368421, 0.0, 0.23809523809523808
oldValue,SIMPLE_NAME, line no: 70,"  value=",STRING_LITERAL, line no: 156, 0.631578947368421, 0.631578947368421, 0.0, 0.4
oldValue,SIMPLE_NAME, line no: 70,sb.append("  vector=").append(vector),METHOD_INVOCATION, line no: 157, 0.631578947368421, 0.631578947368421, 0.0, 0.08108108108108109
oldValue,SIMPLE_NAME, line no: 70,sb.append("  vector="),METHOD_INVOCATION, line no: 157, 0.631578947368421, 0.631578947368421, 0.0, 0.09090909090909091
oldValue,SIMPLE_NAME, line no: 70,"  vector=",STRING_LITERAL, line no: 157, 0.631578947368421, 0.631578947368421, 0.0, 0.09090909090909091
oldValue,SIMPLE_NAME, line no: 70,sb.append("  latestUpdateHash=").append(latestUpdateHash),METHOD_INVOCATION, line no: 158, 0.631578947368421, 0.631578947368421, 0.0, 0.08771929824561403
oldValue,SIMPLE_NAME, line no: 70,sb.append("  latestUpdateHash="),METHOD_INVOCATION, line no: 158, 0.631578947368421, 0.631578947368421, 0.0, 0.125
oldValue,SIMPLE_NAME, line no: 70,"  latestUpdateHash=",STRING_LITERAL, line no: 158, 0.631578947368421, 0.631578947368421, 0.0, 0.19047619047619047
oldValue,SIMPLE_NAME, line no: 70,sb.append("  ttlMillis=").append(ttlMillis),METHOD_INVOCATION, line no: 159, 0.631578947368421, 0.631578947368421, 0.0, 0.06976744186046512
oldValue,SIMPLE_NAME, line no: 70,sb.append("  ttlMillis="),METHOD_INVOCATION, line no: 159, 0.631578947368421, 0.631578947368421, 0.0, 0.08
oldValue,SIMPLE_NAME, line no: 70,"  ttlMillis=",STRING_LITERAL, line no: 159, 0.631578947368421, 0.631578947368421, 0.0, 0.14285714285714285
oldValue,SIMPLE_NAME, line no: 70,sb.append('}'),METHOD_INVOCATION, line no: 160, 0.631578947368421, 0.631578947368421, 0.0, 0.14285714285714285
oldValue,SIMPLE_NAME, line no: 70,'}',CHARACTER_LITERAL, line no: 160, 0.631578947368421, 0.631578947368421, 0.0, 0.0
oldValue,SIMPLE_NAME, line no: 70,sb.toString(),METHOD_INVOCATION, line no: 161, 0.631578947368421, 0.631578947368421, 0.0, 0.07692307692307693
value,SIMPLE_NAME, line no: 70,toString,SIMPLE_NAME, line no: 153, 0.631578947368421, 0.02631578947368421, 0.0, 0.0
value,SIMPLE_NAME, line no: 70,sb.append("key=").append(key),METHOD_INVOCATION, line no: 155, 0.631578947368421, 0.631578947368421, 0.0, 0.06896551724137931
value,SIMPLE_NAME, line no: 70,sb.append("key="),METHOD_INVOCATION, line no: 155, 0.631578947368421, 0.631578947368421, 0.0, 0.11764705882352941
value,SIMPLE_NAME, line no: 70,append,SIMPLE_NAME, line no: 155, 0.631578947368421, 0.631578947368421, 0.0, 0.3333333333333333
value,SIMPLE_NAME, line no: 70,"key=",STRING_LITERAL, line no: 155, 0.631578947368421, 0.631578947368421, 0.0, 0.16666666666666666
value,SIMPLE_NAME, line no: 70,sb.append("  value=").append(value),METHOD_INVOCATION, line no: 156, 0.631578947368421, 0.631578947368421, 0.0, 0.14285714285714285
value,SIMPLE_NAME, line no: 70,sb.append("  value="),METHOD_INVOCATION, line no: 156, 0.631578947368421, 0.631578947368421, 0.0, 0.23809523809523808
value,SIMPLE_NAME, line no: 70,"  value=",STRING_LITERAL, line no: 156, 0.631578947368421, 0.631578947368421, 0.0, 0.5
value,SIMPLE_NAME, line no: 70,sb.append("  vector=").append(vector),METHOD_INVOCATION, line no: 157, 0.631578947368421, 0.631578947368421, 0.0, 0.08108108108108109
value,SIMPLE_NAME, line no: 70,sb.append("  vector="),METHOD_INVOCATION, line no: 157, 0.631578947368421, 0.631578947368421, 0.0, 0.09090909090909091
value,SIMPLE_NAME, line no: 70,"  vector=",STRING_LITERAL, line no: 157, 0.631578947368421, 0.631578947368421, 0.0, 0.18181818181818182
value,SIMPLE_NAME, line no: 70,sb.append("  latestUpdateHash=").append(latestUpdateHash),METHOD_INVOCATION, line no: 158, 0.631578947368421, 0.631578947368421, 0.0, 0.05263157894736842
value,SIMPLE_NAME, line no: 70,sb.append("  latestUpdateHash="),METHOD_INVOCATION, line no: 158, 0.631578947368421, 0.631578947368421, 0.0, 0.09375
value,SIMPLE_NAME, line no: 70,"  latestUpdateHash=",STRING_LITERAL, line no: 158, 0.631578947368421, 0.631578947368421, 0.0, 0.09523809523809523
value,SIMPLE_NAME, line no: 70,sb.append("  ttlMillis=").append(ttlMillis),METHOD_INVOCATION, line no: 159, 0.631578947368421, 0.631578947368421, 0.0, 0.06976744186046512
value,SIMPLE_NAME, line no: 70,sb.append("  ttlMillis="),METHOD_INVOCATION, line no: 159, 0.631578947368421, 0.631578947368421, 0.0, 0.08
value,SIMPLE_NAME, line no: 70,"  ttlMillis=",STRING_LITERAL, line no: 159, 0.631578947368421, 0.631578947368421, 0.0, 0.07142857142857142
value,SIMPLE_NAME, line no: 70,sb.append('}'),METHOD_INVOCATION, line no: 160, 0.631578947368421, 0.631578947368421, 0.0, 0.14285714285714285
value,SIMPLE_NAME, line no: 70,'}',CHARACTER_LITERAL, line no: 160, 0.631578947368421, 0.631578947368421, 0.0, 0.0
value,SIMPLE_NAME, line no: 70,sb.toString(),METHOD_INVOCATION, line no: 161, 0.631578947368421, 0.631578947368421, 0.0, 0.0
V,SIMPLE_NAME, line no: 70,ReplicatedRecord,SIMPLE_NAME, line no: 27, 0.5789473684210527, 0.02631578947368421, 0.0, 0.0
V,SIMPLE_NAME, line no: 70,writeData,SIMPLE_NAME, line no: 110, 0.5789473684210527, 0.02631578947368421, 0.0, 0.0
V,SIMPLE_NAME, line no: 70,out,SIMPLE_NAME, line no: 110, 0.5789473684210527, 0.02631578947368421, 0.0, 0.0
V,SIMPLE_NAME, line no: 70,out.writeObject(key),METHOD_INVOCATION, line no: 111, 0.5789473684210527, 0.5789473684210527, 0.0, 0.0
V,SIMPLE_NAME, line no: 70,writeObject,SIMPLE_NAME, line no: 111, 0.5789473684210527, 0.5789473684210527, 0.0, 0.0
V,SIMPLE_NAME, line no: 70,out.writeObject(value),METHOD_INVOCATION, line no: 112, 0.5789473684210527, 0.5789473684210527, 0.0, 0.0
V,SIMPLE_NAME, line no: 70,vector.writeData(out),METHOD_INVOCATION, line no: 113, 0.5789473684210527, 0.5789473684210527, 0.0, 0.0
V,SIMPLE_NAME, line no: 70,out.writeInt(latestUpdateHash),METHOD_INVOCATION, line no: 114, 0.5789473684210527, 0.5789473684210527, 0.0, 0.0
V,SIMPLE_NAME, line no: 70,writeInt,SIMPLE_NAME, line no: 114, 0.5789473684210527, 0.5789473684210527, 0.0, 0.0
V,SIMPLE_NAME, line no: 70,out.writeLong(ttlMillis),METHOD_INVOCATION, line no: 115, 0.5789473684210527, 0.5789473684210527, 0.0, 0.0
V,SIMPLE_NAME, line no: 70,writeLong,SIMPLE_NAME, line no: 115, 0.5789473684210527, 0.5789473684210527, 0.0, 0.0
oldValue,SIMPLE_NAME, line no: 70,ReplicatedRecord,SIMPLE_NAME, line no: 27, 0.5789473684210527, 0.02631578947368421, 0.0, 0.1875
oldValue,SIMPLE_NAME, line no: 70,writeData,SIMPLE_NAME, line no: 110, 0.5789473684210527, 0.02631578947368421, 0.0, 0.1111111111111111
oldValue,SIMPLE_NAME, line no: 70,out,SIMPLE_NAME, line no: 110, 0.5789473684210527, 0.02631578947368421, 0.0, 0.25
oldValue,SIMPLE_NAME, line no: 70,out.writeObject(key),METHOD_INVOCATION, line no: 111, 0.5789473684210527, 0.5789473684210527, 0.0, 0.15
oldValue,SIMPLE_NAME, line no: 70,writeObject,SIMPLE_NAME, line no: 111, 0.5789473684210527, 0.5789473684210527, 0.0, 0.09090909090909091
oldValue,SIMPLE_NAME, line no: 70,out.writeObject(value),METHOD_INVOCATION, line no: 112, 0.5789473684210527, 0.5789473684210527, 0.0, 0.22727272727272727
oldValue,SIMPLE_NAME, line no: 70,vector.writeData(out),METHOD_INVOCATION, line no: 113, 0.5789473684210527, 0.5789473684210527, 0.0, 0.14285714285714285
oldValue,SIMPLE_NAME, line no: 70,out.writeInt(latestUpdateHash),METHOD_INVOCATION, line no: 114, 0.5789473684210527, 0.5789473684210527, 0.0, 0.16666666666666666
oldValue,SIMPLE_NAME, line no: 70,writeInt,SIMPLE_NAME, line no: 114, 0.5789473684210527, 0.5789473684210527, 0.0, 0.125
oldValue,SIMPLE_NAME, line no: 70,out.writeLong(ttlMillis),METHOD_INVOCATION, line no: 115, 0.5789473684210527, 0.5789473684210527, 0.0, 0.125
oldValue,SIMPLE_NAME, line no: 70,writeLong,SIMPLE_NAME, line no: 115, 0.5789473684210527, 0.5789473684210527, 0.0, 0.1111111111111111
oldValue,SIMPLE_NAME, line no: 70,o,SIMPLE_NAME, line no: 129, 0.5789473684210527, 0.02631578947368421, 0.0, 0.125
oldValue,SIMPLE_NAME, line no: 70,that,SIMPLE_NAME, line no: 133, 0.5789473684210527, 0.5789473684210527, 0.0, 0.125
oldValue,SIMPLE_NAME, line no: 70,(ReplicatedRecord)o,CAST_EXPRESSION, line no: 133, 0.5789473684210527, 0.5789473684210527, 0.0, 0.15789473684210525
value,SIMPLE_NAME, line no: 70,ReplicatedRecord,SIMPLE_NAME, line no: 27, 0.5789473684210527, 0.02631578947368421, 0.0, 0.125
value,SIMPLE_NAME, line no: 70,writeData,SIMPLE_NAME, line no: 110, 0.5789473684210527, 0.02631578947368421, 0.0, 0.1111111111111111
value,SIMPLE_NAME, line no: 70,out,SIMPLE_NAME, line no: 110, 0.5789473684210527, 0.02631578947368421, 0.0, 0.2
value,SIMPLE_NAME, line no: 70,out.writeObject(key),METHOD_INVOCATION, line no: 111, 0.5789473684210527, 0.5789473684210527, 0.0, 0.1
value,SIMPLE_NAME, line no: 70,writeObject,SIMPLE_NAME, line no: 111, 0.5789473684210527, 0.5789473684210527, 0.0, 0.09090909090909091
value,SIMPLE_NAME, line no: 70,out.writeObject(value),METHOD_INVOCATION, line no: 112, 0.5789473684210527, 0.5789473684210527, 0.0, 0.22727272727272727
value,SIMPLE_NAME, line no: 70,vector.writeData(out),METHOD_INVOCATION, line no: 113, 0.5789473684210527, 0.5789473684210527, 0.0, 0.14285714285714285
value,SIMPLE_NAME, line no: 70,out.writeInt(latestUpdateHash),METHOD_INVOCATION, line no: 114, 0.5789473684210527, 0.5789473684210527, 0.0, 0.06666666666666667
value,SIMPLE_NAME, line no: 70,writeInt,SIMPLE_NAME, line no: 114, 0.5789473684210527, 0.5789473684210527, 0.0, 0.125
value,SIMPLE_NAME, line no: 70,out.writeLong(ttlMillis),METHOD_INVOCATION, line no: 115, 0.5789473684210527, 0.5789473684210527, 0.0, 0.08333333333333333
value,SIMPLE_NAME, line no: 70,writeLong,SIMPLE_NAME, line no: 115, 0.5789473684210527, 0.5789473684210527, 0.0, 0.1111111111111111
value,SIMPLE_NAME, line no: 70,o,SIMPLE_NAME, line no: 129, 0.5789473684210527, 0.02631578947368421, 0.0, 0.0
value,SIMPLE_NAME, line no: 70,that,SIMPLE_NAME, line no: 133, 0.5789473684210527, 0.5789473684210527, 0.0, 0.2
value,SIMPLE_NAME, line no: 70,(ReplicatedRecord)o,CAST_EXPRESSION, line no: 133, 0.5789473684210527, 0.5789473684210527, 0.0, 0.10526315789473684
V,SIMPLE_NAME, line no: 70,o,SIMPLE_NAME, line no: 129, 0.5526315789473685, 0.02631578947368421, 0.0, 0.0
V,SIMPLE_NAME, line no: 70,that,SIMPLE_NAME, line no: 133, 0.5526315789473685, 0.5526315789473685, 0.0, 0.0
V,SIMPLE_NAME, line no: 70,(ReplicatedRecord)o,CAST_EXPRESSION, line no: 133, 0.5526315789473685, 0.5526315789473685, 0.0, 0.0
V,SIMPLE_NAME, line no: 70,equals,SIMPLE_NAME, line no: 129, 0.5263157894736842, 0.02631578947368421, 0.0, 0.0
V,SIMPLE_NAME, line no: 70,this == o,INFIX_EXPRESSION, line no: 130, 0.5263157894736842, 0.5263157894736842, 0.0, 0.0
V,SIMPLE_NAME, line no: 70,true,BOOLEAN_LITERAL, line no: 130, 0.5263157894736842, 0.5263157894736842, 0.0, 0.0
V,SIMPLE_NAME, line no: 70,o == null || getClass() != o.getClass(),INFIX_EXPRESSION, line no: 131, 0.5263157894736842, 0.5263157894736842, 0.0, 0.0
V,SIMPLE_NAME, line no: 70,o == null,INFIX_EXPRESSION, line no: 131, 0.5263157894736842, 0.5263157894736842, 0.0, 0.0
V,SIMPLE_NAME, line no: 70,getClass() != o.getClass(),INFIX_EXPRESSION, line no: 131, 0.5263157894736842, 0.5263157894736842, 0.0, 0.0
V,SIMPLE_NAME, line no: 70,getClass(),METHOD_INVOCATION, line no: 131, 0.5263157894736842, 0.5263157894736842, 0.0, 0.0
V,SIMPLE_NAME, line no: 70,getClass,SIMPLE_NAME, line no: 131, 0.5263157894736842, 0.5263157894736842, 0.0, 0.0
V,SIMPLE_NAME, line no: 70,o.getClass(),METHOD_INVOCATION, line no: 131, 0.5263157894736842, 0.5263157894736842, 0.0, 0.0
V,SIMPLE_NAME, line no: 70,false,BOOLEAN_LITERAL, line no: 131, 0.5263157894736842, 0.5263157894736842, 0.0, 0.0
V,SIMPLE_NAME, line no: 70,latestUpdateHash != that.latestUpdateHash,INFIX_EXPRESSION, line no: 135, 0.5263157894736842, 0.5263157894736842, 0.0, 0.0
V,SIMPLE_NAME, line no: 70,that.latestUpdateHash,QUALIFIED_NAME, line no: 135, 0.5263157894736842, 0.5263157894736842, 0.0, 0.0
V,SIMPLE_NAME, line no: 70,ttlMillis != that.ttlMillis,INFIX_EXPRESSION, line no: 136, 0.5263157894736842, 0.5263157894736842, 0.0, 0.0
V,SIMPLE_NAME, line no: 70,that.ttlMillis,QUALIFIED_NAME, line no: 136, 0.5263157894736842, 0.5263157894736842, 0.0, 0.0
V,SIMPLE_NAME, line no: 70,key != null ? !key.equals(that.key) : that.key != null,CONDITIONAL_EXPRESSION, line no: 137, 0.5263157894736842, 0.5263157894736842, 0.0, 0.0
V,SIMPLE_NAME, line no: 70,!key.equals(that.key),PREFIX_EXPRESSION, line no: 137, 0.5263157894736842, 0.5263157894736842, 0.0, 0.0
V,SIMPLE_NAME, line no: 70,key.equals(that.key),METHOD_INVOCATION, line no: 137, 0.5263157894736842, 0.5263157894736842, 0.0, 0.0
V,SIMPLE_NAME, line no: 70,that.key,QUALIFIED_NAME, line no: 137, 0.5263157894736842, 0.5263157894736842, 0.0, 0.0
V,SIMPLE_NAME, line no: 70,that.key != null,INFIX_EXPRESSION, line no: 137, 0.5263157894736842, 0.5263157894736842, 0.0, 0.0
V,SIMPLE_NAME, line no: 70,value != null ? !value.equals(that.value) : that.value != null,CONDITIONAL_EXPRESSION, line no: 138, 0.5263157894736842, 0.5263157894736842, 0.0, 0.0
V,SIMPLE_NAME, line no: 70,!value.equals(that.value),PREFIX_EXPRESSION, line no: 138, 0.5263157894736842, 0.5263157894736842, 0.0, 0.0
V,SIMPLE_NAME, line no: 70,value.equals(that.value),METHOD_INVOCATION, line no: 138, 0.5263157894736842, 0.5263157894736842, 0.0, 0.0
V,SIMPLE_NAME, line no: 70,that.value,QUALIFIED_NAME, line no: 138, 0.5263157894736842, 0.5263157894736842, 0.0, 0.0
V,SIMPLE_NAME, line no: 70,that.value != null,INFIX_EXPRESSION, line no: 138, 0.5263157894736842, 0.5263157894736842, 0.0, 0.0
oldValue,SIMPLE_NAME, line no: 70,equals,SIMPLE_NAME, line no: 129, 0.5263157894736842, 0.02631578947368421, 0.0, 0.25
oldValue,SIMPLE_NAME, line no: 70,this == o,INFIX_EXPRESSION, line no: 130, 0.5263157894736842, 0.5263157894736842, 0.0, 0.1111111111111111
oldValue,SIMPLE_NAME, line no: 70,true,BOOLEAN_LITERAL, line no: 130, 0.5263157894736842, 0.5263157894736842, 0.0, 0.25
oldValue,SIMPLE_NAME, line no: 70,o == null || getClass() != o.getClass(),INFIX_EXPRESSION, line no: 131, 0.5263157894736842, 0.5263157894736842, 0.0, 0.10256410256410256
oldValue,SIMPLE_NAME, line no: 70,o == null,INFIX_EXPRESSION, line no: 131, 0.5263157894736842, 0.5263157894736842, 0.0, 0.3333333333333333
oldValue,SIMPLE_NAME, line no: 70,getClass() != o.getClass(),INFIX_EXPRESSION, line no: 131, 0.5263157894736842, 0.5263157894736842, 0.0, 0.11538461538461539
oldValue,SIMPLE_NAME, line no: 70,getClass(),METHOD_INVOCATION, line no: 131, 0.5263157894736842, 0.5263157894736842, 0.0, 0.2
oldValue,SIMPLE_NAME, line no: 70,getClass,SIMPLE_NAME, line no: 131, 0.5263157894736842, 0.5263157894736842, 0.0, 0.25
oldValue,SIMPLE_NAME, line no: 70,o.getClass(),METHOD_INVOCATION, line no: 131, 0.5263157894736842, 0.5263157894736842, 0.0, 0.25
oldValue,SIMPLE_NAME, line no: 70,false,BOOLEAN_LITERAL, line no: 131, 0.5263157894736842, 0.5263157894736842, 0.0, 0.375
oldValue,SIMPLE_NAME, line no: 70,latestUpdateHash != that.latestUpdateHash,INFIX_EXPRESSION, line no: 135, 0.5263157894736842, 0.5263157894736842, 0.0, 0.12195121951219512
oldValue,SIMPLE_NAME, line no: 70,that.latestUpdateHash,QUALIFIED_NAME, line no: 135, 0.5263157894736842, 0.5263157894736842, 0.0, 0.19047619047619047
oldValue,SIMPLE_NAME, line no: 70,ttlMillis != that.ttlMillis,INFIX_EXPRESSION, line no: 136, 0.5263157894736842, 0.5263157894736842, 0.0, 0.1111111111111111
oldValue,SIMPLE_NAME, line no: 70,that.ttlMillis,QUALIFIED_NAME, line no: 136, 0.5263157894736842, 0.5263157894736842, 0.0, 0.14285714285714285
oldValue,SIMPLE_NAME, line no: 70,key != null ? !key.equals(that.key) : that.key != null,CONDITIONAL_EXPRESSION, line no: 137, 0.5263157894736842, 0.5263157894736842, 0.0, 0.07407407407407407
oldValue,SIMPLE_NAME, line no: 70,!key.equals(that.key),PREFIX_EXPRESSION, line no: 137, 0.5263157894736842, 0.5263157894736842, 0.0, 0.14285714285714285
oldValue,SIMPLE_NAME, line no: 70,key.equals(that.key),METHOD_INVOCATION, line no: 137, 0.5263157894736842, 0.5263157894736842, 0.0, 0.15
oldValue,SIMPLE_NAME, line no: 70,that.key,QUALIFIED_NAME, line no: 137, 0.5263157894736842, 0.5263157894736842, 0.0, 0.25
oldValue,SIMPLE_NAME, line no: 70,that.key != null,INFIX_EXPRESSION, line no: 137, 0.5263157894736842, 0.5263157894736842, 0.0, 0.125
oldValue,SIMPLE_NAME, line no: 70,value != null ? !value.equals(that.value) : that.value != null,CONDITIONAL_EXPRESSION, line no: 138, 0.5263157894736842, 0.5263157894736842, 0.0, 0.08064516129032258
oldValue,SIMPLE_NAME, line no: 70,!value.equals(that.value),PREFIX_EXPRESSION, line no: 138, 0.5263157894736842, 0.5263157894736842, 0.0, 0.2
oldValue,SIMPLE_NAME, line no: 70,value.equals(that.value),METHOD_INVOCATION, line no: 138, 0.5263157894736842, 0.5263157894736842, 0.0, 0.20833333333333334
oldValue,SIMPLE_NAME, line no: 70,that.value,QUALIFIED_NAME, line no: 138, 0.5263157894736842, 0.5263157894736842, 0.0, 0.4
oldValue,SIMPLE_NAME, line no: 70,that.value != null,INFIX_EXPRESSION, line no: 138, 0.5263157894736842, 0.5263157894736842, 0.0, 0.2222222222222222
value,SIMPLE_NAME, line no: 70,equals,SIMPLE_NAME, line no: 129, 0.5263157894736842, 0.02631578947368421, 0.0, 0.3333333333333333
value,SIMPLE_NAME, line no: 70,this == o,INFIX_EXPRESSION, line no: 130, 0.5263157894736842, 0.5263157894736842, 0.0, 0.0
value,SIMPLE_NAME, line no: 70,true,BOOLEAN_LITERAL, line no: 130, 0.5263157894736842, 0.5263157894736842, 0.0, 0.4
value,SIMPLE_NAME, line no: 70,o == null || getClass() != o.getClass(),INFIX_EXPRESSION, line no: 131, 0.5263157894736842, 0.5263157894736842, 0.0, 0.05128205128205128
value,SIMPLE_NAME, line no: 70,o == null,INFIX_EXPRESSION, line no: 131, 0.5263157894736842, 0.5263157894736842, 0.0, 0.1111111111111111
value,SIMPLE_NAME, line no: 70,getClass() != o.getClass(),INFIX_EXPRESSION, line no: 131, 0.5263157894736842, 0.5263157894736842, 0.0, 0.07692307692307693
value,SIMPLE_NAME, line no: 70,getClass(),METHOD_INVOCATION, line no: 131, 0.5263157894736842, 0.5263157894736842, 0.0, 0.1
value,SIMPLE_NAME, line no: 70,getClass,SIMPLE_NAME, line no: 131, 0.5263157894736842, 0.5263157894736842, 0.0, 0.125
value,SIMPLE_NAME, line no: 70,o.getClass(),METHOD_INVOCATION, line no: 131, 0.5263157894736842, 0.5263157894736842, 0.0, 0.08333333333333333
value,SIMPLE_NAME, line no: 70,false,BOOLEAN_LITERAL, line no: 131, 0.5263157894736842, 0.5263157894736842, 0.0, 0.6
value,SIMPLE_NAME, line no: 70,latestUpdateHash != that.latestUpdateHash,INFIX_EXPRESSION, line no: 135, 0.5263157894736842, 0.5263157894736842, 0.0, 0.07317073170731707
value,SIMPLE_NAME, line no: 70,that.latestUpdateHash,QUALIFIED_NAME, line no: 135, 0.5263157894736842, 0.5263157894736842, 0.0, 0.14285714285714285
value,SIMPLE_NAME, line no: 70,ttlMillis != that.ttlMillis,INFIX_EXPRESSION, line no: 136, 0.5263157894736842, 0.5263157894736842, 0.0, 0.07407407407407407
value,SIMPLE_NAME, line no: 70,that.ttlMillis,QUALIFIED_NAME, line no: 136, 0.5263157894736842, 0.5263157894736842, 0.0, 0.14285714285714285
value,SIMPLE_NAME, line no: 70,key != null ? !key.equals(that.key) : that.key != null,CONDITIONAL_EXPRESSION, line no: 137, 0.5263157894736842, 0.5263157894736842, 0.0, 0.05555555555555555
value,SIMPLE_NAME, line no: 70,!key.equals(that.key),PREFIX_EXPRESSION, line no: 137, 0.5263157894736842, 0.5263157894736842, 0.0, 0.14285714285714285
value,SIMPLE_NAME, line no: 70,key.equals(that.key),METHOD_INVOCATION, line no: 137, 0.5263157894736842, 0.5263157894736842, 0.0, 0.15
value,SIMPLE_NAME, line no: 70,that.key,QUALIFIED_NAME, line no: 137, 0.5263157894736842, 0.5263157894736842, 0.0, 0.25
value,SIMPLE_NAME, line no: 70,that.key != null,INFIX_EXPRESSION, line no: 137, 0.5263157894736842, 0.5263157894736842, 0.0, 0.125
value,SIMPLE_NAME, line no: 70,value != null ? !value.equals(that.value) : that.value != null,CONDITIONAL_EXPRESSION, line no: 138, 0.5263157894736842, 0.5263157894736842, 0.0, 0.08064516129032258
value,SIMPLE_NAME, line no: 70,!value.equals(that.value),PREFIX_EXPRESSION, line no: 138, 0.5263157894736842, 0.5263157894736842, 0.0, 0.2
value,SIMPLE_NAME, line no: 70,value.equals(that.value),METHOD_INVOCATION, line no: 138, 0.5263157894736842, 0.5263157894736842, 0.0, 0.20833333333333334
value,SIMPLE_NAME, line no: 70,that.value,QUALIFIED_NAME, line no: 138, 0.5263157894736842, 0.5263157894736842, 0.0, 0.5
value,SIMPLE_NAME, line no: 70,that.value != null,INFIX_EXPRESSION, line no: 138, 0.5263157894736842, 0.5263157894736842, 0.0, 0.2777777777777778
V,SIMPLE_NAME, line no: 70,hits,SIMPLE_NAME, line no: 29, 0.3157894736842105, 0.02631578947368421, 0.0, 0.0
V,SIMPLE_NAME, line no: 70,lastAccessTime,SIMPLE_NAME, line no: 30, 0.3157894736842105, 0.02631578947368421, 0.0, 0.0
V,SIMPLE_NAME, line no: 70,incrementAndGet,SIMPLE_NAME, line no: 95, 0.3157894736842105, 0.3157894736842105, 0.0, 0.0
V,SIMPLE_NAME, line no: 70,set,SIMPLE_NAME, line no: 96, 0.3157894736842105, 0.3157894736842105, 0.0, 0.0
oldValue,SIMPLE_NAME, line no: 70,hits,SIMPLE_NAME, line no: 29, 0.3157894736842105, 0.05263157894736842, 0.0, 0.0
oldValue,SIMPLE_NAME, line no: 70,lastAccessTime,SIMPLE_NAME, line no: 30, 0.3157894736842105, 0.05263157894736842, 0.0, 0.21428571428571427
oldValue,SIMPLE_NAME, line no: 70,incrementAndGet,SIMPLE_NAME, line no: 95, 0.3157894736842105, 0.3157894736842105, 0.0, 0.13333333333333333
oldValue,SIMPLE_NAME, line no: 70,set,SIMPLE_NAME, line no: 96, 0.3157894736842105, 0.3157894736842105, 0.0, 0.125
value,SIMPLE_NAME, line no: 70,hits,SIMPLE_NAME, line no: 29, 0.3157894736842105, 0.05263157894736842, 0.0, 0.0
value,SIMPLE_NAME, line no: 70,lastAccessTime,SIMPLE_NAME, line no: 30, 0.3157894736842105, 0.05263157894736842, 0.0, 0.14285714285714285
value,SIMPLE_NAME, line no: 70,incrementAndGet,SIMPLE_NAME, line no: 95, 0.3157894736842105, 0.3157894736842105, 0.0, 0.06666666666666667
value,SIMPLE_NAME, line no: 70,set,SIMPLE_NAME, line no: 96, 0.3157894736842105, 0.3157894736842105, 0.0, 0.2
V,SIMPLE_NAME, line no: 70,hits.incrementAndGet(),METHOD_INVOCATION, line no: 95, 0.2894736842105263, 0.2894736842105263, 0.0, 0.0
V,SIMPLE_NAME, line no: 70,lastAccessTime.set(System.currentTimeMillis()),METHOD_INVOCATION, line no: 96, 0.2894736842105263, 0.2894736842105263, 0.0, 0.0
oldValue,SIMPLE_NAME, line no: 70,hits.incrementAndGet(),METHOD_INVOCATION, line no: 95, 0.2894736842105263, 0.2894736842105263, 0.0, 0.09090909090909091
oldValue,SIMPLE_NAME, line no: 70,lastAccessTime.set(System.currentTimeMillis()),METHOD_INVOCATION, line no: 96, 0.2894736842105263, 0.2894736842105263, 0.0, 0.08695652173913043
value,SIMPLE_NAME, line no: 70,hits.incrementAndGet(),METHOD_INVOCATION, line no: 95, 0.2894736842105263, 0.2894736842105263, 0.0, 0.045454545454545456
value,SIMPLE_NAME, line no: 70,lastAccessTime.set(System.currentTimeMillis()),METHOD_INVOCATION, line no: 96, 0.2894736842105263, 0.2894736842105263, 0.0, 0.06521739130434782
V,SIMPLE_NAME, line no: 70,get,SIMPLE_NAME, line no: 87, 0.15789473684210525, 0.15789473684210525, 0.0, 0.0
oldValue,SIMPLE_NAME, line no: 70,get,SIMPLE_NAME, line no: 87, 0.15789473684210525, 0.15789473684210525, 0.0, 0.125
value,SIMPLE_NAME, line no: 70,get,SIMPLE_NAME, line no: 87, 0.15789473684210525, 0.15789473684210525, 0.0, 0.2
V,SIMPLE_NAME, line no: 70,hits.get(),METHOD_INVOCATION, line no: 87, 0.13157894736842105, 0.13157894736842105, 0.0, 0.0
V,SIMPLE_NAME, line no: 70,lastAccessTime.get(),METHOD_INVOCATION, line no: 91, 0.13157894736842105, 0.13157894736842105, 0.0, 0.0
oldValue,SIMPLE_NAME, line no: 70,hits.get(),METHOD_INVOCATION, line no: 87, 0.13157894736842105, 0.13157894736842105, 0.0, 0.1
oldValue,SIMPLE_NAME, line no: 70,lastAccessTime.get(),METHOD_INVOCATION, line no: 91, 0.13157894736842105, 0.13157894736842105, 0.0, 0.15
value,SIMPLE_NAME, line no: 70,hits.get(),METHOD_INVOCATION, line no: 87, 0.13157894736842105, 0.13157894736842105, 0.0, 0.1
value,SIMPLE_NAME, line no: 70,lastAccessTime.get(),METHOD_INVOCATION, line no: 91, 0.13157894736842105, 0.13157894736842105, 0.0, 0.1
V,SIMPLE_NAME, line no: 70,ReplicatedMapDataSerializerHook,SIMPLE_NAME, line no: 22, 0.10526315789473684, 0.02631578947368421, 0.0, 0.0
V,SIMPLE_NAME, line no: 70,F_ID,SIMPLE_NAME, line no: 101, 0.10526315789473684, 0.10526315789473684, 0.0, 0.0
V,SIMPLE_NAME, line no: 70,RECORD,SIMPLE_NAME, line no: 106, 0.10526315789473684, 0.10526315789473684, 0.0, 0.0
oldValue,SIMPLE_NAME, line no: 70,ReplicatedMapDataSerializerHook,SIMPLE_NAME, line no: 22, 0.10526315789473684, 0.02631578947368421, 0.0, 0.16129032258064516
oldValue,SIMPLE_NAME, line no: 70,F_ID,SIMPLE_NAME, line no: 101, 0.10526315789473684, 0.10526315789473684, 0.0, 0.0
oldValue,SIMPLE_NAME, line no: 70,RECORD,SIMPLE_NAME, line no: 106, 0.10526315789473684, 0.10526315789473684, 0.0, 0.0
value,SIMPLE_NAME, line no: 70,ReplicatedMapDataSerializerHook,SIMPLE_NAME, line no: 22, 0.10526315789473684, 0.02631578947368421, 0.0, 0.0967741935483871
value,SIMPLE_NAME, line no: 70,F_ID,SIMPLE_NAME, line no: 101, 0.10526315789473684, 0.10526315789473684, 0.0, 0.0
value,SIMPLE_NAME, line no: 70,RECORD,SIMPLE_NAME, line no: 106, 0.10526315789473684, 0.10526315789473684, 0.0, 0.0
V,SIMPLE_NAME, line no: 70,ReplicatedMapDataSerializerHook.F_ID,QUALIFIED_NAME, line no: 101, 0.07894736842105263, 0.07894736842105263, 0.0, 0.0
V,SIMPLE_NAME, line no: 70,ReplicatedMapDataSerializerHook.RECORD,QUALIFIED_NAME, line no: 106, 0.07894736842105263, 0.07894736842105263, 0.0, 0.0
oldValue,SIMPLE_NAME, line no: 70,ReplicatedMapDataSerializerHook.F_ID,QUALIFIED_NAME, line no: 101, 0.07894736842105263, 0.07894736842105263, 0.0, 0.1388888888888889
oldValue,SIMPLE_NAME, line no: 70,ReplicatedMapDataSerializerHook.RECORD,QUALIFIED_NAME, line no: 106, 0.07894736842105263, 0.07894736842105263, 0.0, 0.13157894736842105
value,SIMPLE_NAME, line no: 70,ReplicatedMapDataSerializerHook.F_ID,QUALIFIED_NAME, line no: 101, 0.07894736842105263, 0.07894736842105263, 0.0, 0.08333333333333333
value,SIMPLE_NAME, line no: 70,ReplicatedMapDataSerializerHook.RECORD,QUALIFIED_NAME, line no: 106, 0.07894736842105263, 0.07894736842105263, 0.0, 0.07894736842105263
V,SIMPLE_NAME, line no: 70,ObjectDataInput,SIMPLE_NAME, line no: 19, 0.05263157894736842, 0.02631578947368421, 0.0, 0.0
V,SIMPLE_NAME, line no: 70,ObjectDataOutput,SIMPLE_NAME, line no: 20, 0.05263157894736842, 0.02631578947368421, 0.0, 0.0
V,SIMPLE_NAME, line no: 70,IdentifiedDataSerializable,SIMPLE_NAME, line no: 21, 0.05263157894736842, 0.02631578947368421, 0.0, 0.0
V,SIMPLE_NAME, line no: 70,IOException,SIMPLE_NAME, line no: 24, 0.05263157894736842, 0.02631578947368421, 0.0, 0.0
V,SIMPLE_NAME, line no: 70,AtomicLong,SIMPLE_NAME, line no: 25, 0.05263157894736842, 0.02631578947368421, 0.0, 0.0
V,SIMPLE_NAME, line no: 70,K,SIMPLE_NAME, line no: 27, 0.05263157894736842, 0.02631578947368421, 0.0, 0.0
V,SIMPLE_NAME, line no: 70,Object,SIMPLE_NAME, line no: 129, 0.05263157894736842, 0.05263157894736842, 0.0, 0.0
V,SIMPLE_NAME, line no: 70,String,SIMPLE_NAME, line no: 153, 0.05263157894736842, 0.05263157894736842, 0.0, 0.0
oldValue,SIMPLE_NAME, line no: 70,AtomicLong,SIMPLE_NAME, line no: 25, 0.05263157894736842, 0.02631578947368421, 0.0, 0.1
value,SIMPLE_NAME, line no: 70,AtomicLong,SIMPLE_NAME, line no: 25, 0.05263157894736842, 0.02631578947368421, 0.0, 0.0
V,SIMPLE_NAME, line no: 70,com,SIMPLE_NAME, line no: 17, 0.02631578947368421, 0.02631578947368421, 0.0, 0.0
V,SIMPLE_NAME, line no: 70,hazelcast,SIMPLE_NAME, line no: 17, 0.02631578947368421, 0.02631578947368421, 0.0, 0.0
V,SIMPLE_NAME, line no: 70,replicatedmap,SIMPLE_NAME, line no: 17, 0.02631578947368421, 0.02631578947368421, 0.0, 0.0
V,SIMPLE_NAME, line no: 70,record,SIMPLE_NAME, line no: 17, 0.02631578947368421, 0.02631578947368421, 0.0, 0.0
V,SIMPLE_NAME, line no: 70,nio,SIMPLE_NAME, line no: 19, 0.02631578947368421, 0.02631578947368421, 0.0, 0.0
V,SIMPLE_NAME, line no: 70,serialization,SIMPLE_NAME, line no: 21, 0.02631578947368421, 0.02631578947368421, 0.0, 0.0
V,SIMPLE_NAME, line no: 70,operation,SIMPLE_NAME, line no: 22, 0.02631578947368421, 0.02631578947368421, 0.0, 0.0
V,SIMPLE_NAME, line no: 70,java,SIMPLE_NAME, line no: 24, 0.02631578947368421, 0.02631578947368421, 0.0, 0.0
V,SIMPLE_NAME, line no: 70,io,SIMPLE_NAME, line no: 24, 0.02631578947368421, 0.02631578947368421, 0.0, 0.0
V,SIMPLE_NAME, line no: 70,util,SIMPLE_NAME, line no: 25, 0.02631578947368421, 0.02631578947368421, 0.0, 0.0
V,SIMPLE_NAME, line no: 70,concurrent,SIMPLE_NAME, line no: 25, 0.02631578947368421, 0.02631578947368421, 0.0, 0.0
V,SIMPLE_NAME, line no: 70,atomic,SIMPLE_NAME, line no: 25, 0.02631578947368421, 0.02631578947368421, 0.0, 0.0
V,SIMPLE_NAME, line no: 70,getKey,SIMPLE_NAME, line no: 50, 0.02631578947368421, 0.02631578947368421, 0.0, 0.0
V,SIMPLE_NAME, line no: 70,getVector,SIMPLE_NAME, line no: 60, 0.02631578947368421, 0.02631578947368421, 0.0, 0.1111111111111111
V,SIMPLE_NAME, line no: 70,getTtlMillis,SIMPLE_NAME, line no: 64, 0.02631578947368421, 0.02631578947368421, 0.0, 0.0
V,SIMPLE_NAME, line no: 70,getUpdateTime,SIMPLE_NAME, line no: 78, 0.02631578947368421, 0.02631578947368421, 0.0, 0.0
V,SIMPLE_NAME, line no: 70,getLatestUpdateHash,SIMPLE_NAME, line no: 82, 0.02631578947368421, 0.02631578947368421, 0.0, 0.0
V,SIMPLE_NAME, line no: 70,getHits,SIMPLE_NAME, line no: 86, 0.02631578947368421, 0.02631578947368421, 0.0, 0.0
V,SIMPLE_NAME, line no: 70,getLastAccessTime,SIMPLE_NAME, line no: 90, 0.02631578947368421, 0.02631578947368421, 0.0, 0.0
V,SIMPLE_NAME, line no: 70,Override,SIMPLE_NAME, line no: 99, 0.02631578947368421, 0.02631578947368421, 0.0, 0.0
V,SIMPLE_NAME, line no: 70,getFactoryId,SIMPLE_NAME, line no: 100, 0.02631578947368421, 0.02631578947368421, 0.0, 0.0
V,SIMPLE_NAME, line no: 70,getId,SIMPLE_NAME, line no: 105, 0.02631578947368421, 0.02631578947368421, 0.0, 0.0
oldValue,SIMPLE_NAME, line no: 70,com,SIMPLE_NAME, line no: 17, 0.02631578947368421, 0.02631578947368421, 0.0, 0.125
oldValue,SIMPLE_NAME, line no: 70,hazelcast,SIMPLE_NAME, line no: 17, 0.02631578947368421, 0.02631578947368421, 0.0, 0.2222222222222222
oldValue,SIMPLE_NAME, line no: 70,replicatedmap,SIMPLE_NAME, line no: 17, 0.02631578947368421, 0.02631578947368421, 0.0, 0.23076923076923078
oldValue,SIMPLE_NAME, line no: 70,record,SIMPLE_NAME, line no: 17, 0.02631578947368421, 0.02631578947368421, 0.0, 0.25
oldValue,SIMPLE_NAME, line no: 70,nio,SIMPLE_NAME, line no: 19, 0.02631578947368421, 0.02631578947368421, 0.0, 0.125
oldValue,SIMPLE_NAME, line no: 70,ObjectDataInput,SIMPLE_NAME, line no: 19, 0.02631578947368421, 0.02631578947368421, 0.0, 0.13333333333333333
oldValue,SIMPLE_NAME, line no: 70,ObjectDataOutput,SIMPLE_NAME, line no: 20, 0.02631578947368421, 0.02631578947368421, 0.0, 0.125
oldValue,SIMPLE_NAME, line no: 70,serialization,SIMPLE_NAME, line no: 21, 0.02631578947368421, 0.02631578947368421, 0.0, 0.15384615384615385
oldValue,SIMPLE_NAME, line no: 70,IdentifiedDataSerializable,SIMPLE_NAME, line no: 21, 0.02631578947368421, 0.02631578947368421, 0.0, 0.15384615384615385
oldValue,SIMPLE_NAME, line no: 70,operation,SIMPLE_NAME, line no: 22, 0.02631578947368421, 0.02631578947368421, 0.0, 0.2222222222222222
oldValue,SIMPLE_NAME, line no: 70,java,SIMPLE_NAME, line no: 24, 0.02631578947368421, 0.02631578947368421, 0.0, 0.125
oldValue,SIMPLE_NAME, line no: 70,io,SIMPLE_NAME, line no: 24, 0.02631578947368421, 0.02631578947368421, 0.0, 0.125
oldValue,SIMPLE_NAME, line no: 70,IOException,SIMPLE_NAME, line no: 24, 0.02631578947368421, 0.02631578947368421, 0.0, 0.09090909090909091
oldValue,SIMPLE_NAME, line no: 70,util,SIMPLE_NAME, line no: 25, 0.02631578947368421, 0.02631578947368421, 0.0, 0.125
oldValue,SIMPLE_NAME, line no: 70,concurrent,SIMPLE_NAME, line no: 25, 0.02631578947368421, 0.02631578947368421, 0.0, 0.3
oldValue,SIMPLE_NAME, line no: 70,atomic,SIMPLE_NAME, line no: 25, 0.02631578947368421, 0.02631578947368421, 0.0, 0.125
oldValue,SIMPLE_NAME, line no: 70,K,SIMPLE_NAME, line no: 27, 0.02631578947368421, 0.02631578947368421, 0.0, 0.0
oldValue,SIMPLE_NAME, line no: 70,new AtomicLong(),CLASS_INSTANCE_CREATION, line no: 29, 0.02631578947368421, 0.02631578947368421, 0.0, 0.0625
oldValue,SIMPLE_NAME, line no: 70,getKey,SIMPLE_NAME, line no: 50, 0.02631578947368421, 0.02631578947368421, 0.0, 0.125
oldValue,SIMPLE_NAME, line no: 70,getVector,SIMPLE_NAME, line no: 60, 0.02631578947368421, 0.02631578947368421, 0.0, 0.2222222222222222
oldValue,SIMPLE_NAME, line no: 70,getTtlMillis,SIMPLE_NAME, line no: 64, 0.02631578947368421, 0.02631578947368421, 0.0, 0.16666666666666666
oldValue,SIMPLE_NAME, line no: 70,getUpdateTime,SIMPLE_NAME, line no: 78, 0.02631578947368421, 0.02631578947368421, 0.0, 0.23076923076923078
oldValue,SIMPLE_NAME, line no: 70,getLatestUpdateHash,SIMPLE_NAME, line no: 82, 0.02631578947368421, 0.02631578947368421, 0.0, 0.15789473684210525
oldValue,SIMPLE_NAME, line no: 70,getHits,SIMPLE_NAME, line no: 86, 0.02631578947368421, 0.02631578947368421, 0.0, 0.125
oldValue,SIMPLE_NAME, line no: 70,getLastAccessTime,SIMPLE_NAME, line no: 90, 0.02631578947368421, 0.02631578947368421, 0.0, 0.11764705882352941
oldValue,SIMPLE_NAME, line no: 70,Override,SIMPLE_NAME, line no: 99, 0.02631578947368421, 0.02631578947368421, 0.0, 0.25
oldValue,SIMPLE_NAME, line no: 70,getFactoryId,SIMPLE_NAME, line no: 100, 0.02631578947368421, 0.02631578947368421, 0.0, 0.16666666666666666
oldValue,SIMPLE_NAME, line no: 70,getId,SIMPLE_NAME, line no: 105, 0.02631578947368421, 0.02631578947368421, 0.0, 0.125
oldValue,SIMPLE_NAME, line no: 70,Object,SIMPLE_NAME, line no: 129, 0.02631578947368421, 0.02631578947368421, 0.0, 0.125
oldValue,SIMPLE_NAME, line no: 70,String,SIMPLE_NAME, line no: 153, 0.02631578947368421, 0.02631578947368421, 0.0, 0.0
value,SIMPLE_NAME, line no: 70,com,SIMPLE_NAME, line no: 17, 0.02631578947368421, 0.02631578947368421, 0.0, 0.0
value,SIMPLE_NAME, line no: 70,hazelcast,SIMPLE_NAME, line no: 17, 0.02631578947368421, 0.02631578947368421, 0.0, 0.2222222222222222
value,SIMPLE_NAME, line no: 70,replicatedmap,SIMPLE_NAME, line no: 17, 0.02631578947368421, 0.02631578947368421, 0.0, 0.15384615384615385
value,SIMPLE_NAME, line no: 70,record,SIMPLE_NAME, line no: 17, 0.02631578947368421, 0.02631578947368421, 0.0, 0.16666666666666666
value,SIMPLE_NAME, line no: 70,nio,SIMPLE_NAME, line no: 19, 0.02631578947368421, 0.02631578947368421, 0.0, 0.0
value,SIMPLE_NAME, line no: 70,ObjectDataInput,SIMPLE_NAME, line no: 19, 0.02631578947368421, 0.02631578947368421, 0.0, 0.13333333333333333
value,SIMPLE_NAME, line no: 70,ObjectDataOutput,SIMPLE_NAME, line no: 20, 0.02631578947368421, 0.02631578947368421, 0.0, 0.125
value,SIMPLE_NAME, line no: 70,serialization,SIMPLE_NAME, line no: 21, 0.02631578947368421, 0.02631578947368421, 0.0, 0.15384615384615385
value,SIMPLE_NAME, line no: 70,IdentifiedDataSerializable,SIMPLE_NAME, line no: 21, 0.02631578947368421, 0.02631578947368421, 0.0, 0.11538461538461539
value,SIMPLE_NAME, line no: 70,operation,SIMPLE_NAME, line no: 22, 0.02631578947368421, 0.02631578947368421, 0.0, 0.1111111111111111
value,SIMPLE_NAME, line no: 70,java,SIMPLE_NAME, line no: 24, 0.02631578947368421, 0.02631578947368421, 0.0, 0.4
value,SIMPLE_NAME, line no: 70,io,SIMPLE_NAME, line no: 24, 0.02631578947368421, 0.02631578947368421, 0.0, 0.0
value,SIMPLE_NAME, line no: 70,IOException,SIMPLE_NAME, line no: 24, 0.02631578947368421, 0.02631578947368421, 0.0, 0.09090909090909091
value,SIMPLE_NAME, line no: 70,util,SIMPLE_NAME, line no: 25, 0.02631578947368421, 0.02631578947368421, 0.0, 0.2
value,SIMPLE_NAME, line no: 70,concurrent,SIMPLE_NAME, line no: 25, 0.02631578947368421, 0.02631578947368421, 0.0, 0.2
value,SIMPLE_NAME, line no: 70,atomic,SIMPLE_NAME, line no: 25, 0.02631578947368421, 0.02631578947368421, 0.0, 0.16666666666666666
value,SIMPLE_NAME, line no: 70,K,SIMPLE_NAME, line no: 27, 0.02631578947368421, 0.02631578947368421, 0.0, 0.0
value,SIMPLE_NAME, line no: 70,new AtomicLong(),CLASS_INSTANCE_CREATION, line no: 29, 0.02631578947368421, 0.02631578947368421, 0.0, 0.0625
value,SIMPLE_NAME, line no: 70,getKey,SIMPLE_NAME, line no: 50, 0.02631578947368421, 0.02631578947368421, 0.0, 0.16666666666666666
value,SIMPLE_NAME, line no: 70,getVector,SIMPLE_NAME, line no: 60, 0.02631578947368421, 0.02631578947368421, 0.0, 0.1111111111111111
value,SIMPLE_NAME, line no: 70,getTtlMillis,SIMPLE_NAME, line no: 64, 0.02631578947368421, 0.02631578947368421, 0.0, 0.08333333333333333
value,SIMPLE_NAME, line no: 70,getUpdateTime,SIMPLE_NAME, line no: 78, 0.02631578947368421, 0.02631578947368421, 0.0, 0.15384615384615385
value,SIMPLE_NAME, line no: 70,getLatestUpdateHash,SIMPLE_NAME, line no: 82, 0.02631578947368421, 0.02631578947368421, 0.0, 0.10526315789473684
value,SIMPLE_NAME, line no: 70,getHits,SIMPLE_NAME, line no: 86, 0.02631578947368421, 0.02631578947368421, 0.0, 0.14285714285714285
value,SIMPLE_NAME, line no: 70,getLastAccessTime,SIMPLE_NAME, line no: 90, 0.02631578947368421, 0.02631578947368421, 0.0, 0.11764705882352941
value,SIMPLE_NAME, line no: 70,Override,SIMPLE_NAME, line no: 99, 0.02631578947368421, 0.02631578947368421, 0.0, 0.25
value,SIMPLE_NAME, line no: 70,getFactoryId,SIMPLE_NAME, line no: 100, 0.02631578947368421, 0.02631578947368421, 0.0, 0.08333333333333333
value,SIMPLE_NAME, line no: 70,getId,SIMPLE_NAME, line no: 105, 0.02631578947368421, 0.02631578947368421, 0.0, 0.2
value,SIMPLE_NAME, line no: 70,Object,SIMPLE_NAME, line no: 129, 0.02631578947368421, 0.02631578947368421, 0.0, 0.16666666666666666
value,SIMPLE_NAME, line no: 70,String,SIMPLE_NAME, line no: 153, 0.02631578947368421, 0.02631578947368421, 0.0, 0.0
