isShared,SIMPLE_NAME, line no: 260,isShared(),METHOD_INVOCATION, line no: 195, 0.8, 0.5, 1.0, 0.8
parent.isShared,QUALIFIED_NAME, line no: 260,this.isShared,FIELD_ACCESS, line no: 114, 0.6666666666666666, 0.5333333333333333, 0.5, 0.6666666666666666
isShared,SIMPLE_NAME, line no: 260,share,SIMPLE_NAME, line no: 107, 0.625, 0.0625, 0.0, 0.625
isShared,SIMPLE_NAME, line no: 260,unshare,SIMPLE_NAME, line no: 121, 0.625, 0.0625, 0.0, 0.625
isShared,SIMPLE_NAME, line no: 260,this.isShared,FIELD_ACCESS, line no: 114, 0.6153846153846154, 0.5625, 1.0, 0.6153846153846154
parent.isShared,QUALIFIED_NAME, line no: 260,this.isShared=true,ASSIGNMENT, line no: 114, 0.5555555555555556, 0.5333333333333333, 0.5, 0.5555555555555556
parent.isShared,QUALIFIED_NAME, line no: 260,isShared,SIMPLE_NAME, line no: 26, 0.5333333333333333, 0.06666666666666667, 1.0, 0.5333333333333333
parent.isShared,QUALIFIED_NAME, line no: 260,isShared(),METHOD_INVOCATION, line no: 195, 0.5333333333333333, 0.5333333333333333, 0.0, 0.5333333333333333
parent.isShared,QUALIFIED_NAME, line no: 260,getSharedFlag,SIMPLE_NAME, line no: 269, 0.5333333333333333, 0.06666666666666667, 1.0, 0.5333333333333333
isShared,SIMPLE_NAME, line no: 260,parent.isShared,QUALIFIED_NAME, line no: 260, 0.5333333333333333, 0.9375, 1.0, 0.5333333333333333
parent.isShared,QUALIFIED_NAME, line no: 260,this.isShared=false,ASSIGNMENT, line no: 122, 0.5263157894736842, 0.4, 0.5, 0.5263157894736842
parent,SIMPLE_NAME, line no: 260,share,SIMPLE_NAME, line no: 107, 0.5, 0.0625, 0.0, 0.5
parent,SIMPLE_NAME, line no: 260,append,SIMPLE_NAME, line no: 281, 0.5, 0.4375, 0.0, 0.5
isShared,SIMPLE_NAME, line no: 260,getSharedFlag,SIMPLE_NAME, line no: 269, 0.46153846153846156, 0.0625, 1.0, 0.46153846153846156
isShared,SIMPLE_NAME, line no: 260,this.isShared=true,ASSIGNMENT, line no: 114, 0.4444444444444444, 0.5625, 1.0, 0.4444444444444444
parent,SIMPLE_NAME, line no: 260,HashSet,SIMPLE_NAME, line no: 5, 0.42857142857142855, 0.125, 0.0, 0.42857142857142855
parent,SIMPLE_NAME, line no: 260,parent == null,INFIX_EXPRESSION, line no: 47, 0.42857142857142855, 0.1875, 0.0, 0.42857142857142855
parent,SIMPLE_NAME, line no: 260,unshare,SIMPLE_NAME, line no: 121, 0.42857142857142855, 0.0625, 0.0, 0.42857142857142855
parent,SIMPLE_NAME, line no: 260,hasNext,SIMPLE_NAME, line no: 145, 0.42857142857142855, 0.4375, 0.0, 0.42857142857142855
parent,SIMPLE_NAME, line no: 260,parent != null,INFIX_EXPRESSION, line no: 171, 0.42857142857142855, 0.625, 0.0, 0.42857142857142855
isShared,SIMPLE_NAME, line no: 260,this.isShared=false,ASSIGNMENT, line no: 122, 0.42105263157894735, 0.375, 1.0, 0.42105263157894735
parent.isShared,QUALIFIED_NAME, line no: 260,protectionKeys,SIMPLE_NAME, line no: 25, 0.4, 0.06666666666666667, 0.0, 0.4
parent.isShared,QUALIFIED_NAME, line no: 260,parent,SIMPLE_NAME, line no: 37, 0.4, 0.06666666666666667, 0.0, 0.4
parent.isShared,QUALIFIED_NAME, line no: 260,parent == null,INFIX_EXPRESSION, line no: 47, 0.4, 0.2, 0.5, 0.4
parent.isShared,QUALIFIED_NAME, line no: 260,unshare,SIMPLE_NAME, line no: 121, 0.4, 0.06666666666666667, 0.0, 0.4
parent.isShared,QUALIFIED_NAME, line no: 260,parent != null,INFIX_EXPRESSION, line no: 171, 0.4, 0.6, 0.5, 0.4
parent.isShared,QUALIFIED_NAME, line no: 260,children.size(),METHOD_INVOCATION, line no: 283, 0.4, 0.4, 0.0, 0.4
parent,SIMPLE_NAME, line no: 260,parent.isShared,QUALIFIED_NAME, line no: 260, 0.4, 0.9375, 0.0, 0.4
parent,SIMPLE_NAME, line no: 260,children,SIMPLE_NAME, line no: 22, 0.375, 0.0625, 0.0, 0.375
parent,SIMPLE_NAME, line no: 260,isShared,SIMPLE_NAME, line no: 26, 0.375, 0.0625, 0.0, 0.375
parent,SIMPLE_NAME, line no: 260,canWrite,SIMPLE_NAME, line no: 194, 0.375, 0.0625, 0.0, 0.375
parent,SIMPLE_NAME, line no: 260," path=",STRING_LITERAL, line no: 282, 0.375, 0.4375, 0.0, 0.375
isShared,SIMPLE_NAME, line no: 260,HashSet,SIMPLE_NAME, line no: 5, 0.375, 0.125, 0.0, 0.375
isShared,SIMPLE_NAME, line no: 260,children,SIMPLE_NAME, line no: 22, 0.375, 0.0625, 0.0, 0.375
isShared,SIMPLE_NAME, line no: 260,parent,SIMPLE_NAME, line no: 37, 0.375, 0.0625, 0.0, 0.375
isShared,SIMPLE_NAME, line no: 260,userId,SIMPLE_NAME, line no: 143, 0.375, 0.0625, 0.0, 0.375
isShared,SIMPLE_NAME, line no: 260,iterator,SIMPLE_NAME, line no: 144, 0.375, 0.4375, 0.0, 0.375
isShared,SIMPLE_NAME, line no: 260,hasNext,SIMPLE_NAME, line no: 145, 0.375, 0.4375, 1.0, 0.375
isShared,SIMPLE_NAME, line no: 260,canWrite,SIMPLE_NAME, line no: 194, 0.375, 0.0625, 1.0, 0.375
isShared,SIMPLE_NAME, line no: 260,isFolder,SIMPLE_NAME, line no: 274, 0.375, 0.0625, 1.0, 0.375
isShared,SIMPLE_NAME, line no: 260,append,SIMPLE_NAME, line no: 281, 0.375, 0.4375, 0.0, 0.375
parent.isShared,QUALIFIED_NAME, line no: 260,isSharedOrHasSharedChildren,SIMPLE_NAME, line no: 110, 0.37037037037037035, 0.5333333333333333, 1.0, 0.37037037037037035
parent.isShared,QUALIFIED_NAME, line no: 260,java.util.HashSet,QUALIFIED_NAME, line no: 5, 0.35294117647058826, 0.06666666666666667, 0.0, 0.35294117647058826
parent.isShared,QUALIFIED_NAME, line no: 260,parent.getProtectionKeys(),METHOD_INVOCATION, line no: 240, 0.34615384615384615, 0.4, 0.5, 0.34615384615384615
parent.isShared,QUALIFIED_NAME, line no: 260,isSharedOrHasSharedChildren(),METHOD_INVOCATION, line no: 110, 0.3448275862068966, 0.5333333333333333, 0.0, 0.3448275862068966
parent.isShared,QUALIFIED_NAME, line no: 260,org.hive2hive.core,QUALIFIED_NAME, line no: 1, 0.3333333333333333, 0.13333333333333333, 0.0, 0.3333333333333333
parent.isShared,QUALIFIED_NAME, line no: 260,org.hive2hive,QUALIFIED_NAME, line no: 1, 0.3333333333333333, 0.13333333333333333, 0.0, 0.3333333333333333
parent.isShared,QUALIFIED_NAME, line no: 260,java.util.Set,QUALIFIED_NAME, line no: 7, 0.3333333333333333, 0.06666666666666667, 0.0, 0.3333333333333333
parent.isShared,QUALIFIED_NAME, line no: 260,getChildren,SIMPLE_NAME, line no: 55, 0.3333333333333333, 0.06666666666666667, 0.0, 0.3333333333333333
parent.isShared,QUALIFIED_NAME, line no: 260,getChildByName,SIMPLE_NAME, line no: 66, 0.3333333333333333, 0.4666666666666667, 0.0, 0.3333333333333333
parent.isShared,QUALIFIED_NAME, line no: 260,getFileSep,SIMPLE_NAME, line no: 91, 0.3333333333333333, 0.5333333333333333, 0.0, 0.3333333333333333
parent.isShared,QUALIFIED_NAME, line no: 260,share,SIMPLE_NAME, line no: 107, 0.3333333333333333, 0.06666666666666667, 0.0, 0.3333333333333333
parent.isShared,QUALIFIED_NAME, line no: 260,iter.hasNext(),METHOD_INVOCATION, line no: 145, 0.3333333333333333, 0.4, 0.0, 0.3333333333333333
parent.isShared,QUALIFIED_NAME, line no: 260,getUserId,SIMPLE_NAME, line no: 147, 0.3333333333333333, 0.4666666666666667, 0.0, 0.3333333333333333
parent.isShared,QUALIFIED_NAME, line no: 260,parent.getCalculatedUserList(),METHOD_INVOCATION, line no: 188, 0.3333333333333333, 0.5333333333333333, 0.5, 0.3333333333333333
parent.isShared,QUALIFIED_NAME, line no: 260,other.getName(),METHOD_INVOCATION, line no: 298, 0.3333333333333333, 0.4666666666666667, 0.0, 0.3333333333333333
parent,SIMPLE_NAME, line no: 260,core,SIMPLE_NAME, line no: 1, 0.3333333333333333, 0.1875, 0.0, 0.3333333333333333
parent,SIMPLE_NAME, line no: 260,Set,SIMPLE_NAME, line no: 7, 0.3333333333333333, 0.125, 0.0, 0.3333333333333333
parent,SIMPLE_NAME, line no: 260,false,BOOLEAN_LITERAL, line no: 26, 0.3333333333333333, 0.0625, 0.0, 0.3333333333333333
parent,SIMPLE_NAME, line no: 260,String,SIMPLE_NAME, line no: 37, 0.3333333333333333, 0.0625, 0.0, 0.3333333333333333
parent,SIMPLE_NAME, line no: 260,name,SIMPLE_NAME, line no: 37, 0.3333333333333333, 0.0625, 0.0, 0.3333333333333333
parent,SIMPLE_NAME, line no: 260,remove,SIMPLE_NAME, line no: 76, 0.3333333333333333, 0.5, 0.0, 0.3333333333333333
parent,SIMPLE_NAME, line no: 260,true,BOOLEAN_LITERAL, line no: 114, 0.3333333333333333, 0.625, 0.0, 0.3333333333333333
parent,SIMPLE_NAME, line no: 260,clear,SIMPLE_NAME, line no: 125, 0.3333333333333333, 0.4375, 0.0, 0.3333333333333333
parent,SIMPLE_NAME, line no: 260,next,SIMPLE_NAME, line no: 146, 0.3333333333333333, 0.4375, 0.0, 0.3333333333333333
parent,SIMPLE_NAME, line no: 260,Object,SIMPLE_NAME, line no: 288, 0.3333333333333333, 0.0625, 0.0, 0.3333333333333333
isShared,SIMPLE_NAME, line no: 260,hive2hive,SIMPLE_NAME, line no: 1, 0.3333333333333333, 0.1875, 0.0, 0.3333333333333333
isShared,SIMPLE_NAME, line no: 260,getUserId,SIMPLE_NAME, line no: 147, 0.3333333333333333, 0.5, 0.0, 0.3333333333333333
parent.isShared,QUALIFIED_NAME, line no: 260,"Root node can't be shared.",STRING_LITERAL, line no: 109, 0.32142857142857145, 0.5333333333333333, 0.0, 0.32142857142857145
parent.isShared,QUALIFIED_NAME, line no: 260,children.remove(child),METHOD_INVOCATION, line no: 76, 0.3181818181818182, 0.4666666666666667, 0.0, 0.3181818181818182
parent.isShared,QUALIFIED_NAME, line no: 260,permission.getUserId(),METHOD_INVOCATION, line no: 183, 0.3181818181818182, 0.3333333333333333, 0.0, 0.3181818181818182
parent.isShared,QUALIFIED_NAME, line no: 260,children.add(child),METHOD_INVOCATION, line no: 67, 0.3157894736842105, 0.4666666666666667, 0.0, 0.3157894736842105
parent.isShared,QUALIFIED_NAME, line no: 260,this.protectionKeys,FIELD_ACCESS, line no: 115, 0.3157894736842105, 0.5333333333333333, 0.0, 0.3157894736842105
parent.isShared,QUALIFIED_NAME, line no: 260,withoutSeparator,SIMPLE_NAME, line no: 91, 0.3125, 0.5333333333333333, 0.0, 0.3125
parent.isShared,QUALIFIED_NAME, line no: 260,equalsIgnoreCase,SIMPLE_NAME, line no: 93, 0.3125, 0.5333333333333333, 1.0, 0.3125
parent.isShared,QUALIFIED_NAME, line no: 260,!children.remove(child),PREFIX_EXPRESSION, line no: 76, 0.30434782608695654, 0.4666666666666667, 0.0, 0.30434782608695654
parent,SIMPLE_NAME, line no: 260,replaceAll,SIMPLE_NAME, line no: 91, 0.3, 0.5625, 0.0, 0.3
parent,SIMPLE_NAME, line no: 260,permission,SIMPLE_NAME, line no: 182, 0.3, 0.5, 0.0, 0.3
parent,SIMPLE_NAME, line no: 260,isShared(),METHOD_INVOCATION, line no: 195, 0.3, 0.5, 0.0, 0.3
isShared,SIMPLE_NAME, line no: 260,getFileSep,SIMPLE_NAME, line no: 91, 0.3, 0.5625, 0.0, 0.3
isShared,SIMPLE_NAME, line no: 260,isSharedOrHasSharedChildren,SIMPLE_NAME, line no: 110, 0.2962962962962963, 0.5625, 1.0, 0.2962962962962963
parent.isShared,QUALIFIED_NAME, line no: 260,getProtectionKeys,SIMPLE_NAME, line no: 197, 0.29411764705882354, 0.4, 0.0, 0.29411764705882354
parent.isShared,QUALIFIED_NAME, line no: 260,setProtectionKeys,SIMPLE_NAME, line no: 227, 0.29411764705882354, 0.06666666666666667, 0.0, 0.29411764705882354
parent.isShared,QUALIFIED_NAME, line no: 260,org.hive2hive.core.model,QUALIFIED_NAME, line no: 1, 0.2916666666666667, 0.06666666666666667, 0.0, 0.2916666666666667
parent.isShared,QUALIFIED_NAME, line no: 260,java.security.KeyPair,QUALIFIED_NAME, line no: 3, 0.2857142857142857, 0.06666666666666667, 0.0, 0.2857142857142857
parent.isShared,QUALIFIED_NAME, line no: 260,FileUtil.getFileSep(),METHOD_INVOCATION, line no: 91, 0.2857142857142857, 0.5333333333333333, 0.0, 0.2857142857142857
parent,SIMPLE_NAME, line no: 260,KeyPair,SIMPLE_NAME, line no: 3, 0.2857142857142857, 0.125, 0.0, 0.2857142857142857
parent,SIMPLE_NAME, line no: 260,protectionKeys,SIMPLE_NAME, line no: 25, 0.2857142857142857, 0.0625, 0.0, 0.2857142857142857
parent,SIMPLE_NAME, line no: 260,keyPair,SIMPLE_NAME, line no: 37, 0.2857142857142857, 0.0625, 0.0, 0.2857142857142857
parent,SIMPLE_NAME, line no: 260,getName,SIMPLE_NAME, line no: 66, 0.2857142857142857, 0.5, 0.0, 0.2857142857142857
parent,SIMPLE_NAME, line no: 260,isEmpty,SIMPLE_NAME, line no: 171, 0.2857142857142857, 0.625, 0.0, 0.2857142857142857
parent,SIMPLE_NAME, line no: 260,"name=",STRING_LITERAL, line no: 281, 0.2857142857142857, 0.4375, 0.0, 0.2857142857142857
isShared,SIMPLE_NAME, line no: 260,iter.hasNext(),METHOD_INVOCATION, line no: 145, 0.2857142857142857, 0.4375, 1.0, 0.2857142857142857
parent.isShared,QUALIFIED_NAME, line no: 260,java.util.Iterator,QUALIFIED_NAME, line no: 6, 0.2777777777777778, 0.06666666666666667, 0.0, 0.2777777777777778
parent.isShared,QUALIFIED_NAME, line no: 260,addUserPermissions,SIMPLE_NAME, line no: 134, 0.2777777777777778, 0.06666666666666667, 0.0, 0.2777777777777778
parent.isShared,QUALIFIED_NAME, line no: 260,getUserPermissions,SIMPLE_NAME, line no: 159, 0.2777777777777778, 0.06666666666666667, 0.0, 0.2777777777777778
parent.isShared,QUALIFIED_NAME, line no: 260,sb.append("name="),METHOD_INVOCATION, line no: 281, 0.2777777777777778, 0.4, 0.0, 0.2777777777777778
isShared,SIMPLE_NAME, line no: 260,isSharedOrHasSharedChildren(),METHOD_INVOCATION, line no: 110, 0.27586206896551724, 0.5625, 1.0, 0.27586206896551724
parent.isShared,QUALIFIED_NAME, line no: 260,protectionKeys == null,INFIX_EXPRESSION, line no: 238, 0.2727272727272727, 0.6666666666666666, 0.0, 0.2727272727272727
parent,SIMPLE_NAME, line no: 260,getChildren,SIMPLE_NAME, line no: 55, 0.2727272727272727, 0.0625, 0.0, 0.2727272727272727
parent,SIMPLE_NAME, line no: 260,iter.next(),METHOD_INVOCATION, line no: 146, 0.2727272727272727, 0.4375, 0.0, 0.2727272727272727
isShared,SIMPLE_NAME, line no: 260,getChildren,SIMPLE_NAME, line no: 55, 0.2727272727272727, 0.0625, 0.0, 0.2727272727272727
isShared,SIMPLE_NAME, line no: 260,removeChild,SIMPLE_NAME, line no: 75, 0.2727272727272727, 0.0625, 0.0, 0.2727272727272727
isShared,SIMPLE_NAME, line no: 260,iter.next(),METHOD_INVOCATION, line no: 146, 0.2727272727272727, 0.4375, 0.0, 0.2727272727272727
parent.isShared,QUALIFIED_NAME, line no: 260,parent.getCalculatedUserPermissions(),METHOD_INVOCATION, line no: 172, 0.2702702702702703, 0.6666666666666666, 0.5, 0.2702702702702703
parent.isShared,QUALIFIED_NAME, line no: 260,userPermissions.iterator(),METHOD_INVOCATION, line no: 144, 0.2692307692307692, 0.4, 0.0, 0.2692307692307692
parent.isShared,QUALIFIED_NAME, line no: 260,userPermission.getUserId(),METHOD_INVOCATION, line no: 147, 0.2692307692307692, 0.4666666666666667, 0.0, 0.2692307692307692
parent.isShared,QUALIFIED_NAME, line no: 260,java.security,QUALIFIED_NAME, line no: 3, 0.26666666666666666, 0.13333333333333333, 0.0, 0.26666666666666666
parent.isShared,QUALIFIED_NAME, line no: 260,HashSet,SIMPLE_NAME, line no: 5, 0.26666666666666666, 0.13333333333333333, 0.0, 0.26666666666666666
parent.isShared,QUALIFIED_NAME, line no: 260,UserPermission,SIMPLE_NAME, line no: 23, 0.26666666666666666, 0.06666666666666667, 0.0, 0.26666666666666666
parent.isShared,QUALIFIED_NAME, line no: 260,userPermissions,SIMPLE_NAME, line no: 23, 0.26666666666666666, 0.06666666666666667, 0.0, 0.26666666666666666
parent.isShared,QUALIFIED_NAME, line no: 260,child.getName(),METHOD_INVOCATION, line no: 66, 0.26666666666666666, 0.4666666666666667, 0.0, 0.26666666666666666
parent.isShared,QUALIFIED_NAME, line no: 260,getName,SIMPLE_NAME, line no: 66, 0.26666666666666666, 0.4666666666666667, 0.0, 0.26666666666666666
parent.isShared,QUALIFIED_NAME, line no: 260,removeChild,SIMPLE_NAME, line no: 75, 0.26666666666666666, 0.06666666666666667, 0.0, 0.26666666666666666
parent.isShared,QUALIFIED_NAME, line no: 260,replaceAll,SIMPLE_NAME, line no: 91, 0.26666666666666666, 0.5333333333333333, 0.0, 0.26666666666666666
parent.isShared,QUALIFIED_NAME, line no: 260,userPermission,SIMPLE_NAME, line no: 134, 0.26666666666666666, 0.06666666666666667, 0.0, 0.26666666666666666
parent.isShared,QUALIFIED_NAME, line no: 260,iter.remove(),METHOD_INVOCATION, line no: 148, 0.26666666666666666, 0.26666666666666666, 0.0, 0.26666666666666666
parent.isShared,QUALIFIED_NAME, line no: 260,permission,SIMPLE_NAME, line no: 182, 0.26666666666666666, 0.4666666666666667, 0.0, 0.26666666666666666
parent.isShared,QUALIFIED_NAME, line no: 260,canWrite,SIMPLE_NAME, line no: 194, 0.26666666666666666, 0.06666666666666667, 1.0, 0.26666666666666666
parent.isShared,QUALIFIED_NAME, line no: 260,getPermission,SIMPLE_NAME, line no: 213, 0.26666666666666666, 0.6, 0.0, 0.26666666666666666
parent.isShared,QUALIFIED_NAME, line no: 260,PermissionType,SIMPLE_NAME, line no: 213, 0.26666666666666666, 0.6666666666666666, 0.0, 0.26666666666666666
parent.isShared,QUALIFIED_NAME, line no: 260,StringBuilder,SIMPLE_NAME, line no: 280, 0.26666666666666666, 0.4, 0.0, 0.26666666666666666
parent.isShared,QUALIFIED_NAME, line no: 260,append,SIMPLE_NAME, line no: 281, 0.26666666666666666, 0.4, 0.0, 0.26666666666666666
parent.isShared,QUALIFIED_NAME, line no: 260," path=",STRING_LITERAL, line no: 282, 0.26666666666666666, 0.4, 0.0, 0.26666666666666666
parent.isShared,QUALIFIED_NAME, line no: 260,getName(),METHOD_INVOCATION, line no: 296, 0.26666666666666666, 0.6, 0.0, 0.26666666666666666
parent.isShared,QUALIFIED_NAME, line no: 260,getProtectionKeys(),METHOD_INVOCATION, line no: 197, 0.2631578947368421, 0.3333333333333333, 0.0, 0.2631578947368421
parent.isShared,QUALIFIED_NAME, line no: 260,sb.append(" path="),METHOD_INVOCATION, line no: 282, 0.2631578947368421, 0.4, 0.0, 0.2631578947368421
parent.isShared,QUALIFIED_NAME, line no: 260,java.security.PublicKey,QUALIFIED_NAME, line no: 4, 0.2608695652173913, 0.06666666666666667, 0.0, 0.2608695652173913
parent.isShared,QUALIFIED_NAME, line no: 260,org.hive2hive.core.file,QUALIFIED_NAME, line no: 9, 0.2608695652173913, 0.13333333333333333, 0.0, 0.2608695652173913
parent.isShared,QUALIFIED_NAME, line no: 260,userPermissions.clear(),METHOD_INVOCATION, line no: 125, 0.2608695652173913, 0.4, 0.0, 0.2608695652173913
parent.isShared,QUALIFIED_NAME, line no: 260,sb.append(" children="),METHOD_INVOCATION, line no: 283, 0.2608695652173913, 0.4, 0.0, 0.2608695652173913
parent.isShared,QUALIFIED_NAME, line no: 260,serialVersionUID,SIMPLE_NAME, line no: 20, 0.25, 0.06666666666666667, 0.0, 0.25
parent.isShared,QUALIFIED_NAME, line no: 260,new HashSet<Index>(),CLASS_INSTANCE_CREATION, line no: 22, 0.25, 0.0, 0.0, 0.25
parent.isShared,QUALIFIED_NAME, line no: 260,this.protectionKeys=null,ASSIGNMENT, line no: 123, 0.25, 0.4, 0.0, 0.25
parent.isShared,QUALIFIED_NAME, line no: 260,obj instanceof Index,INSTANCEOF_EXPRESSION, line no: 291, 0.25, 0.8666666666666667, 0.0, 0.25
parent.isShared,QUALIFIED_NAME, line no: 260,getFilePublicKey,SIMPLE_NAME, line no: 294, 0.25, 0.6, 0.0, 0.25
parent,SIMPLE_NAME, line no: 260,security,SIMPLE_NAME, line no: 3, 0.25, 0.1875, 0.0, 0.25
parent,SIMPLE_NAME, line no: 260,Iterator,SIMPLE_NAME, line no: 6, 0.25, 0.125, 0.0, 0.25
parent,SIMPLE_NAME, line no: 260,FileUtil,SIMPLE_NAME, line no: 9, 0.25, 0.125, 0.0, 0.25
parent,SIMPLE_NAME, line no: 260,name != null,INFIX_EXPRESSION, line no: 90, 0.25, 0.625, 0.0, 0.25
parent,SIMPLE_NAME, line no: 260,withoutSeparator,SIMPLE_NAME, line no: 91, 0.25, 0.5625, 0.0, 0.25
parent,SIMPLE_NAME, line no: 260,iterator,SIMPLE_NAME, line no: 144, 0.25, 0.4375, 0.0, 0.25
parent,SIMPLE_NAME, line no: 260,Override,SIMPLE_NAME, line no: 178, 0.25, 0.0625, 0.0, 0.25
parent,SIMPLE_NAME, line no: 260,toString,SIMPLE_NAME, line no: 279, 0.25, 0.0625, 0.0, 0.25
parent,SIMPLE_NAME, line no: 260," children=",STRING_LITERAL, line no: 283, 0.25, 0.4375, 0.0, 0.25
isShared,SIMPLE_NAME, line no: 260,core,SIMPLE_NAME, line no: 1, 0.25, 0.1875, 0.0, 0.25
isShared,SIMPLE_NAME, line no: 260,security,SIMPLE_NAME, line no: 3, 0.25, 0.1875, 0.0, 0.25
isShared,SIMPLE_NAME, line no: 260,KeyPair,SIMPLE_NAME, line no: 3, 0.25, 0.125, 0.0, 0.25
isShared,SIMPLE_NAME, line no: 260,Iterator,SIMPLE_NAME, line no: 6, 0.25, 0.125, 0.0, 0.25
isShared,SIMPLE_NAME, line no: 260,Set,SIMPLE_NAME, line no: 7, 0.25, 0.125, 0.0, 0.25
isShared,SIMPLE_NAME, line no: 260,file,SIMPLE_NAME, line no: 9, 0.25, 0.1875, 0.0, 0.25
isShared,SIMPLE_NAME, line no: 260,FileUtil,SIMPLE_NAME, line no: 9, 0.25, 0.125, 0.0, 0.25
isShared,SIMPLE_NAME, line no: 260,false,BOOLEAN_LITERAL, line no: 26, 0.25, 0.0625, 1.0, 0.25
isShared,SIMPLE_NAME, line no: 260,keyPair,SIMPLE_NAME, line no: 37, 0.25, 0.0625, 0.0, 0.25
isShared,SIMPLE_NAME, line no: 260,String,SIMPLE_NAME, line no: 37, 0.25, 0.0625, 0.0, 0.25
isShared,SIMPLE_NAME, line no: 260,name,SIMPLE_NAME, line no: 37, 0.25, 0.0625, 0.0, 0.25
isShared,SIMPLE_NAME, line no: 260,isRoot,SIMPLE_NAME, line no: 46, 0.25, 0.0625, 1.0, 0.25
isShared,SIMPLE_NAME, line no: 260,addChild,SIMPLE_NAME, line no: 64, 0.25, 0.0625, 0.0, 0.25
isShared,SIMPLE_NAME, line no: 260,child,SIMPLE_NAME, line no: 64, 0.25, 0.0625, 0.0, 0.25
isShared,SIMPLE_NAME, line no: 260,getName,SIMPLE_NAME, line no: 66, 0.25, 0.5, 0.0, 0.25
isShared,SIMPLE_NAME, line no: 260,add,SIMPLE_NAME, line no: 67, 0.25, 0.5, 1.0, 0.25
isShared,SIMPLE_NAME, line no: 260,remove,SIMPLE_NAME, line no: 76, 0.25, 0.5, 1.0, 0.25
isShared,SIMPLE_NAME, line no: 260,withoutSeparator,SIMPLE_NAME, line no: 91, 0.25, 0.5625, 0.0, 0.25
isShared,SIMPLE_NAME, line no: 260,isRoot(),METHOD_INVOCATION, line no: 108, 0.25, 0.5625, 1.0, 0.25
isShared,SIMPLE_NAME, line no: 260,this,THIS_EXPRESSION, line no: 114, 0.25, 0.5625, 0.0, 0.25
isShared,SIMPLE_NAME, line no: 260,true,BOOLEAN_LITERAL, line no: 114, 0.25, 0.625, 1.0, 0.25
isShared,SIMPLE_NAME, line no: 260,clear,SIMPLE_NAME, line no: 125, 0.25, 0.4375, 0.0, 0.25
isShared,SIMPLE_NAME, line no: 260,iter,SIMPLE_NAME, line no: 144, 0.25, 0.4375, 0.0, 0.25
isShared,SIMPLE_NAME, line no: 260,isEmpty,SIMPLE_NAME, line no: 171, 0.25, 0.625, 1.0, 0.25
isShared,SIMPLE_NAME, line no: 260,Override,SIMPLE_NAME, line no: 178, 0.25, 0.0625, 0.0, 0.25
isShared,SIMPLE_NAME, line no: 260,users,SIMPLE_NAME, line no: 181, 0.25, 0.5, 0.0, 0.25
isShared,SIMPLE_NAME, line no: 260,addAll,SIMPLE_NAME, line no: 188, 0.25, 0.5625, 1.0, 0.25
isShared,SIMPLE_NAME, line no: 260,toString,SIMPLE_NAME, line no: 279, 0.25, 0.0625, 0.0, 0.25
isShared,SIMPLE_NAME, line no: 260,"name=",STRING_LITERAL, line no: 281, 0.25, 0.4375, 0.0, 0.25
isShared,SIMPLE_NAME, line no: 260," children=",STRING_LITERAL, line no: 283, 0.25, 0.4375, 0.0, 0.25
isShared,SIMPLE_NAME, line no: 260,size,SIMPLE_NAME, line no: 283, 0.25, 0.4375, 0.0, 0.25
isShared,SIMPLE_NAME, line no: 260,obj instanceof Index,INSTANCEOF_EXPRESSION, line no: 291, 0.25, 0.875, 1.0, 0.25
isShared,SIMPLE_NAME, line no: 260,other,SIMPLE_NAME, line no: 293, 0.25, 0.625, 0.0, 0.25
parent.isShared,QUALIFIED_NAME, line no: 260,userPermissions.isEmpty(),METHOD_INVOCATION, line no: 171, 0.24, 0.6, 0.0, 0.24
parent.isShared,QUALIFIED_NAME, line no: 260,removeUserPermissions,SIMPLE_NAME, line no: 143, 0.23809523809523808, 0.06666666666666667, 0.0, 0.23809523809523808
parent.isShared,QUALIFIED_NAME, line no: 260,getCalculatedUserList,SIMPLE_NAME, line no: 179, 0.23809523809523808, 0.06666666666666667, 0.0, 0.23809523809523808
parent.isShared,QUALIFIED_NAME, line no: 260,new HashSet<String>(),CLASS_INSTANCE_CREATION, line no: 181, 0.23809523809523808, 0.4666666666666667, 0.0, 0.23809523809523808
parent.isShared,QUALIFIED_NAME, line no: 260,this.protectionKeys=protectionKeys,ASSIGNMENT, line no: 115, 0.23529411764705882, 0.5333333333333333, 0.0, 0.23529411764705882
parent.isShared,QUALIFIED_NAME, line no: 260,getName() == null,INFIX_EXPRESSION, line no: 296, 0.23529411764705882, 0.6, 0.0, 0.23529411764705882
isShared,SIMPLE_NAME, line no: 260,java.util.HashSet,QUALIFIED_NAME, line no: 5, 0.23529411764705882, 0.0625, 0.0, 0.23529411764705882
parent.isShared,QUALIFIED_NAME, line no: 260,permission.getPermission(),METHOD_INVOCATION, line no: 213, 0.23076923076923078, 0.6, 0.0, 0.23076923076923078
parent,SIMPLE_NAME, line no: 260,java.security,QUALIFIED_NAME, line no: 3, 0.23076923076923078, 0.125, 0.0, 0.23076923076923078
parent,SIMPLE_NAME, line no: 260,java.util.Set,QUALIFIED_NAME, line no: 7, 0.23076923076923078, 0.0625, 0.0, 0.23076923076923078
parent,SIMPLE_NAME, line no: 260,this.isShared,FIELD_ACCESS, line no: 114, 0.23076923076923078, 0.5625, 0.0, 0.23076923076923078
parent,SIMPLE_NAME, line no: 260,parent.getProtectionKeys(),METHOD_INVOCATION, line no: 240, 0.23076923076923078, 0.375, 0.0, 0.23076923076923078
parent,SIMPLE_NAME, line no: 260,getSharedFlag,SIMPLE_NAME, line no: 269, 0.23076923076923078, 0.0625, 0.0, 0.23076923076923078
isShared,SIMPLE_NAME, line no: 260,org.hive2hive,QUALIFIED_NAME, line no: 1, 0.23076923076923078, 0.125, 0.0, 0.23076923076923078
isShared,SIMPLE_NAME, line no: 260,java.util.Set,QUALIFIED_NAME, line no: 7, 0.23076923076923078, 0.0625, 0.0, 0.23076923076923078
isShared,SIMPLE_NAME, line no: 260,iter.remove(),METHOD_INVOCATION, line no: 148, 0.23076923076923078, 0.25, 0.0, 0.23076923076923078
isShared,SIMPLE_NAME, line no: 260,StringBuilder,SIMPLE_NAME, line no: 280, 0.23076923076923078, 0.4375, 0.0, 0.23076923076923078
isShared,SIMPLE_NAME, line no: 260,sb.toString(),METHOD_INVOCATION, line no: 284, 0.23076923076923078, 0.5, 0.0, 0.23076923076923078
parent.isShared,QUALIFIED_NAME, line no: 260,users.addAll(parent.getCalculatedUserList()),METHOD_INVOCATION, line no: 188, 0.22727272727272727, 0.5333333333333333, 0.3333333333333333, 0.22727272727272727
parent.isShared,QUALIFIED_NAME, line no: 260,sb.append("name=").append(name),METHOD_INVOCATION, line no: 281, 0.22580645161290322, 0.4, 0.0, 0.22580645161290322
parent.isShared,QUALIFIED_NAME, line no: 260,getFilePublicKey(),METHOD_INVOCATION, line no: 294, 0.2222222222222222, 0.6, 0.0, 0.2222222222222222
parent,SIMPLE_NAME, line no: 260,java.util,QUALIFIED_NAME, line no: 5, 0.2222222222222222, 0.125, 0.0, 0.2222222222222222
parent,SIMPLE_NAME, line no: 260,this.isShared=true,ASSIGNMENT, line no: 114, 0.2222222222222222, 0.5625, 0.0, 0.2222222222222222
parent,SIMPLE_NAME, line no: 260,addUserPermissions,SIMPLE_NAME, line no: 134, 0.2222222222222222, 0.0625, 0.0, 0.2222222222222222
parent,SIMPLE_NAME, line no: 260,getUserId,SIMPLE_NAME, line no: 147, 0.2222222222222222, 0.5, 0.0, 0.2222222222222222
parent,SIMPLE_NAME, line no: 260,@Override,MARKER_ANNOTATION, line no: 178, 0.2222222222222222, 0.0, 0.0, 0.2222222222222222
parent,SIMPLE_NAME, line no: 260,getName(),METHOD_INVOCATION, line no: 296, 0.2222222222222222, 0.625, 0.0, 0.2222222222222222
parent,SIMPLE_NAME, line no: 260,publicKey,SIMPLE_NAME, line no: 305, 0.2222222222222222, 0.5625, 0.0, 0.2222222222222222
isShared,SIMPLE_NAME, line no: 260,org.hive2hive.core,QUALIFIED_NAME, line no: 1, 0.2222222222222222, 0.125, 0.0, 0.2222222222222222
isShared,SIMPLE_NAME, line no: 260,PublicKey,SIMPLE_NAME, line no: 4, 0.2222222222222222, 0.125, 0.0, 0.2222222222222222
isShared,SIMPLE_NAME, line no: 260,@Override,MARKER_ANNOTATION, line no: 178, 0.2222222222222222, 0.0, 0.0, 0.2222222222222222
isShared,SIMPLE_NAME, line no: 260,sb.append("name="),METHOD_INVOCATION, line no: 281, 0.2222222222222222, 0.4375, 0.0, 0.2222222222222222
isShared,SIMPLE_NAME, line no: 260,getName(),METHOD_INVOCATION, line no: 296, 0.2222222222222222, 0.625, 0.0, 0.2222222222222222
isShared,SIMPLE_NAME, line no: 260,publicKey,SIMPLE_NAME, line no: 305, 0.2222222222222222, 0.5625, 0.0, 0.2222222222222222
parent.isShared,QUALIFIED_NAME, line no: 260,other.getName() == null,INFIX_EXPRESSION, line no: 298, 0.21739130434782608, 0.4666666666666667, 0.0, 0.21739130434782608
parent.isShared,QUALIFIED_NAME, line no: 260,permission.getUserId().equals(userId),METHOD_INVOCATION, line no: 212, 0.21621621621621623, 0.6, 0.0, 0.21621621621621623
parent,SIMPLE_NAME, line no: 260,UserPermission,SIMPLE_NAME, line no: 23, 0.21428571428571427, 0.0625, 0.0, 0.21428571428571427
parent,SIMPLE_NAME, line no: 260,userPermission,SIMPLE_NAME, line no: 134, 0.21428571428571427, 0.0625, 0.0, 0.21428571428571427
parent,SIMPLE_NAME, line no: 260,iter.hasNext(),METHOD_INVOCATION, line no: 145, 0.21428571428571427, 0.4375, 0.0, 0.21428571428571427
isShared,SIMPLE_NAME, line no: 260,UserPermission,SIMPLE_NAME, line no: 23, 0.21428571428571427, 0.0625, 0.0, 0.21428571428571427
isShared,SIMPLE_NAME, line no: 260,parent == null,INFIX_EXPRESSION, line no: 47, 0.21428571428571427, 0.1875, 1.0, 0.21428571428571427
isShared,SIMPLE_NAME, line no: 260,getChildByName,SIMPLE_NAME, line no: 66, 0.21428571428571427, 0.5, 0.0, 0.21428571428571427
isShared,SIMPLE_NAME, line no: 260,"Root node can't be shared.",STRING_LITERAL, line no: 109, 0.21428571428571427, 0.5625, 0.0, 0.21428571428571427
isShared,SIMPLE_NAME, line no: 260,userPermission,SIMPLE_NAME, line no: 134, 0.21428571428571427, 0.0625, 0.0, 0.21428571428571427
isShared,SIMPLE_NAME, line no: 260,parent != null,INFIX_EXPRESSION, line no: 171, 0.21428571428571427, 0.625, 1.0, 0.21428571428571427
isShared,SIMPLE_NAME, line no: 260,PermissionType,SIMPLE_NAME, line no: 213, 0.21428571428571427, 0.6875, 0.0, 0.21428571428571427
parent.isShared,QUALIFIED_NAME, line no: 260,users.add(permission.getUserId()),METHOD_INVOCATION, line no: 183, 0.21212121212121213, 0.3333333333333333, 0.0, 0.21212121212121213
parent.isShared,QUALIFIED_NAME, line no: 260,getName().equals(other.getName()),METHOD_INVOCATION, line no: 301, 0.21212121212121213, 0.6666666666666666, 0.0, 0.21212121212121213
parent,SIMPLE_NAME, line no: 260,this.protectionKeys,FIELD_ACCESS, line no: 115, 0.21052631578947367, 0.5625, 0.0, 0.21052631578947367
parent,SIMPLE_NAME, line no: 260,sb.append(" path="),METHOD_INVOCATION, line no: 282, 0.21052631578947367, 0.4375, 0.0, 0.21052631578947367
isShared,SIMPLE_NAME, line no: 260,children.add(child),METHOD_INVOCATION, line no: 67, 0.21052631578947367, 0.5, 1.0, 0.21052631578947367
isShared,SIMPLE_NAME, line no: 260,this.protectionKeys,FIELD_ACCESS, line no: 115, 0.21052631578947367, 0.5625, 0.0, 0.21052631578947367
isShared,SIMPLE_NAME, line no: 260,sb.append(" path="),METHOD_INVOCATION, line no: 282, 0.21052631578947367, 0.4375, 0.0, 0.21052631578947367
parent.isShared,QUALIFIED_NAME, line no: 260,parent != null && userPermissions.isEmpty(),INFIX_EXPRESSION, line no: 171, 0.20930232558139536, 0.6, 0.3333333333333333, 0.20930232558139536
parent.isShared,QUALIFIED_NAME, line no: 260,other.getFilePublicKey(),METHOD_INVOCATION, line no: 294, 0.20833333333333334, 0.6, 0.0, 0.20833333333333334
isShared,SIMPLE_NAME, line no: 260,org.hive2hive.core.model,QUALIFIED_NAME, line no: 1, 0.20833333333333334, 0.0625, 0.0, 0.20833333333333334
parent.isShared,QUALIFIED_NAME, line no: 260,new HashSet<UserPermission>(),CLASS_INSTANCE_CREATION, line no: 23, 0.20689655172413793, 0.0, 0.0, 0.20689655172413793
parent.isShared,QUALIFIED_NAME, line no: 260,"This folder or any child is already shared",STRING_LITERAL, line no: 111, 0.20454545454545456, 0.2, 0.0, 0.20454545454545456
parent.isShared,QUALIFIED_NAME, line no: 260,hive2hive,SIMPLE_NAME, line no: 1, 0.2, 0.2, 0.0, 0.2
parent.isShared,QUALIFIED_NAME, line no: 260,KeyPair,SIMPLE_NAME, line no: 3, 0.2, 0.13333333333333333, 0.0, 0.2
parent.isShared,QUALIFIED_NAME, line no: 260,java.util,QUALIFIED_NAME, line no: 5, 0.2, 0.13333333333333333, 0.0, 0.2
parent.isShared,QUALIFIED_NAME, line no: 260,Iterator,SIMPLE_NAME, line no: 6, 0.2, 0.13333333333333333, 0.0, 0.2
parent.isShared,QUALIFIED_NAME, line no: 260,FileUtil,SIMPLE_NAME, line no: 9, 0.2, 0.13333333333333333, 0.0, 0.2
parent.isShared,QUALIFIED_NAME, line no: 260,FolderIndex,SIMPLE_NAME, line no: 18, 0.2, 0.06666666666666667, 0.0, 0.2
parent.isShared,QUALIFIED_NAME, line no: 260,children,SIMPLE_NAME, line no: 22, 0.2, 0.06666666666666667, 0.0, 0.2
parent.isShared,QUALIFIED_NAME, line no: 260,false,BOOLEAN_LITERAL, line no: 26, 0.2, 0.06666666666666667, 1.0, 0.2
parent.isShared,QUALIFIED_NAME, line no: 260,keyPair,SIMPLE_NAME, line no: 37, 0.2, 0.06666666666666667, 0.0, 0.2
parent.isShared,QUALIFIED_NAME, line no: 260,name,SIMPLE_NAME, line no: 37, 0.2, 0.06666666666666667, 0.0, 0.2
parent.isShared,QUALIFIED_NAME, line no: 260,addChild,SIMPLE_NAME, line no: 64, 0.2, 0.06666666666666667, 0.0, 0.2
parent.isShared,QUALIFIED_NAME, line no: 260,remove,SIMPLE_NAME, line no: 76, 0.2, 0.4666666666666667, 1.0, 0.2
parent.isShared,QUALIFIED_NAME, line no: 260,name != null,INFIX_EXPRESSION, line no: 90, 0.2, 0.6, 0.0, 0.2
parent.isShared,QUALIFIED_NAME, line no: 260,this,THIS_EXPRESSION, line no: 114, 0.2, 0.5333333333333333, 0.0, 0.2
parent.isShared,QUALIFIED_NAME, line no: 260,true,BOOLEAN_LITERAL, line no: 114, 0.2, 0.6, 1.0, 0.2
parent.isShared,QUALIFIED_NAME, line no: 260,clear,SIMPLE_NAME, line no: 125, 0.2, 0.4, 0.0, 0.2
parent.isShared,QUALIFIED_NAME, line no: 260,userPermissions.add(userPermission),METHOD_INVOCATION, line no: 135, 0.2, 0.26666666666666666, 0.0, 0.2
parent.isShared,QUALIFIED_NAME, line no: 260,userId,SIMPLE_NAME, line no: 143, 0.2, 0.06666666666666667, 0.0, 0.2
parent.isShared,QUALIFIED_NAME, line no: 260,iterator,SIMPLE_NAME, line no: 144, 0.2, 0.4, 0.0, 0.2
parent.isShared,QUALIFIED_NAME, line no: 260,hasNext,SIMPLE_NAME, line no: 145, 0.2, 0.4, 1.0, 0.2
parent.isShared,QUALIFIED_NAME, line no: 260,iter.next(),METHOD_INVOCATION, line no: 146, 0.2, 0.4, 0.0, 0.2
parent.isShared,QUALIFIED_NAME, line no: 260,@Override,MARKER_ANNOTATION, line no: 178, 0.2, 0.0, 0.0, 0.2
parent.isShared,QUALIFIED_NAME, line no: 260,Override,SIMPLE_NAME, line no: 178, 0.2, 0.06666666666666667, 0.0, 0.2
parent.isShared,QUALIFIED_NAME, line no: 260,PermissionType.WRITE,QUALIFIED_NAME, line no: 213, 0.2, 0.6666666666666666, 0.0, 0.2
parent.isShared,QUALIFIED_NAME, line no: 260,isFolder,SIMPLE_NAME, line no: 274, 0.2, 0.06666666666666667, 1.0, 0.2
parent.isShared,QUALIFIED_NAME, line no: 260,toString,SIMPLE_NAME, line no: 279, 0.2, 0.06666666666666667, 0.0, 0.2
parent.isShared,QUALIFIED_NAME, line no: 260,"FolderIndex [",STRING_LITERAL, line no: 280, 0.2, 0.4, 0.0, 0.2
parent.isShared,QUALIFIED_NAME, line no: 260,"name=",STRING_LITERAL, line no: 281, 0.2, 0.4, 0.0, 0.2
parent.isShared,QUALIFIED_NAME, line no: 260,getFullPath(),METHOD_INVOCATION, line no: 282, 0.2, 0.4, 0.0, 0.2
parent.isShared,QUALIFIED_NAME, line no: 260,getFullPath,SIMPLE_NAME, line no: 282, 0.2, 0.4, 0.0, 0.2
parent.isShared,QUALIFIED_NAME, line no: 260," children=",STRING_LITERAL, line no: 283, 0.2, 0.4, 0.0, 0.2
parent.isShared,QUALIFIED_NAME, line no: 260,sb.toString(),METHOD_INVOCATION, line no: 284, 0.2, 0.4666666666666667, 0.0, 0.2
parent.isShared,QUALIFIED_NAME, line no: 260,other,SIMPLE_NAME, line no: 293, 0.2, 0.6, 0.0, 0.2
parent.isShared,QUALIFIED_NAME, line no: 260,publicKey,SIMPLE_NAME, line no: 305, 0.2, 0.5333333333333333, 0.0, 0.2
parent,SIMPLE_NAME, line no: 260,userPermissions,SIMPLE_NAME, line no: 23, 0.2, 0.0625, 0.0, 0.2
parent,SIMPLE_NAME, line no: 260,getFileSep,SIMPLE_NAME, line no: 91, 0.2, 0.5625, 0.0, 0.2
parent,SIMPLE_NAME, line no: 260,parent.getCalculatedUserList(),METHOD_INVOCATION, line no: 188, 0.2, 0.5625, 0.0, 0.2
parent,SIMPLE_NAME, line no: 260,children.size(),METHOD_INVOCATION, line no: 283, 0.2, 0.4375, 0.0, 0.2
parent,SIMPLE_NAME, line no: 260,other.getName(),METHOD_INVOCATION, line no: 298, 0.2, 0.4375, 0.0, 0.2
isShared,SIMPLE_NAME, line no: 260,new HashSet<Index>(),CLASS_INSTANCE_CREATION, line no: 22, 0.2, 0.0, 0.0, 0.2
isShared,SIMPLE_NAME, line no: 260,userPermissions,SIMPLE_NAME, line no: 23, 0.2, 0.0625, 0.0, 0.2
isShared,SIMPLE_NAME, line no: 260,child.getName(),METHOD_INVOCATION, line no: 66, 0.2, 0.5, 0.0, 0.2
isShared,SIMPLE_NAME, line no: 260,replaceAll,SIMPLE_NAME, line no: 91, 0.2, 0.5625, 0.0, 0.2
isShared,SIMPLE_NAME, line no: 260,permission,SIMPLE_NAME, line no: 182, 0.2, 0.5, 0.0, 0.2
isShared,SIMPLE_NAME, line no: 260,children.size(),METHOD_INVOCATION, line no: 283, 0.2, 0.4375, 0.0, 0.2
isShared,SIMPLE_NAME, line no: 260,other.getName(),METHOD_INVOCATION, line no: 298, 0.2, 0.4375, 0.0, 0.2
parent.isShared,QUALIFIED_NAME, line no: 260,name.replaceAll(FileUtil.getFileSep() ""),METHOD_INVOCATION, line no: 91, 0.1951219512195122, 0.5333333333333333, 0.0, 0.1951219512195122
parent.isShared,QUALIFIED_NAME, line no: 260,sb.append(" path=").append(getFullPath()),METHOD_INVOCATION, line no: 282, 0.1951219512195122, 0.4, 0.0, 0.1951219512195122
parent.isShared,QUALIFIED_NAME, line no: 260,getChildByName(child.getName()),METHOD_INVOCATION, line no: 66, 0.1935483870967742, 0.4666666666666667, 0.0, 0.1935483870967742
parent.isShared,QUALIFIED_NAME, line no: 260,IllegalStateException,SIMPLE_NAME, line no: 107, 0.19047619047619047, 0.06666666666666667, 0.0, 0.19047619047619047
parent.isShared,QUALIFIED_NAME, line no: 260,org.hive2hive.core.file.FileUtil,QUALIFIED_NAME, line no: 9, 0.1875, 0.06666666666666667, 0.0, 0.1875
parent,SIMPLE_NAME, line no: 260,serialVersionUID,SIMPLE_NAME, line no: 20, 0.1875, 0.0625, 0.0, 0.1875
parent,SIMPLE_NAME, line no: 260,equalsIgnoreCase,SIMPLE_NAME, line no: 93, 0.1875, 0.5625, 0.0, 0.1875
isShared,SIMPLE_NAME, line no: 260,serialVersionUID,SIMPLE_NAME, line no: 20, 0.1875, 0.0625, 0.0, 0.1875
isShared,SIMPLE_NAME, line no: 260,equalsIgnoreCase,SIMPLE_NAME, line no: 93, 0.1875, 0.5625, 1.0, 0.1875
parent.isShared,QUALIFIED_NAME, line no: 260,getProtectionKeys() != null,INFIX_EXPRESSION, line no: 197, 0.18518518518518517, 0.3333333333333333, 0.0, 0.18518518518518517
parent.isShared,QUALIFIED_NAME, line no: 260,new IllegalStateException("Root node can't be shared."),CLASS_INSTANCE_CREATION, line no: 109, 0.18181818181818182, 0.5333333333333333, 0.0, 0.18181818181818182
parent,SIMPLE_NAME, line no: 260,FolderIndex,SIMPLE_NAME, line no: 18, 0.18181818181818182, 0.0625, 1.0, 0.18181818181818182
parent,SIMPLE_NAME, line no: 260,removeChild,SIMPLE_NAME, line no: 75, 0.18181818181818182, 0.0625, 0.0, 0.18181818181818182
parent,SIMPLE_NAME, line no: 260,permission.getUserId(),METHOD_INVOCATION, line no: 183, 0.18181818181818182, 0.3125, 0.0, 0.18181818181818182
parent,SIMPLE_NAME, line no: 260,protectionKeys == null,INFIX_EXPRESSION, line no: 238, 0.18181818181818182, 0.6875, 0.0, 0.18181818181818182
parent,SIMPLE_NAME, line no: 260,getFullPath,SIMPLE_NAME, line no: 282, 0.18181818181818182, 0.4375, 0.0, 0.18181818181818182
isShared,SIMPLE_NAME, line no: 260,FolderIndex,SIMPLE_NAME, line no: 18, 0.18181818181818182, 0.0625, 0.0, 0.18181818181818182
isShared,SIMPLE_NAME, line no: 260,children.remove(child),METHOD_INVOCATION, line no: 76, 0.18181818181818182, 0.5, 1.0, 0.18181818181818182
isShared,SIMPLE_NAME, line no: 260,permission.getUserId(),METHOD_INVOCATION, line no: 183, 0.18181818181818182, 0.3125, 0.0, 0.18181818181818182
parent.isShared,QUALIFIED_NAME, line no: 260,getCalculatedUserPermissions,SIMPLE_NAME, line no: 169, 0.17857142857142858, 0.06666666666666667, 0.0, 0.17857142857142858
parent.isShared,QUALIFIED_NAME, line no: 260,userPermission.getUserId().equalsIgnoreCase(userId),METHOD_INVOCATION, line no: 147, 0.17647058823529413, 0.4666666666666667, 0.0, 0.17647058823529413
parent.isShared,QUALIFIED_NAME, line no: 260,new StringBuilder("FolderIndex ["),CLASS_INSTANCE_CREATION, line no: 280, 0.17647058823529413, 0.4, 0.0, 0.17647058823529413
parent,SIMPLE_NAME, line no: 260,java.util.HashSet,QUALIFIED_NAME, line no: 5, 0.17647058823529413, 0.0625, 0.0, 0.17647058823529413
parent,SIMPLE_NAME, line no: 260,getProtectionKeys,SIMPLE_NAME, line no: 197, 0.17647058823529413, 0.375, 0.0, 0.17647058823529413
parent,SIMPLE_NAME, line no: 260,setProtectionKeys,SIMPLE_NAME, line no: 227, 0.17647058823529413, 0.0625, 0.0, 0.17647058823529413
parent,SIMPLE_NAME, line no: 260,getName() == null,INFIX_EXPRESSION, line no: 296, 0.17647058823529413, 0.625, 0.0, 0.17647058823529413
isShared,SIMPLE_NAME, line no: 260,setProtectionKeys,SIMPLE_NAME, line no: 227, 0.17647058823529413, 0.0625, 0.0, 0.17647058823529413
parent,SIMPLE_NAME, line no: 260,sb.append(" children="),METHOD_INVOCATION, line no: 283, 0.17391304347826086, 0.4375, 0.0, 0.17391304347826086
isShared,SIMPLE_NAME, line no: 260,org.hive2hive.core.file,QUALIFIED_NAME, line no: 9, 0.17391304347826086, 0.125, 0.0, 0.17391304347826086
isShared,SIMPLE_NAME, line no: 260,!children.remove(child),PREFIX_EXPRESSION, line no: 76, 0.17391304347826086, 0.5, 1.0, 0.17391304347826086
isShared,SIMPLE_NAME, line no: 260,userPermissions.clear(),METHOD_INVOCATION, line no: 125, 0.17391304347826086, 0.375, 0.0, 0.17391304347826086
isShared,SIMPLE_NAME, line no: 260,sb.append(" children="),METHOD_INVOCATION, line no: 283, 0.17391304347826086, 0.4375, 0.0, 0.17391304347826086
parent.isShared,QUALIFIED_NAME, line no: 260,sb.append(" children=").append(children.size()),METHOD_INVOCATION, line no: 283, 0.1702127659574468, 0.4, 0.0, 0.1702127659574468
parent.isShared,QUALIFIED_NAME, line no: 260,sb.append(" children=").append(children.size()).append("]"),METHOD_INVOCATION, line no: 283, 0.1694915254237288, 0.4, 0.0, 0.1694915254237288
parent.isShared,QUALIFIED_NAME, line no: 260,children.remove(getChildByName(child.getName())),METHOD_INVOCATION, line no: 78, 0.16666666666666666, 0.4, 0.0, 0.16666666666666666
parent.isShared,QUALIFIED_NAME, line no: 260,getCalculatedUserPermissions(),METHOD_INVOCATION, line no: 211, 0.16666666666666666, 0.6666666666666666, 0.0, 0.16666666666666666
parent.isShared,QUALIFIED_NAME, line no: 260,obj instanceof PublicKey,INSTANCEOF_EXPRESSION, line no: 303, 0.16666666666666666, 0.8666666666666667, 0.0, 0.16666666666666666
parent,SIMPLE_NAME, line no: 260,org,SIMPLE_NAME, line no: 1, 0.16666666666666666, 0.1875, 0.0, 0.16666666666666666
parent,SIMPLE_NAME, line no: 260,model,SIMPLE_NAME, line no: 1, 0.16666666666666666, 0.125, 0.0, 0.16666666666666666
parent,SIMPLE_NAME, line no: 260,java,SIMPLE_NAME, line no: 3, 0.16666666666666666, 0.1875, 0.0, 0.16666666666666666
parent,SIMPLE_NAME, line no: 260,util,SIMPLE_NAME, line no: 5, 0.16666666666666666, 0.1875, 0.0, 0.16666666666666666
parent,SIMPLE_NAME, line no: 260,java.util.Iterator,QUALIFIED_NAME, line no: 6, 0.16666666666666666, 0.0625, 0.0, 0.16666666666666666
parent,SIMPLE_NAME, line no: 260,file,SIMPLE_NAME, line no: 9, 0.16666666666666666, 0.1875, 0.0, 0.16666666666666666
parent,SIMPLE_NAME, line no: 260,Index,SIMPLE_NAME, line no: 18, 0.16666666666666666, 0.0625, 0.0, 0.16666666666666666
parent,SIMPLE_NAME, line no: 260,null,NULL_LITERAL, line no: 25, 0.16666666666666666, 0.0, 0.0, 0.16666666666666666
parent,SIMPLE_NAME, line no: 260,isRoot,SIMPLE_NAME, line no: 46, 0.16666666666666666, 0.0625, 0.0, 0.16666666666666666
parent,SIMPLE_NAME, line no: 260,add,SIMPLE_NAME, line no: 67, 0.16666666666666666, 0.5, 0.0, 0.16666666666666666
parent,SIMPLE_NAME, line no: 260,this,THIS_EXPRESSION, line no: 114, 0.16666666666666666, 0.5625, 1.0, 0.16666666666666666
parent,SIMPLE_NAME, line no: 260,this.protectionKeys=null,ASSIGNMENT, line no: 123, 0.16666666666666666, 0.375, 0.0, 0.16666666666666666
parent,SIMPLE_NAME, line no: 260,userId,SIMPLE_NAME, line no: 143, 0.16666666666666666, 0.0625, 0.0, 0.16666666666666666
parent,SIMPLE_NAME, line no: 260,iter,SIMPLE_NAME, line no: 144, 0.16666666666666666, 0.4375, 0.0, 0.16666666666666666
parent,SIMPLE_NAME, line no: 260,getUserPermissions,SIMPLE_NAME, line no: 159, 0.16666666666666666, 0.0625, 0.0, 0.16666666666666666
parent,SIMPLE_NAME, line no: 260,users,SIMPLE_NAME, line no: 181, 0.16666666666666666, 0.5, 0.0, 0.16666666666666666
parent,SIMPLE_NAME, line no: 260,addAll,SIMPLE_NAME, line no: 188, 0.16666666666666666, 0.5625, 0.0, 0.16666666666666666
parent,SIMPLE_NAME, line no: 260,equals,SIMPLE_NAME, line no: 212, 0.16666666666666666, 0.625, 0.0, 0.16666666666666666
parent,SIMPLE_NAME, line no: 260,sb.append("name="),METHOD_INVOCATION, line no: 281, 0.16666666666666666, 0.4375, 0.0, 0.16666666666666666
parent,SIMPLE_NAME, line no: 260,size,SIMPLE_NAME, line no: 283, 0.16666666666666666, 0.4375, 0.0, 0.16666666666666666
parent,SIMPLE_NAME, line no: 260,other,SIMPLE_NAME, line no: 293, 0.16666666666666666, 0.625, 0.0, 0.16666666666666666
isShared,SIMPLE_NAME, line no: 260,java.util.Iterator,QUALIFIED_NAME, line no: 6, 0.16666666666666666, 0.0625, 0.0, 0.16666666666666666
isShared,SIMPLE_NAME, line no: 260,name != null,INFIX_EXPRESSION, line no: 90, 0.16666666666666666, 0.625, 1.0, 0.16666666666666666
isShared,SIMPLE_NAME, line no: 260,this.protectionKeys=null,ASSIGNMENT, line no: 123, 0.16666666666666666, 0.375, 0.0, 0.16666666666666666
isShared,SIMPLE_NAME, line no: 260,addUserPermissions,SIMPLE_NAME, line no: 134, 0.16666666666666666, 0.0625, 0.0, 0.16666666666666666
isShared,SIMPLE_NAME, line no: 260,getUserPermissions,SIMPLE_NAME, line no: 159, 0.16666666666666666, 0.0625, 0.0, 0.16666666666666666
isShared,SIMPLE_NAME, line no: 260,obj instanceof PublicKey,INSTANCEOF_EXPRESSION, line no: 303, 0.16666666666666666, 0.875, 1.0, 0.16666666666666666
parent,SIMPLE_NAME, line no: 260,parent.getCalculatedUserPermissions(),METHOD_INVOCATION, line no: 172, 0.16216216216216217, 0.6875, 0.0, 0.16216216216216217
parent.isShared,QUALIFIED_NAME, line no: 260,permission.getPermission() == PermissionType.WRITE,INFIX_EXPRESSION, line no: 213, 0.16, 0.6, 0.0, 0.16
parent,SIMPLE_NAME, line no: 260,userPermissions.isEmpty(),METHOD_INVOCATION, line no: 171, 0.16, 0.625, 0.0, 0.16
isShared,SIMPLE_NAME, line no: 260,"This folder or any child is already shared",STRING_LITERAL, line no: 111, 0.1590909090909091, 0.1875, 0.0, 0.1590909090909091
parent,SIMPLE_NAME, line no: 260,children.add(child),METHOD_INVOCATION, line no: 67, 0.15789473684210525, 0.5, 0.0, 0.15789473684210525
parent,SIMPLE_NAME, line no: 260,this.isShared=false,ASSIGNMENT, line no: 122, 0.15789473684210525, 0.375, 0.0, 0.15789473684210525
parent,SIMPLE_NAME, line no: 260,getProtectionKeys(),METHOD_INVOCATION, line no: 197, 0.15789473684210525, 0.3125, 0.0, 0.15789473684210525
parent.isShared,QUALIFIED_NAME, line no: 260,getChildByName(child.getName()) == null,INFIX_EXPRESSION, line no: 66, 0.15384615384615385, 0.4666666666666667, 0.0, 0.15384615384615385
parent,SIMPLE_NAME, line no: 260,org.hive2hive,QUALIFIED_NAME, line no: 1, 0.15384615384615385, 0.125, 0.0, 0.15384615384615385
parent,SIMPLE_NAME, line no: 260,userPermissions.iterator(),METHOD_INVOCATION, line no: 144, 0.15384615384615385, 0.4375, 0.0, 0.15384615384615385
parent,SIMPLE_NAME, line no: 260,userPermission.getUserId(),METHOD_INVOCATION, line no: 147, 0.15384615384615385, 0.5, 0.0, 0.15384615384615385
parent,SIMPLE_NAME, line no: 260,iter.remove(),METHOD_INVOCATION, line no: 148, 0.15384615384615385, 0.25, 0.0, 0.15384615384615385
parent,SIMPLE_NAME, line no: 260,permission.getPermission(),METHOD_INVOCATION, line no: 213, 0.15384615384615385, 0.5625, 0.0, 0.15384615384615385
parent,SIMPLE_NAME, line no: 260,getPermission,SIMPLE_NAME, line no: 213, 0.15384615384615385, 0.625, 0.0, 0.15384615384615385
parent,SIMPLE_NAME, line no: 260,StringBuilder,SIMPLE_NAME, line no: 280, 0.15384615384615385, 0.4375, 0.0, 0.15384615384615385
parent,SIMPLE_NAME, line no: 260,getFullPath(),METHOD_INVOCATION, line no: 282, 0.15384615384615385, 0.4375, 0.0, 0.15384615384615385
parent,SIMPLE_NAME, line no: 260,sb.toString(),METHOD_INVOCATION, line no: 284, 0.15384615384615385, 0.5, 0.0, 0.15384615384615385
isShared,SIMPLE_NAME, line no: 260,java.security,QUALIFIED_NAME, line no: 3, 0.15384615384615385, 0.125, 0.0, 0.15384615384615385
isShared,SIMPLE_NAME, line no: 260,userPermissions.iterator(),METHOD_INVOCATION, line no: 144, 0.15384615384615385, 0.4375, 0.0, 0.15384615384615385
isShared,SIMPLE_NAME, line no: 260,userPermission.getUserId(),METHOD_INVOCATION, line no: 147, 0.15384615384615385, 0.5, 0.0, 0.15384615384615385
isShared,SIMPLE_NAME, line no: 260,getPermission,SIMPLE_NAME, line no: 213, 0.15384615384615385, 0.625, 0.0, 0.15384615384615385
isShared,SIMPLE_NAME, line no: 260,users.add(permission.getUserId()),METHOD_INVOCATION, line no: 183, 0.15151515151515152, 0.3125, 1.0, 0.15151515151515152
parent,SIMPLE_NAME, line no: 260,new HashSet<Index>(),CLASS_INSTANCE_CREATION, line no: 22, 0.15, 0.0, 0.0, 0.15
parent,SIMPLE_NAME, line no: 260,obj instanceof Index,INSTANCEOF_EXPRESSION, line no: 291, 0.15, 0.875, 0.0, 0.15
isShared,SIMPLE_NAME, line no: 260,PermissionType.WRITE,QUALIFIED_NAME, line no: 213, 0.15, 0.625, 0.0, 0.15
parent,SIMPLE_NAME, line no: 260,isSharedOrHasSharedChildren,SIMPLE_NAME, line no: 110, 0.14814814814814814, 0.5625, 0.0, 0.14814814814814814
parent,SIMPLE_NAME, line no: 260,this.protectionKeys=protectionKeys,ASSIGNMENT, line no: 115, 0.14705882352941177, 0.5625, 0.0, 0.14705882352941177
parent,SIMPLE_NAME, line no: 260,java.security.KeyPair,QUALIFIED_NAME, line no: 3, 0.14285714285714285, 0.0625, 0.0, 0.14285714285714285
parent,SIMPLE_NAME, line no: 260,getChildByName,SIMPLE_NAME, line no: 66, 0.14285714285714285, 0.5, 0.0, 0.14285714285714285
parent,SIMPLE_NAME, line no: 260,IllegalStateException,SIMPLE_NAME, line no: 107, 0.14285714285714285, 0.0625, 0.0, 0.14285714285714285
parent,SIMPLE_NAME, line no: 260,removeUserPermissions,SIMPLE_NAME, line no: 143, 0.14285714285714285, 0.0625, 0.0, 0.14285714285714285
parent,SIMPLE_NAME, line no: 260,getCalculatedUserPermissions,SIMPLE_NAME, line no: 169, 0.14285714285714285, 0.0625, 0.0, 0.14285714285714285
parent,SIMPLE_NAME, line no: 260,getCalculatedUserList,SIMPLE_NAME, line no: 179, 0.14285714285714285, 0.0625, 0.0, 0.14285714285714285
parent,SIMPLE_NAME, line no: 260,new HashSet<String>(),CLASS_INSTANCE_CREATION, line no: 181, 0.14285714285714285, 0.5, 0.0, 0.14285714285714285
parent,SIMPLE_NAME, line no: 260,PermissionType,SIMPLE_NAME, line no: 213, 0.14285714285714285, 0.6875, 0.0, 0.14285714285714285
isShared,SIMPLE_NAME, line no: 260,java.security.KeyPair,QUALIFIED_NAME, line no: 3, 0.14285714285714285, 0.0625, 0.0, 0.14285714285714285
isShared,SIMPLE_NAME, line no: 260,protectionKeys,SIMPLE_NAME, line no: 25, 0.14285714285714285, 0.0625, 0.0, 0.14285714285714285
isShared,SIMPLE_NAME, line no: 260,FileUtil.getFileSep(),METHOD_INVOCATION, line no: 91, 0.14285714285714285, 0.5625, 0.0, 0.14285714285714285
isShared,SIMPLE_NAME, line no: 260,IllegalStateException,SIMPLE_NAME, line no: 107, 0.14285714285714285, 0.0625, 0.0, 0.14285714285714285
isShared,SIMPLE_NAME, line no: 260,userPermissions.add(userPermission),METHOD_INVOCATION, line no: 135, 0.14285714285714285, 0.25, 1.0, 0.14285714285714285
isShared,SIMPLE_NAME, line no: 260,removeUserPermissions,SIMPLE_NAME, line no: 143, 0.14285714285714285, 0.0625, 0.0, 0.14285714285714285
isShared,SIMPLE_NAME, line no: 260,getCalculatedUserList,SIMPLE_NAME, line no: 179, 0.14285714285714285, 0.0625, 0.0, 0.14285714285714285
isShared,SIMPLE_NAME, line no: 260,new HashSet<String>(),CLASS_INSTANCE_CREATION, line no: 181, 0.14285714285714285, 0.5, 0.0, 0.14285714285714285
isShared,SIMPLE_NAME, line no: 260,(PublicKey)obj,CAST_EXPRESSION, line no: 305, 0.14285714285714285, 0.5625, 0.0, 0.14285714285714285
parent.isShared,QUALIFIED_NAME, line no: 260,new IllegalStateException("This folder or any child is already shared"),CLASS_INSTANCE_CREATION, line no: 111, 0.14084507042253522, 0.2, 0.0, 0.14084507042253522
parent.isShared,QUALIFIED_NAME, line no: 260,child.getName().equalsIgnoreCase(withoutSeparator),METHOD_INVOCATION, line no: 93, 0.14, 0.5333333333333333, 0.0, 0.14
parent,SIMPLE_NAME, line no: 260,parent != null && userPermissions.isEmpty(),INFIX_EXPRESSION, line no: 171, 0.13953488372093023, 0.625, 0.0, 0.13953488372093023
parent.isShared,QUALIFIED_NAME, line no: 260,getFilePublicKey().equals(publicKey),METHOD_INVOCATION, line no: 306, 0.1388888888888889, 0.6, 0.0, 0.1388888888888889
parent,SIMPLE_NAME, line no: 260,new HashSet<UserPermission>(),CLASS_INSTANCE_CREATION, line no: 23, 0.13793103448275862, 0.0, 0.0, 0.13793103448275862
parent,SIMPLE_NAME, line no: 260,isSharedOrHasSharedChildren(),METHOD_INVOCATION, line no: 110, 0.13793103448275862, 0.5625, 0.0, 0.13793103448275862
isShared,SIMPLE_NAME, line no: 260,new HashSet<UserPermission>(),CLASS_INSTANCE_CREATION, line no: 23, 0.13793103448275862, 0.0, 0.0, 0.13793103448275862
parent.isShared,QUALIFIED_NAME, line no: 260,getFilePublicKey().equals(other.getFilePublicKey()),METHOD_INVOCATION, line no: 294, 0.13725490196078433, 0.6, 0.0, 0.13725490196078433
parent,SIMPLE_NAME, line no: 260,children.remove(child),METHOD_INVOCATION, line no: 76, 0.13636363636363635, 0.5, 0.0, 0.13636363636363635
parent,SIMPLE_NAME, line no: 260,users.addAll(parent.getCalculatedUserList()),METHOD_INVOCATION, line no: 188, 0.13636363636363635, 0.5625, 0.0, 0.13636363636363635
isShared,SIMPLE_NAME, line no: 260,permission.getUserId().equals(userId),METHOD_INVOCATION, line no: 212, 0.13513513513513514, 0.625, 1.0, 0.13513513513513514
parent.isShared,QUALIFIED_NAME, line no: 260,core,SIMPLE_NAME, line no: 1, 0.13333333333333333, 0.2, 0.0, 0.13333333333333333
parent.isShared,QUALIFIED_NAME, line no: 260,java,SIMPLE_NAME, line no: 3, 0.13333333333333333, 0.2, 0.0, 0.13333333333333333
parent.isShared,QUALIFIED_NAME, line no: 260,security,SIMPLE_NAME, line no: 3, 0.13333333333333333, 0.2, 0.0, 0.13333333333333333
parent.isShared,QUALIFIED_NAME, line no: 260,PublicKey,SIMPLE_NAME, line no: 4, 0.13333333333333333, 0.13333333333333333, 0.0, 0.13333333333333333
parent.isShared,QUALIFIED_NAME, line no: 260,util,SIMPLE_NAME, line no: 5, 0.13333333333333333, 0.2, 0.0, 0.13333333333333333
parent.isShared,QUALIFIED_NAME, line no: 260,Set,SIMPLE_NAME, line no: 7, 0.13333333333333333, 0.13333333333333333, 0.0, 0.13333333333333333
parent.isShared,QUALIFIED_NAME, line no: 260,file,SIMPLE_NAME, line no: 9, 0.13333333333333333, 0.2, 0.0, 0.13333333333333333
parent.isShared,QUALIFIED_NAME, line no: 260,Index,SIMPLE_NAME, line no: 18, 0.13333333333333333, 0.06666666666666667, 0.0, 0.13333333333333333
parent.isShared,QUALIFIED_NAME, line no: 260,String,SIMPLE_NAME, line no: 37, 0.13333333333333333, 0.06666666666666667, 0.0, 0.13333333333333333
parent.isShared,QUALIFIED_NAME, line no: 260,isRoot,SIMPLE_NAME, line no: 46, 0.13333333333333333, 0.06666666666666667, 1.0, 0.13333333333333333
parent.isShared,QUALIFIED_NAME, line no: 260,child,SIMPLE_NAME, line no: 64, 0.13333333333333333, 0.06666666666666667, 0.0, 0.13333333333333333
parent.isShared,QUALIFIED_NAME, line no: 260,add,SIMPLE_NAME, line no: 67, 0.13333333333333333, 0.4666666666666667, 1.0, 0.13333333333333333
parent.isShared,QUALIFIED_NAME, line no: 260,isRoot(),METHOD_INVOCATION, line no: 108, 0.13333333333333333, 0.5333333333333333, 0.0, 0.13333333333333333
parent.isShared,QUALIFIED_NAME, line no: 260,iter,SIMPLE_NAME, line no: 144, 0.13333333333333333, 0.4, 0.0, 0.13333333333333333
parent.isShared,QUALIFIED_NAME, line no: 260,next,SIMPLE_NAME, line no: 146, 0.13333333333333333, 0.4, 0.0, 0.13333333333333333
parent.isShared,QUALIFIED_NAME, line no: 260,isEmpty,SIMPLE_NAME, line no: 171, 0.13333333333333333, 0.6, 1.0, 0.13333333333333333
parent.isShared,QUALIFIED_NAME, line no: 260,users,SIMPLE_NAME, line no: 181, 0.13333333333333333, 0.4666666666666667, 0.0, 0.13333333333333333
parent.isShared,QUALIFIED_NAME, line no: 260,addAll,SIMPLE_NAME, line no: 188, 0.13333333333333333, 0.5333333333333333, 1.0, 0.13333333333333333
parent.isShared,QUALIFIED_NAME, line no: 260,equals,SIMPLE_NAME, line no: 212, 0.13333333333333333, 0.6, 1.0, 0.13333333333333333
parent.isShared,QUALIFIED_NAME, line no: 260,size,SIMPLE_NAME, line no: 283, 0.13333333333333333, 0.4, 0.0, 0.13333333333333333
parent.isShared,QUALIFIED_NAME, line no: 260,Object,SIMPLE_NAME, line no: 288, 0.13333333333333333, 0.06666666666666667, 0.0, 0.13333333333333333
parent.isShared,QUALIFIED_NAME, line no: 260,(Index)obj,CAST_EXPRESSION, line no: 293, 0.13333333333333333, 0.6, 0.0, 0.13333333333333333
parent.isShared,QUALIFIED_NAME, line no: 260,(PublicKey)obj,CAST_EXPRESSION, line no: 305, 0.13333333333333333, 0.5333333333333333, 0.0, 0.13333333333333333
parent,SIMPLE_NAME, line no: 260,child.getName(),METHOD_INVOCATION, line no: 66, 0.13333333333333333, 0.5, 0.0, 0.13333333333333333
parent,SIMPLE_NAME, line no: 260,getCalculatedUserPermissions(),METHOD_INVOCATION, line no: 211, 0.13333333333333333, 0.6875, 0.0, 0.13333333333333333
parent,SIMPLE_NAME, line no: 260,"FolderIndex [",STRING_LITERAL, line no: 280, 0.13333333333333333, 0.4375, 0.0, 0.13333333333333333
isShared,SIMPLE_NAME, line no: 260,parent.getCalculatedUserList(),METHOD_INVOCATION, line no: 188, 0.13333333333333333, 0.5625, 0.0, 0.13333333333333333
isShared,SIMPLE_NAME, line no: 260,"FolderIndex [",STRING_LITERAL, line no: 280, 0.13333333333333333, 0.4375, 0.0, 0.13333333333333333
parent,SIMPLE_NAME, line no: 260,java.security.PublicKey,QUALIFIED_NAME, line no: 4, 0.13043478260869565, 0.0625, 0.0, 0.13043478260869565
parent,SIMPLE_NAME, line no: 260,!children.remove(child),PREFIX_EXPRESSION, line no: 76, 0.13043478260869565, 0.5, 0.0, 0.13043478260869565
parent,SIMPLE_NAME, line no: 260,userPermissions.clear(),METHOD_INVOCATION, line no: 125, 0.13043478260869565, 0.375, 0.0, 0.13043478260869565
parent,SIMPLE_NAME, line no: 260,other.getName() == null,INFIX_EXPRESSION, line no: 298, 0.13043478260869565, 0.4375, 0.0, 0.13043478260869565
isShared,SIMPLE_NAME, line no: 260,java.security.PublicKey,QUALIFIED_NAME, line no: 4, 0.13043478260869565, 0.0625, 0.0, 0.13043478260869565
isShared,SIMPLE_NAME, line no: 260,other.getName() == null,INFIX_EXPRESSION, line no: 298, 0.13043478260869565, 0.4375, 1.0, 0.13043478260869565
parent,SIMPLE_NAME, line no: 260,sb.append("name=").append(name),METHOD_INVOCATION, line no: 281, 0.12903225806451613, 0.4375, 0.0, 0.12903225806451613
isShared,SIMPLE_NAME, line no: 260,getChildByName(child.getName()),METHOD_INVOCATION, line no: 66, 0.12903225806451613, 0.5, 0.0, 0.12903225806451613
isShared,SIMPLE_NAME, line no: 260,sb.append("name=").append(name),METHOD_INVOCATION, line no: 281, 0.12903225806451613, 0.4375, 0.0, 0.12903225806451613
isShared,SIMPLE_NAME, line no: 260,new IllegalStateException("Root node can't be shared."),CLASS_INSTANCE_CREATION, line no: 109, 0.12727272727272726, 0.5625, 0.0, 0.12727272727272726
parent,SIMPLE_NAME, line no: 260,addChild,SIMPLE_NAME, line no: 64, 0.125, 0.0625, 0.0, 0.125
parent,SIMPLE_NAME, line no: 260,isRoot(),METHOD_INVOCATION, line no: 108, 0.125, 0.5625, 0.0, 0.125
parent,SIMPLE_NAME, line no: 260,isFolder,SIMPLE_NAME, line no: 274, 0.125, 0.0625, 0.0, 0.125
parent,SIMPLE_NAME, line no: 260,getFilePublicKey,SIMPLE_NAME, line no: 294, 0.125, 0.625, 0.0, 0.125
parent,SIMPLE_NAME, line no: 260,other.getFilePublicKey(),METHOD_INVOCATION, line no: 294, 0.125, 0.625, 0.0, 0.125
isShared,SIMPLE_NAME, line no: 260,org,SIMPLE_NAME, line no: 1, 0.125, 0.1875, 0.0, 0.125
isShared,SIMPLE_NAME, line no: 260,model,SIMPLE_NAME, line no: 1, 0.125, 0.125, 0.0, 0.125
isShared,SIMPLE_NAME, line no: 260,java,SIMPLE_NAME, line no: 3, 0.125, 0.1875, 0.0, 0.125
isShared,SIMPLE_NAME, line no: 260,util,SIMPLE_NAME, line no: 5, 0.125, 0.1875, 0.0, 0.125
isShared,SIMPLE_NAME, line no: 260,org.hive2hive.core.file.FileUtil,QUALIFIED_NAME, line no: 9, 0.125, 0.0625, 0.0, 0.125
isShared,SIMPLE_NAME, line no: 260,Index,SIMPLE_NAME, line no: 18, 0.125, 0.0625, 0.0, 0.125
isShared,SIMPLE_NAME, line no: 260,next,SIMPLE_NAME, line no: 146, 0.125, 0.4375, 0.0, 0.125
isShared,SIMPLE_NAME, line no: 260,equals,SIMPLE_NAME, line no: 212, 0.125, 0.625, 1.0, 0.125
isShared,SIMPLE_NAME, line no: 260,sb,SIMPLE_NAME, line no: 280, 0.125, 0.4375, 0.0, 0.125
isShared,SIMPLE_NAME, line no: 260," path=",STRING_LITERAL, line no: 282, 0.125, 0.4375, 0.0, 0.125
isShared,SIMPLE_NAME, line no: 260,Object,SIMPLE_NAME, line no: 288, 0.125, 0.0625, 0.0, 0.125
isShared,SIMPLE_NAME, line no: 260,getFilePublicKey,SIMPLE_NAME, line no: 294, 0.125, 0.625, 0.0, 0.125
isShared,SIMPLE_NAME, line no: 260,other.getFilePublicKey(),METHOD_INVOCATION, line no: 294, 0.125, 0.625, 0.0, 0.125
parent,SIMPLE_NAME, line no: 260,sb.append(" path=").append(getFullPath()),METHOD_INVOCATION, line no: 282, 0.12195121951219512, 0.4375, 0.0, 0.12195121951219512
isShared,SIMPLE_NAME, line no: 260,sb.append(" path=").append(getFullPath()),METHOD_INVOCATION, line no: 282, 0.12195121951219512, 0.4375, 0.0, 0.12195121951219512
parent,SIMPLE_NAME, line no: 260,users.add(permission.getUserId()),METHOD_INVOCATION, line no: 183, 0.12121212121212122, 0.3125, 0.0, 0.12121212121212122
parent,SIMPLE_NAME, line no: 260,getName().equals(other.getName()),METHOD_INVOCATION, line no: 301, 0.12121212121212122, 0.6875, 0.0, 0.12121212121212122
isShared,SIMPLE_NAME, line no: 260,getName().equals(other.getName()),METHOD_INVOCATION, line no: 301, 0.12121212121212122, 0.6875, 1.0, 0.12121212121212122
isShared,SIMPLE_NAME, line no: 260,userPermissions.isEmpty(),METHOD_INVOCATION, line no: 171, 0.12, 0.625, 1.0, 0.12
isShared,SIMPLE_NAME, line no: 260,this.protectionKeys=protectionKeys,ASSIGNMENT, line no: 115, 0.11764705882352941, 0.5625, 0.0, 0.11764705882352941
isShared,SIMPLE_NAME, line no: 260,userPermission.getUserId().equalsIgnoreCase(userId),METHOD_INVOCATION, line no: 147, 0.11764705882352941, 0.5, 1.0, 0.11764705882352941
isShared,SIMPLE_NAME, line no: 260,getProtectionKeys,SIMPLE_NAME, line no: 197, 0.11764705882352941, 0.375, 0.0, 0.11764705882352941
isShared,SIMPLE_NAME, line no: 260,new StringBuilder("FolderIndex ["),CLASS_INSTANCE_CREATION, line no: 280, 0.11764705882352941, 0.4375, 0.0, 0.11764705882352941
isShared,SIMPLE_NAME, line no: 260,getName() == null,INFIX_EXPRESSION, line no: 296, 0.11764705882352941, 0.625, 1.0, 0.11764705882352941
isShared,SIMPLE_NAME, line no: 260,permission.getPermission(),METHOD_INVOCATION, line no: 213, 0.11538461538461539, 0.5625, 0.0, 0.11538461538461539
isShared,SIMPLE_NAME, line no: 260,parent.getProtectionKeys(),METHOD_INVOCATION, line no: 240, 0.11538461538461539, 0.375, 0.0, 0.11538461538461539
parent,SIMPLE_NAME, line no: 260,userPermissions.add(userPermission),METHOD_INVOCATION, line no: 135, 0.11428571428571428, 0.25, 0.0, 0.11428571428571428
isShared,SIMPLE_NAME, line no: 260,users.addAll(parent.getCalculatedUserList()),METHOD_INVOCATION, line no: 188, 0.11363636363636363, 0.5625, 1.0, 0.11363636363636363
parent,SIMPLE_NAME, line no: 260,org.hive2hive.core,QUALIFIED_NAME, line no: 1, 0.1111111111111111, 0.125, 0.0, 0.1111111111111111
parent,SIMPLE_NAME, line no: 260,hive2hive,SIMPLE_NAME, line no: 1, 0.1111111111111111, 0.1875, 0.0, 0.1111111111111111
parent,SIMPLE_NAME, line no: 260,PublicKey,SIMPLE_NAME, line no: 4, 0.1111111111111111, 0.125, 0.0, 0.1111111111111111
parent,SIMPLE_NAME, line no: 260,getProtectionKeys() != null,INFIX_EXPRESSION, line no: 197, 0.1111111111111111, 0.3125, 0.0, 0.1111111111111111
parent,SIMPLE_NAME, line no: 260,getFilePublicKey(),METHOD_INVOCATION, line no: 294, 0.1111111111111111, 0.625, 0.0, 0.1111111111111111
isShared,SIMPLE_NAME, line no: 260,java.util,QUALIFIED_NAME, line no: 5, 0.1111111111111111, 0.125, 0.0, 0.1111111111111111
isShared,SIMPLE_NAME, line no: 260,getFilePublicKey(),METHOD_INVOCATION, line no: 294, 0.1111111111111111, 0.625, 0.0, 0.1111111111111111
parent,SIMPLE_NAME, line no: 260,permission.getUserId().equals(userId),METHOD_INVOCATION, line no: 212, 0.10810810810810811, 0.625, 0.0, 0.10810810810810811
isShared,SIMPLE_NAME, line no: 260,parent.getCalculatedUserPermissions(),METHOD_INVOCATION, line no: 172, 0.10810810810810811, 0.6875, 0.0, 0.10810810810810811
parent,SIMPLE_NAME, line no: 260,"Root node can't be shared.",STRING_LITERAL, line no: 109, 0.10714285714285714, 0.5625, 0.0, 0.10714285714285714
isShared,SIMPLE_NAME, line no: 260,getCalculatedUserPermissions,SIMPLE_NAME, line no: 169, 0.10714285714285714, 0.0625, 0.0, 0.10714285714285714
parent,SIMPLE_NAME, line no: 260,sb.append(" children=").append(children.size()),METHOD_INVOCATION, line no: 283, 0.10638297872340426, 0.4375, 0.0, 0.10638297872340426
isShared,SIMPLE_NAME, line no: 260,sb.append(" children=").append(children.size()),METHOD_INVOCATION, line no: 283, 0.10638297872340426, 0.4375, 0.0, 0.10638297872340426
isShared,SIMPLE_NAME, line no: 260,getProtectionKeys(),METHOD_INVOCATION, line no: 197, 0.10526315789473684, 0.3125, 0.0, 0.10526315789473684
isShared,SIMPLE_NAME, line no: 260,children.remove(getChildByName(child.getName())),METHOD_INVOCATION, line no: 78, 0.10416666666666667, 0.4375, 1.0, 0.10416666666666667
isShared,SIMPLE_NAME, line no: 260,getChildByName(child.getName()) == null,INFIX_EXPRESSION, line no: 66, 0.10256410256410256, 0.5, 1.0, 0.10256410256410256
isShared,SIMPLE_NAME, line no: 260,sb.append(" children=").append(children.size()).append("]"),METHOD_INVOCATION, line no: 283, 0.1016949152542373, 0.4375, 0.0, 0.1016949152542373
parent,SIMPLE_NAME, line no: 260,PermissionType.WRITE,QUALIFIED_NAME, line no: 213, 0.1, 0.625, 0.0, 0.1
parent,SIMPLE_NAME, line no: 260,(Index)obj,CAST_EXPRESSION, line no: 293, 0.1, 0.625, 0.0, 0.1
isShared,SIMPLE_NAME, line no: 260,child.getName().equalsIgnoreCase(withoutSeparator),METHOD_INVOCATION, line no: 93, 0.1, 0.5625, 1.0, 0.1
isShared,SIMPLE_NAME, line no: 260,getCalculatedUserPermissions(),METHOD_INVOCATION, line no: 211, 0.1, 0.6875, 0.0, 0.1
isShared,SIMPLE_NAME, line no: 260,(Index)obj,CAST_EXPRESSION, line no: 293, 0.1, 0.625, 0.0, 0.1
isShared,SIMPLE_NAME, line no: 260,new IllegalStateException("This folder or any child is already shared"),CLASS_INSTANCE_CREATION, line no: 111, 0.09859154929577464, 0.1875, 0.0, 0.09859154929577464
isShared,SIMPLE_NAME, line no: 260,getFilePublicKey().equals(other.getFilePublicKey()),METHOD_INVOCATION, line no: 294, 0.09803921568627451, 0.625, 1.0, 0.09803921568627451
parent,SIMPLE_NAME, line no: 260,name.replaceAll(FileUtil.getFileSep() ""),METHOD_INVOCATION, line no: 91, 0.0975609756097561, 0.5625, 0.0, 0.0975609756097561
parent,SIMPLE_NAME, line no: 260,getChildByName(child.getName()),METHOD_INVOCATION, line no: 66, 0.0967741935483871, 0.5, 0.0, 0.0967741935483871
parent,SIMPLE_NAME, line no: 260,FileUtil.getFileSep(),METHOD_INVOCATION, line no: 91, 0.09523809523809523, 0.5625, 0.0, 0.09523809523809523
parent,SIMPLE_NAME, line no: 260,org.hive2hive.core.file.FileUtil,QUALIFIED_NAME, line no: 9, 0.09375, 0.0625, 0.0, 0.09375
parent,SIMPLE_NAME, line no: 260,obj == null,INFIX_EXPRESSION, line no: 289, 0.09090909090909091, 0.875, 0.0, 0.09090909090909091
isShared,SIMPLE_NAME, line no: 260,protectionKeys == null,INFIX_EXPRESSION, line no: 238, 0.09090909090909091, 0.6875, 1.0, 0.09090909090909091
isShared,SIMPLE_NAME, line no: 260,getFullPath,SIMPLE_NAME, line no: 282, 0.09090909090909091, 0.4375, 0.0, 0.09090909090909091
parent,SIMPLE_NAME, line no: 260,new StringBuilder("FolderIndex ["),CLASS_INSTANCE_CREATION, line no: 280, 0.08823529411764706, 0.4375, 0.0, 0.08823529411764706
parent,SIMPLE_NAME, line no: 260,org.hive2hive.core.file,QUALIFIED_NAME, line no: 9, 0.08695652173913043, 0.125, 0.0, 0.08695652173913043
parent,SIMPLE_NAME, line no: 260,sb.append(" children=").append(children.size()).append("]"),METHOD_INVOCATION, line no: 283, 0.0847457627118644, 0.4375, 0.0, 0.0847457627118644
parent,SIMPLE_NAME, line no: 260,org.hive2hive.core.model,QUALIFIED_NAME, line no: 1, 0.08333333333333333, 0.0625, 0.0, 0.08333333333333333
parent,SIMPLE_NAME, line no: 260,children.remove(getChildByName(child.getName())),METHOD_INVOCATION, line no: 78, 0.08333333333333333, 0.4375, 0.0, 0.08333333333333333
parent,SIMPLE_NAME, line no: 260,obj instanceof PublicKey,INSTANCEOF_EXPRESSION, line no: 303, 0.08333333333333333, 0.875, 0.0, 0.08333333333333333
isShared,SIMPLE_NAME, line no: 260,getFilePublicKey().equals(publicKey),METHOD_INVOCATION, line no: 306, 0.08333333333333333, 0.625, 1.0, 0.08333333333333333
parent,SIMPLE_NAME, line no: 260,child.getName().equalsIgnoreCase(withoutSeparator),METHOD_INVOCATION, line no: 93, 0.08, 0.5625, 0.0, 0.08
parent,SIMPLE_NAME, line no: 260,permission.getPermission() == PermissionType.WRITE,INFIX_EXPRESSION, line no: 213, 0.08, 0.5625, 0.0, 0.08
isShared,SIMPLE_NAME, line no: 260,permission.getPermission() == PermissionType.WRITE,INFIX_EXPRESSION, line no: 213, 0.08, 0.5625, 1.0, 0.08
parent,SIMPLE_NAME, line no: 260,userPermission.getUserId().equalsIgnoreCase(userId),METHOD_INVOCATION, line no: 147, 0.0784313725490196, 0.5, 0.0, 0.0784313725490196
parent,SIMPLE_NAME, line no: 260,getFilePublicKey().equals(other.getFilePublicKey()),METHOD_INVOCATION, line no: 294, 0.0784313725490196, 0.625, 0.0, 0.0784313725490196
parent,SIMPLE_NAME, line no: 260,getChildByName(child.getName()) == null,INFIX_EXPRESSION, line no: 66, 0.07692307692307693, 0.5, 0.0, 0.07692307692307693
isShared,SIMPLE_NAME, line no: 260,getFullPath(),METHOD_INVOCATION, line no: 282, 0.07692307692307693, 0.4375, 0.0, 0.07692307692307693
isShared,SIMPLE_NAME, line no: 260,getProtectionKeys() != null,INFIX_EXPRESSION, line no: 197, 0.07407407407407407, 0.3125, 1.0, 0.07407407407407407
isShared,SIMPLE_NAME, line no: 260,name.replaceAll(FileUtil.getFileSep() ""),METHOD_INVOCATION, line no: 91, 0.07317073170731707, 0.5625, 0.0, 0.07317073170731707
parent,SIMPLE_NAME, line no: 260,new IllegalStateException("Root node can't be shared."),CLASS_INSTANCE_CREATION, line no: 109, 0.07272727272727272, 0.5625, 0.0, 0.07272727272727272
parent,SIMPLE_NAME, line no: 260,(PublicKey)obj,CAST_EXPRESSION, line no: 305, 0.07142857142857142, 0.5625, 0.0, 0.07142857142857142
isShared,SIMPLE_NAME, line no: 260,parent != null && userPermissions.isEmpty(),INFIX_EXPRESSION, line no: 171, 0.06976744186046512, 0.625, 1.0, 0.06976744186046512
parent,SIMPLE_NAME, line no: 260,"This folder or any child is already shared",STRING_LITERAL, line no: 111, 0.06818181818181818, 0.1875, 0.0, 0.06818181818181818
parent.isShared,QUALIFIED_NAME, line no: 260,org,SIMPLE_NAME, line no: 1, 0.06666666666666667, 0.2, 0.0, 0.06666666666666667
parent.isShared,QUALIFIED_NAME, line no: 260,model,SIMPLE_NAME, line no: 1, 0.06666666666666667, 0.13333333333333333, 0.0, 0.06666666666666667
parent.isShared,QUALIFIED_NAME, line no: 260,null,NULL_LITERAL, line no: 25, 0.06666666666666667, 0.0, 0.0, 0.06666666666666667
parent.isShared,QUALIFIED_NAME, line no: 260,sb,SIMPLE_NAME, line no: 280, 0.06666666666666667, 0.4, 0.0, 0.06666666666666667
parent.isShared,QUALIFIED_NAME, line no: 260,obj == null,INFIX_EXPRESSION, line no: 289, 0.06666666666666667, 0.8666666666666667, 0.0, 0.06666666666666667
parent,SIMPLE_NAME, line no: 260,new IllegalStateException("This folder or any child is already shared"),CLASS_INSTANCE_CREATION, line no: 111, 0.056338028169014086, 0.1875, 0.0, 0.056338028169014086
parent,SIMPLE_NAME, line no: 260,getFilePublicKey().equals(publicKey),METHOD_INVOCATION, line no: 306, 0.05555555555555555, 0.625, 0.0, 0.05555555555555555
