catalog.get(name) != null,INFIX_EXPRESSION, line no: 1463,equals,SIMPLE_NAME, line no: 61, 1.0, 0.06666666666666667, 1.0
catalog.get(name) != null,INFIX_EXPRESSION, line no: 1463,catalog.get(name),METHOD_INVOCATION, line no: 93, 1.0, 0.5333333333333333, 1.0
catalog.get(name) != null,INFIX_EXPRESSION, line no: 1463,catalog.tailMap(oldName),METHOD_INVOCATION, line no: 1433, 1.0, 1.0, 1.0
catalog.get(name) != null,INFIX_EXPRESSION, line no: 1463,isEmpty,SIMPLE_NAME, line no: 1443, 1.0, 1.0, 1.0
catalog.get(name) != null,INFIX_EXPRESSION, line no: 1463,catalog.remove(param),METHOD_INVOCATION, line no: 1453, 1.0, 1.0, 1.0
catalog.get(name),METHOD_INVOCATION, line no: 1463,Object,SIMPLE_NAME, line no: 45, 1.0, 0.0625, 1.0
catalog.get(name),METHOD_INVOCATION, line no: 1463,get,SIMPLE_NAME, line no: 93, 1.0, 0.5625, 1.0
catalog.get(name),METHOD_INVOCATION, line no: 1463,remove,SIMPLE_NAME, line no: 1401, 1.0, 0.5, 1.0
catalog.get(name),METHOD_INVOCATION, line no: 1463,catalog.tailMap(oldName),METHOD_INVOCATION, line no: 1433, 1.0, 1.0, 1.0
catalog.get(name),METHOD_INVOCATION, line no: 1463,catalog.remove(param),METHOD_INVOCATION, line no: 1453, 1.0, 1.0, 1.0
catalog,SIMPLE_NAME, line no: 1463,catalog.tailMap(oldName),METHOD_INVOCATION, line no: 1433, 1.0, 1.0, 1.0
catalog,SIMPLE_NAME, line no: 1463,tailMap,SIMPLE_NAME, line no: 1433, 1.0, 1.0, 1.0
get,SIMPLE_NAME, line no: 1463,Object,SIMPLE_NAME, line no: 45, 1.0, 0.058823529411764705, 1.0
get,SIMPLE_NAME, line no: 1463,remove,SIMPLE_NAME, line no: 1401, 1.0, 0.5294117647058824, 1.0
get,SIMPLE_NAME, line no: 1463,catalog.remove(param),METHOD_INVOCATION, line no: 1453, 1.0, 1.0, 1.0
name,SIMPLE_NAME, line no: 1463,String,SIMPLE_NAME, line no: 38, 1.0, 0.058823529411764705, 1.0
name,SIMPLE_NAME, line no: 1463,name + ".type",INFIX_EXPRESSION, line no: 222, 1.0, 0.7647058823529411, 1.0
name,SIMPLE_NAME, line no: 1463,".type",STRING_LITERAL, line no: 222, 1.0, 0.7647058823529411, 1.0
name,SIMPLE_NAME, line no: 1463,type,SIMPLE_NAME, line no: 350, 1.0, 0.9411764705882353, 1.0
name,SIMPLE_NAME, line no: 1463,catGet,SIMPLE_NAME, line no: 350, 1.0, 0.9411764705882353, 1.0
name,SIMPLE_NAME, line no: 1463,"HashMap",STRING_LITERAL, line no: 364, 1.0, 0.9411764705882353, 1.0
name,SIMPLE_NAME, line no: 1463,"HashSet",STRING_LITERAL, line no: 484, 1.0, 0.9411764705882353, 1.0
name,SIMPLE_NAME, line no: 1463,"TreeMap",STRING_LITERAL, line no: 794, 1.0, 0.9411764705882353, 1.0
name,SIMPLE_NAME, line no: 1463,"TreeSet",STRING_LITERAL, line no: 931, 1.0, 0.9411764705882353, 1.0
name,SIMPLE_NAME, line no: 1463,"Queue",STRING_LITERAL, line no: 1009, 1.0, 0.9411764705882353, 1.0
name,SIMPLE_NAME, line no: 1463,"Stack",STRING_LITERAL, line no: 1058, 1.0, 0.9411764705882353, 1.0
name,SIMPLE_NAME, line no: 1463,"CircularQueue",STRING_LITERAL, line no: 1105, 1.0, 0.9411764705882353, 1.0
name,SIMPLE_NAME, line no: 1463,"AtomicLong",STRING_LITERAL, line no: 1159, 1.0, 0.7058823529411765, 1.0
name,SIMPLE_NAME, line no: 1463,"AtomicInteger",STRING_LITERAL, line no: 1196, 1.0, 0.7058823529411765, 1.0
name,SIMPLE_NAME, line no: 1463,"AtomicBoolean",STRING_LITERAL, line no: 1233, 1.0, 0.7058823529411765, 1.0
name,SIMPLE_NAME, line no: 1463,initValue,SIMPLE_NAME, line no: 1267, 1.0, 0.058823529411764705, 1.0
name,SIMPLE_NAME, line no: 1463,"initValue may not be null",STRING_LITERAL, line no: 1269, 1.0, 1.0, 1.0
name,SIMPLE_NAME, line no: 1463,"AtomicString",STRING_LITERAL, line no: 1274, 1.0, 0.9411764705882353, 1.0
name,SIMPLE_NAME, line no: 1463,"AtomicVar",STRING_LITERAL, line no: 1311, 1.0, 0.8823529411764706, 1.0
name,SIMPLE_NAME, line no: 1463,catGet(name + ".type"),METHOD_INVOCATION, line no: 1342, 1.0, 1.0, 1.0
name,SIMPLE_NAME, line no: 1463,"Unknown type: " + name,INFIX_EXPRESSION, line no: 1356, 1.0, 1.0, 1.0
name,SIMPLE_NAME, line no: 1463,"Unknown type: ",STRING_LITERAL, line no: 1356, 1.0, 1.0, 1.0
name,SIMPLE_NAME, line no: 1463,oldName,SIMPLE_NAME, line no: 1430, 1.0, 0.058823529411764705, 1.0
name,SIMPLE_NAME, line no: 1463,newName,SIMPLE_NAME, line no: 1430, 1.0, 0.058823529411764705, 1.0
name,SIMPLE_NAME, line no: 1463,param,SIMPLE_NAME, line no: 1436, 1.0, 1.0, 1.0
name,SIMPLE_NAME, line no: 1463,"Could not rename  name does not exist: " + oldName,INFIX_EXPRESSION, line no: 1443, 1.0, 1.0, 1.0
name,SIMPLE_NAME, line no: 1463,"Could not rename  name does not exist: ",STRING_LITERAL, line no: 1443, 1.0, 1.0, 1.0
get,SIMPLE_NAME, line no: 1463,catalog.get(name),METHOD_INVOCATION, line no: 93, 0.9411764705882353, 0.5882352941176471, 1.0
get,SIMPLE_NAME, line no: 1463,put,SIMPLE_NAME, line no: 105, 0.9411764705882353, 0.47058823529411764, 1.0
get,SIMPLE_NAME, line no: 1463,catGet,SIMPLE_NAME, line no: 222, 0.9411764705882353, 0.7647058823529411, 1.0
get,SIMPLE_NAME, line no: 1463,getFromWeakCollection(name),METHOD_INVOCATION, line no: 348, 0.9411764705882353, 0.9411764705882353, 1.0
get,SIMPLE_NAME, line no: 1463,getFromWeakCollection,SIMPLE_NAME, line no: 348, 0.9411764705882353, 0.9411764705882353, 1.0
get,SIMPLE_NAME, line no: 1463,catGet(name + ".counterRecid"),METHOD_INVOCATION, line no: 367, 0.9411764705882353, 0.9411764705882353, 1.0
get,SIMPLE_NAME, line no: 1463,catGet(name + ".hashSalt"),METHOD_INVOCATION, line no: 368, 0.9411764705882353, 0.9411764705882353, 1.0
get,SIMPLE_NAME, line no: 1463,catGet(name + ".segmentRecids"),METHOD_INVOCATION, line no: 369, 0.9411764705882353, 0.9411764705882353, 1.0
get,SIMPLE_NAME, line no: 1463,catGet(name + ".expireHeads" null),METHOD_INVOCATION, line no: 377, 0.9411764705882353, 0.9411764705882353, 1.0
get,SIMPLE_NAME, line no: 1463,catGet(name + ".expireTails" null),METHOD_INVOCATION, line no: 378, 0.9411764705882353, 0.9411764705882353, 1.0
get,SIMPLE_NAME, line no: 1463,namedPut(name ret),METHOD_INVOCATION, line no: 383, 0.9411764705882353, 0.9411764705882353, 1.0
get,SIMPLE_NAME, line no: 1463,namedPut,SIMPLE_NAME, line no: 383, 0.9411764705882353, 0.9411764705882353, 1.0
get,SIMPLE_NAME, line no: 1463,catalog.put(name + ".type" "HashMap"),METHOD_INVOCATION, line no: 454, 0.9411764705882353, 0.9411764705882353, 1.0
get,SIMPLE_NAME, line no: 1463,catalog.put(name + ".type" "HashSet"),METHOD_INVOCATION, line no: 549, 0.9411764705882353, 0.9411764705882353, 1.0
get,SIMPLE_NAME, line no: 1463,namedPut(name ret2),METHOD_INVOCATION, line no: 550, 0.9411764705882353, 0.9411764705882353, 1.0
get,SIMPLE_NAME, line no: 1463,catGet(name + ".rootRecidRef"),METHOD_INVOCATION, line no: 797, 0.9411764705882353, 0.9411764705882353, 1.0
get,SIMPLE_NAME, line no: 1463,catalog.put(name + ".type" "TreeMap"),METHOD_INVOCATION, line no: 858, 0.9411764705882353, 0.9411764705882353, 1.0
get,SIMPLE_NAME, line no: 1463,catalog.put(m.name + ".type" "TreeSet"),METHOD_INVOCATION, line no: 989, 0.9411764705882353, 0.9411764705882353, 1.0
get,SIMPLE_NAME, line no: 1463,namedPut(m.name ret),METHOD_INVOCATION, line no: 990, 0.9411764705882353, 0.9411764705882353, 1.0
get,SIMPLE_NAME, line no: 1463,catGet(name + ".headRecid"),METHOD_INVOCATION, line no: 1013, 0.9411764705882353, 0.9411764705882353, 1.0
get,SIMPLE_NAME, line no: 1463,catGet(name + ".tailRecid"),METHOD_INVOCATION, line no: 1014, 0.9411764705882353, 0.9411764705882353, 1.0
get,SIMPLE_NAME, line no: 1463,catGet(name + ".useLocks"),METHOD_INVOCATION, line no: 1015, 0.9411764705882353, 0.9411764705882353, 1.0
get,SIMPLE_NAME, line no: 1463,catGet(name + ".headInsertRecid"),METHOD_INVOCATION, line no: 1110, 0.9411764705882353, 0.9411764705882353, 1.0
get,SIMPLE_NAME, line no: 1463,catGet(name + ".size"),METHOD_INVOCATION, line no: 1111, 0.9411764705882353, 0.9411764705882353, 1.0
get,SIMPLE_NAME, line no: 1463,catalog.put(name + ".type" "CircularQueue"),METHOD_INVOCATION, line no: 1148, 0.9411764705882353, 0.9411764705882353, 1.0
get,SIMPLE_NAME, line no: 1463,catGet(name + ".recid"),METHOD_INVOCATION, line no: 1183, 0.9411764705882353, 0.9411764705882353, 1.0
get,SIMPLE_NAME, line no: 1463,catalog.put(name + ".type" "AtomicString"),METHOD_INVOCATION, line no: 1274, 0.9411764705882353, 0.9411764705882353, 1.0
get,SIMPLE_NAME, line no: 1463,catGet(name + ".serializer"),METHOD_INVOCATION, line no: 1335, 0.9411764705882353, 0.9411764705882353, 1.0
name,SIMPLE_NAME, line no: 1463,catGet(name + ".type" null),METHOD_INVOCATION, line no: 350, 0.9411764705882353, 0.9411764705882353, 1.0
name,SIMPLE_NAME, line no: 1463,name + ".counterRecid",INFIX_EXPRESSION, line no: 367, 0.9411764705882353, 0.9411764705882353, 1.0
name,SIMPLE_NAME, line no: 1463,".counterRecid",STRING_LITERAL, line no: 367, 0.9411764705882353, 0.9411764705882353, 1.0
name,SIMPLE_NAME, line no: 1463,name + ".hashSalt",INFIX_EXPRESSION, line no: 368, 0.9411764705882353, 0.9411764705882353, 1.0
name,SIMPLE_NAME, line no: 1463,".hashSalt",STRING_LITERAL, line no: 368, 0.9411764705882353, 0.9411764705882353, 1.0
name,SIMPLE_NAME, line no: 1463,name + ".segmentRecids",INFIX_EXPRESSION, line no: 369, 0.9411764705882353, 0.9411764705882353, 1.0
name,SIMPLE_NAME, line no: 1463,".segmentRecids",STRING_LITERAL, line no: 369, 0.9411764705882353, 0.9411764705882353, 1.0
name,SIMPLE_NAME, line no: 1463,name + ".keySerializer",INFIX_EXPRESSION, line no: 370, 0.9411764705882353, 0.9411764705882353, 1.0
name,SIMPLE_NAME, line no: 1463,".keySerializer",STRING_LITERAL, line no: 370, 0.9411764705882353, 0.9411764705882353, 1.0
name,SIMPLE_NAME, line no: 1463,name + ".valueSerializer",INFIX_EXPRESSION, line no: 371, 0.9411764705882353, 0.9411764705882353, 1.0
name,SIMPLE_NAME, line no: 1463,".valueSerializer",STRING_LITERAL, line no: 371, 0.9411764705882353, 0.9411764705882353, 1.0
name,SIMPLE_NAME, line no: 1463,name + ".expireTimeStart",INFIX_EXPRESSION, line no: 372, 0.9411764705882353, 0.9411764705882353, 1.0
name,SIMPLE_NAME, line no: 1463,".expireTimeStart",STRING_LITERAL, line no: 372, 0.9411764705882353, 0.9411764705882353, 1.0
name,SIMPLE_NAME, line no: 1463,name + ".expire",INFIX_EXPRESSION, line no: 373, 0.9411764705882353, 0.9411764705882353, 1.0
name,SIMPLE_NAME, line no: 1463,".expire",STRING_LITERAL, line no: 373, 0.9411764705882353, 0.9411764705882353, 1.0
name,SIMPLE_NAME, line no: 1463,name + ".expireAccess",INFIX_EXPRESSION, line no: 374, 0.9411764705882353, 0.9411764705882353, 1.0
name,SIMPLE_NAME, line no: 1463,".expireAccess",STRING_LITERAL, line no: 374, 0.9411764705882353, 0.9411764705882353, 1.0
name,SIMPLE_NAME, line no: 1463,name + ".expireMaxSize",INFIX_EXPRESSION, line no: 375, 0.9411764705882353, 0.9411764705882353, 1.0
name,SIMPLE_NAME, line no: 1463,".expireMaxSize",STRING_LITERAL, line no: 375, 0.9411764705882353, 0.9411764705882353, 1.0
name,SIMPLE_NAME, line no: 1463,name + ".expireStoreSize",INFIX_EXPRESSION, line no: 376, 0.9411764705882353, 0.9411764705882353, 1.0
name,SIMPLE_NAME, line no: 1463,".expireStoreSize",STRING_LITERAL, line no: 376, 0.9411764705882353, 0.9411764705882353, 1.0
name,SIMPLE_NAME, line no: 1463,name + ".expireHeads",INFIX_EXPRESSION, line no: 377, 0.9411764705882353, 0.9411764705882353, 1.0
name,SIMPLE_NAME, line no: 1463,".expireHeads",STRING_LITERAL, line no: 377, 0.9411764705882353, 0.9411764705882353, 1.0
name,SIMPLE_NAME, line no: 1463,name + ".expireTails",INFIX_EXPRESSION, line no: 378, 0.9411764705882353, 0.9411764705882353, 1.0
name,SIMPLE_NAME, line no: 1463,".expireTails",STRING_LITERAL, line no: 378, 0.9411764705882353, 0.9411764705882353, 1.0
name,SIMPLE_NAME, line no: 1463,m.name,QUALIFIED_NAME, line no: 416, 0.9411764705882353, 0.9411764705882353, 1.0
name,SIMPLE_NAME, line no: 1463,name + ".hasher",INFIX_EXPRESSION, line no: 439, 0.9411764705882353, 0.5882352941176471, 1.0
name,SIMPLE_NAME, line no: 1463,".hasher",STRING_LITERAL, line no: 439, 0.9411764705882353, 0.5882352941176471, 1.0
name,SIMPLE_NAME, line no: 1463,name + ".serializer",INFIX_EXPRESSION, line no: 490, 0.9411764705882353, 0.9411764705882353, 1.0
name,SIMPLE_NAME, line no: 1463,".serializer",STRING_LITERAL, line no: 490, 0.9411764705882353, 0.9411764705882353, 1.0
name,SIMPLE_NAME, line no: 1463,name + ".rootRecidRef",INFIX_EXPRESSION, line no: 797, 0.9411764705882353, 0.9411764705882353, 1.0
name,SIMPLE_NAME, line no: 1463,".rootRecidRef",STRING_LITERAL, line no: 797, 0.9411764705882353, 0.9411764705882353, 1.0
name,SIMPLE_NAME, line no: 1463,name + ".maxNodeSize",INFIX_EXPRESSION, line no: 798, 0.9411764705882353, 0.9411764705882353, 1.0
name,SIMPLE_NAME, line no: 1463,".maxNodeSize",STRING_LITERAL, line no: 798, 0.9411764705882353, 0.9411764705882353, 1.0
name,SIMPLE_NAME, line no: 1463,name + ".valuesOutsideNodes",INFIX_EXPRESSION, line no: 799, 0.9411764705882353, 0.9411764705882353, 1.0
name,SIMPLE_NAME, line no: 1463,".valuesOutsideNodes",STRING_LITERAL, line no: 799, 0.9411764705882353, 0.9411764705882353, 1.0
name,SIMPLE_NAME, line no: 1463,name + ".comparator",INFIX_EXPRESSION, line no: 803, 0.9411764705882353, 0.9411764705882353, 1.0
name,SIMPLE_NAME, line no: 1463,".comparator",STRING_LITERAL, line no: 803, 0.9411764705882353, 0.9411764705882353, 1.0
name,SIMPLE_NAME, line no: 1463,name + ".numberOfNodeMetas",INFIX_EXPRESSION, line no: 804, 0.9411764705882353, 0.9411764705882353, 1.0
name,SIMPLE_NAME, line no: 1463,".numberOfNodeMetas",STRING_LITERAL, line no: 804, 0.9411764705882353, 0.9411764705882353, 1.0
name,SIMPLE_NAME, line no: 1463,m.name + ".numberOfNodeMetas",INFIX_EXPRESSION, line no: 856, 0.9411764705882353, 0.9411764705882353, 1.0
name,SIMPLE_NAME, line no: 1463,m.name + ".keySerializer",INFIX_EXPRESSION, line no: 962, 0.9411764705882353, 0.9411764705882353, 1.0
name,SIMPLE_NAME, line no: 1463,m.name + ".comparator",INFIX_EXPRESSION, line no: 963, 0.9411764705882353, 0.9411764705882353, 1.0
name,SIMPLE_NAME, line no: 1463,m.name + ".rootRecidRef",INFIX_EXPRESSION, line no: 980, 0.9411764705882353, 0.9411764705882353, 1.0
name,SIMPLE_NAME, line no: 1463,m.name + ".maxNodeSize",INFIX_EXPRESSION, line no: 981, 0.9411764705882353, 0.9411764705882353, 1.0
name,SIMPLE_NAME, line no: 1463,m.name + ".counterRecid",INFIX_EXPRESSION, line no: 983, 0.9411764705882353, 0.9411764705882353, 1.0
name,SIMPLE_NAME, line no: 1463,m.name + ".type",INFIX_EXPRESSION, line no: 989, 0.9411764705882353, 0.9411764705882353, 1.0
name,SIMPLE_NAME, line no: 1463,name + ".headRecid",INFIX_EXPRESSION, line no: 1013, 0.9411764705882353, 0.9411764705882353, 1.0
name,SIMPLE_NAME, line no: 1463,".headRecid",STRING_LITERAL, line no: 1013, 0.9411764705882353, 0.9411764705882353, 1.0
name,SIMPLE_NAME, line no: 1463,name + ".tailRecid",INFIX_EXPRESSION, line no: 1014, 0.9411764705882353, 0.9411764705882353, 1.0
name,SIMPLE_NAME, line no: 1463,".tailRecid",STRING_LITERAL, line no: 1014, 0.9411764705882353, 0.9411764705882353, 1.0
name,SIMPLE_NAME, line no: 1463,name + ".useLocks",INFIX_EXPRESSION, line no: 1015, 0.9411764705882353, 0.9411764705882353, 1.0
name,SIMPLE_NAME, line no: 1463,".useLocks",STRING_LITERAL, line no: 1015, 0.9411764705882353, 0.9411764705882353, 1.0
name,SIMPLE_NAME, line no: 1463,name + ".headInsertRecid",INFIX_EXPRESSION, line no: 1110, 0.9411764705882353, 0.9411764705882353, 1.0
name,SIMPLE_NAME, line no: 1463,".headInsertRecid",STRING_LITERAL, line no: 1110, 0.9411764705882353, 0.9411764705882353, 1.0
name,SIMPLE_NAME, line no: 1463,name + ".size",INFIX_EXPRESSION, line no: 1111, 0.9411764705882353, 0.9411764705882353, 1.0
name,SIMPLE_NAME, line no: 1463,".size",STRING_LITERAL, line no: 1111, 0.9411764705882353, 0.9411764705882353, 1.0
name,SIMPLE_NAME, line no: 1463,name + ".recid",INFIX_EXPRESSION, line no: 1157, 0.9411764705882353, 0.7647058823529411, 1.0
name,SIMPLE_NAME, line no: 1463,".recid",STRING_LITERAL, line no: 1157, 0.9411764705882353, 0.7647058823529411, 1.0
catalog.get(name),METHOD_INVOCATION, line no: 1463,put,SIMPLE_NAME, line no: 105, 0.9375, 0.4375, 1.0
catalog.get(name),METHOD_INVOCATION, line no: 1463,catGet,SIMPLE_NAME, line no: 222, 0.9375, 0.75, 1.0
catalog.get(name),METHOD_INVOCATION, line no: 1463,getFromWeakCollection,SIMPLE_NAME, line no: 348, 0.9375, 0.9375, 1.0
catalog.get(name),METHOD_INVOCATION, line no: 1463,namedPut,SIMPLE_NAME, line no: 383, 0.9375, 0.9375, 1.0
catalog.get(name),METHOD_INVOCATION, line no: 1463,catalog.put(name + ".type" "CircularQueue"),METHOD_INVOCATION, line no: 1148, 0.9375, 0.9375, 1.0
catalog.get(name),METHOD_INVOCATION, line no: 1463,catalog.put(name + ".type" "AtomicString"),METHOD_INVOCATION, line no: 1274, 0.9375, 0.9375, 1.0
catalog.get(name),METHOD_INVOCATION, line no: 1463,catalog.get(name) != null,INFIX_EXPRESSION, line no: 1463, 0.9375, 0.9375, 1.0
catalog.get(name) != null,INFIX_EXPRESSION, line no: 1463,false,BOOLEAN_LITERAL, line no: 71, 0.9333333333333333, 0.06666666666666667, 1.0
catalog.get(name) != null,INFIX_EXPRESSION, line no: 1463,counter,SIMPLE_NAME, line no: 131, 0.9333333333333333, 0.06666666666666667, 1.0
catalog.get(name) != null,INFIX_EXPRESSION, line no: 1463,valuesOutsideNodes,SIMPLE_NAME, line no: 564, 0.9333333333333333, 0.06666666666666667, 1.0
catalog.get(name) != null,INFIX_EXPRESSION, line no: 1463,catalog.put(name + ".type" "CircularQueue"),METHOD_INVOCATION, line no: 1148, 0.9333333333333333, 0.9333333333333333, 1.0
catalog.get(name) != null,INFIX_EXPRESSION, line no: 1463,catalog.put(name + ".type" "AtomicString"),METHOD_INVOCATION, line no: 1274, 0.9333333333333333, 0.9333333333333333, 1.0
get,SIMPLE_NAME, line no: 1463,catalog.put(name + ".type" "AtomicVar"),METHOD_INVOCATION, line no: 1311, 0.8823529411764706, 0.8823529411764706, 1.0
get,SIMPLE_NAME, line no: 1463,r,SIMPLE_NAME, line no: 1365, 0.8823529411764706, 0.8823529411764706, 1.0
get,SIMPLE_NAME, line no: 1463,get(name),METHOD_INVOCATION, line no: 1365, 0.8823529411764706, 0.8823529411764706, 1.0
name,SIMPLE_NAME, line no: 1463,n,SIMPLE_NAME, line no: 1399, 0.8823529411764706, 0.8823529411764706, 1.0
name,SIMPLE_NAME, line no: 1463,namesLookup.remove(new IdentityWrapper(r)),METHOD_INVOCATION, line no: 1404, 0.8823529411764706, 0.8823529411764706, 1.0
name,SIMPLE_NAME, line no: 1463,remove,SIMPLE_NAME, line no: 1404, 0.8823529411764706, 0.8823529411764706, 1.0
name,SIMPLE_NAME, line no: 1463,"Name already used: " + name,INFIX_EXPRESSION, line no: 1464, 0.8823529411764706, 0.8823529411764706, 1.0
name,SIMPLE_NAME, line no: 1463,"Name already used: ",STRING_LITERAL, line no: 1464, 0.8823529411764706, 0.8823529411764706, 1.0
catalog.get(name),METHOD_INVOCATION, line no: 1463,catalog.put(name + ".type" "AtomicVar"),METHOD_INVOCATION, line no: 1311, 0.875, 0.875, 1.0
catalog.get(name),METHOD_INVOCATION, line no: 1463,r,SIMPLE_NAME, line no: 1365, 0.875, 0.875, 1.0
catalog.get(name),METHOD_INVOCATION, line no: 1463,catalog.keySet(),METHOD_INVOCATION, line no: 1399, 0.875, 0.875, 1.0
catalog.get(name) != null,INFIX_EXPRESSION, line no: 1463,catalog.put(name + ".type" "AtomicVar"),METHOD_INVOCATION, line no: 1311, 0.8666666666666667, 0.8666666666666667, 1.0
catalog.get(name) != null,INFIX_EXPRESSION, line no: 1463,catalog.keySet(),METHOD_INVOCATION, line no: 1399, 0.8666666666666667, 0.8666666666666667, 1.0
get,SIMPLE_NAME, line no: 1463,o,SIMPLE_NAME, line no: 49, 0.8235294117647058, 0.058823529411764705, 1.0
get,SIMPLE_NAME, line no: 1463,old2,SIMPLE_NAME, line no: 1447, 0.8235294117647058, 0.7647058823529411, 1.0
name,SIMPLE_NAME, line no: 1463,expected,SIMPLE_NAME, line no: 1566, 0.8235294117647058, 0.058823529411764705, 1.0
catalog.get(name),METHOD_INVOCATION, line no: 1463,o,SIMPLE_NAME, line no: 49, 0.8125, 0.0625, 1.0
catalog.get(name),METHOD_INVOCATION, line no: 1463,old2,SIMPLE_NAME, line no: 1447, 0.8125, 0.75, 1.0
get,SIMPLE_NAME, line no: 1463,catGet(name + ".type"),METHOD_INVOCATION, line no: 222, 0.7647058823529411, 0.7647058823529411, 1.0
get,SIMPLE_NAME, line no: 1463,catalog.put(name + ".type" "Queue"),METHOD_INVOCATION, line no: 1035, 0.7647058823529411, 0.7647058823529411, 1.0
get,SIMPLE_NAME, line no: 1463,catalog.put(name + ".type" "Stack"),METHOD_INVOCATION, line no: 1083, 0.7647058823529411, 0.7647058823529411, 1.0
get,SIMPLE_NAME, line no: 1463,q.poll(),METHOD_INVOCATION, line no: 1379, 0.7647058823529411, 0.7647058823529411, 1.0
get,SIMPLE_NAME, line no: 1463,poll,SIMPLE_NAME, line no: 1379, 0.7647058823529411, 0.7647058823529411, 1.0
get,SIMPLE_NAME, line no: 1463,old.get(),METHOD_INVOCATION, line no: 1447, 0.7647058823529411, 0.7647058823529411, 1.0
name,SIMPLE_NAME, line no: 1463,"Wrong type: " + type,INFIX_EXPRESSION, line no: 1567, 0.7647058823529411, 0.7647058823529411, 1.0
name,SIMPLE_NAME, line no: 1463,"Wrong type: ",STRING_LITERAL, line no: 1567, 0.7647058823529411, 0.7647058823529411, 1.0
catalog.get(name),METHOD_INVOCATION, line no: 1463,catalog.put(name + ".type" "Queue"),METHOD_INVOCATION, line no: 1035, 0.75, 0.75, 1.0
catalog.get(name),METHOD_INVOCATION, line no: 1463,catalog.put(name + ".type" "Stack"),METHOD_INVOCATION, line no: 1083, 0.75, 0.75, 1.0
catalog.get(name),METHOD_INVOCATION, line no: 1463,poll,SIMPLE_NAME, line no: 1379, 0.75, 0.75, 1.0
catalog.get(name) != null,INFIX_EXPRESSION, line no: 1463,true,BOOLEAN_LITERAL, line no: 147, 0.7333333333333333, 0.06666666666666667, 1.0
catalog.get(name) != null,INFIX_EXPRESSION, line no: 1463,isReadOnly,SIMPLE_NAME, line no: 353, 0.7333333333333333, 0.6666666666666666, 1.0
catalog.get(name) != null,INFIX_EXPRESSION, line no: 1463,useLocks,SIMPLE_NAME, line no: 1022, 0.7333333333333333, 0.06666666666666667, 1.0
catalog.get(name) != null,INFIX_EXPRESSION, line no: 1463,catalog.put(name + ".type" "Queue"),METHOD_INVOCATION, line no: 1035, 0.7333333333333333, 0.7333333333333333, 1.0
catalog.get(name) != null,INFIX_EXPRESSION, line no: 1463,catalog.put(name + ".type" "Stack"),METHOD_INVOCATION, line no: 1083, 0.7333333333333333, 0.7333333333333333, 1.0
get,SIMPLE_NAME, line no: 1463,catalog.put(name + ".type" "AtomicLong"),METHOD_INVOCATION, line no: 1159, 0.7058823529411765, 0.7058823529411765, 1.0
get,SIMPLE_NAME, line no: 1463,catalog.put(name + ".type" "AtomicInteger"),METHOD_INVOCATION, line no: 1196, 0.7058823529411765, 0.7058823529411765, 1.0
get,SIMPLE_NAME, line no: 1463,catalog.put(name + ".type" "AtomicBoolean"),METHOD_INVOCATION, line no: 1233, 0.7058823529411765, 0.7058823529411765, 1.0
name,SIMPLE_NAME, line no: 1463,"a",STRING_LITERAL, line no: 355, 0.7058823529411765, 0.7058823529411765, 1.0
name,SIMPLE_NAME, line no: 1463,"",STRING_LITERAL, line no: 1294, 0.7058823529411765, 0.7058823529411765, 1.0
catalog.get(name),METHOD_INVOCATION, line no: 1463,catalog.put(name + ".type" "AtomicLong"),METHOD_INVOCATION, line no: 1159, 0.6875, 0.6875, 1.0
catalog.get(name),METHOD_INVOCATION, line no: 1463,catalog.put(name + ".type" "AtomicInteger"),METHOD_INVOCATION, line no: 1196, 0.6875, 0.6875, 1.0
catalog.get(name),METHOD_INVOCATION, line no: 1463,catalog.put(name + ".type" "AtomicBoolean"),METHOD_INVOCATION, line no: 1233, 0.6875, 0.6875, 1.0
catalog.get(name) != null,INFIX_EXPRESSION, line no: 1463,strictDBGet,SIMPLE_NAME, line no: 33, 0.6666666666666666, 0.06666666666666667, 1.0
catalog.get(name) != null,INFIX_EXPRESSION, line no: 1463,catalog.put(name + ".type" "AtomicLong"),METHOD_INVOCATION, line no: 1159, 0.6666666666666666, 0.6666666666666666, 1.0
catalog.get(name) != null,INFIX_EXPRESSION, line no: 1463,catalog.put(name + ".type" "AtomicInteger"),METHOD_INVOCATION, line no: 1196, 0.6666666666666666, 0.6666666666666666, 1.0
catalog.get(name) != null,INFIX_EXPRESSION, line no: 1463,initValue,SIMPLE_NAME, line no: 1227, 0.6666666666666666, 0.06666666666666667, 1.0
catalog.get(name) != null,INFIX_EXPRESSION, line no: 1463,catalog.put(name + ".type" "AtomicBoolean"),METHOD_INVOCATION, line no: 1233, 0.6666666666666666, 0.6666666666666666, 1.0
catalog.get(name) != null,INFIX_EXPRESSION, line no: 1463,endsWith,SIMPLE_NAME, line no: 1415, 0.6666666666666666, 0.6666666666666666, 1.0
get,SIMPLE_NAME, line no: 1463,catalog.put(name value),METHOD_INVOCATION, line no: 105, 0.6470588235294118, 0.47058823529411764, 1.0
get,SIMPLE_NAME, line no: 1463,ret.put(name get(name)),METHOD_INVOCATION, line no: 1417, 0.6470588235294118, 0.6470588235294118, 1.0
get,SIMPLE_NAME, line no: 1463,namedPut(newName old2),METHOD_INVOCATION, line no: 1450, 0.6470588235294118, 0.6470588235294118, 1.0
name,SIMPLE_NAME, line no: 1463,name=name.substring(0 name.length() - 5),ASSIGNMENT, line no: 1416, 0.6470588235294118, 0.6470588235294118, 1.0
name,SIMPLE_NAME, line no: 1463,name.substring(0 name.length() - 5),METHOD_INVOCATION, line no: 1416, 0.6470588235294118, 0.6470588235294118, 1.0
name,SIMPLE_NAME, line no: 1463,substring,SIMPLE_NAME, line no: 1416, 0.6470588235294118, 0.6470588235294118, 1.0
name,SIMPLE_NAME, line no: 1463,suffix,SIMPLE_NAME, line no: 1439, 0.6470588235294118, 0.5882352941176471, 1.0
name,SIMPLE_NAME, line no: 1463,newName + suffix,INFIX_EXPRESSION, line no: 1440, 0.6470588235294118, 0.6470588235294118, 1.0
name,SIMPLE_NAME, line no: 1463,namesLookup.remove(new IdentityWrapper(old2)),METHOD_INVOCATION, line no: 1449, 0.6470588235294118, 0.6470588235294118, 1.0
catalog.get(name),METHOD_INVOCATION, line no: 1463,catalog.put(name value),METHOD_INVOCATION, line no: 105, 0.625, 0.4375, 1.0
catalog.get(name) != null,INFIX_EXPRESSION, line no: 1463,holdsLock,SIMPLE_NAME, line no: 92, 0.6, 0.5333333333333333, 1.0
catalog.get(name) != null,INFIX_EXPRESSION, line no: 1463,catalog.put(name value),METHOD_INVOCATION, line no: 105, 0.6, 0.4, 1.0
catalog.get(name) != null,INFIX_EXPRESSION, line no: 1463,startsWith,SIMPLE_NAME, line no: 1400, 0.6, 0.5333333333333333, 1.0
catalog.get(name) != null,INFIX_EXPRESSION, line no: 1463,isClosed,SIMPLE_NAME, line no: 1504, 0.6, 0.06666666666666667, 1.0
get,SIMPLE_NAME, line no: 1463,catalog.put(newName + suffix catalog.get(param)),METHOD_INVOCATION, line no: 1440, 0.5882352941176471, 0.5882352941176471, 1.0
get,SIMPLE_NAME, line no: 1463,catalog.get(param),METHOD_INVOCATION, line no: 1440, 0.5882352941176471, 0.5882352941176471, 1.0
name,SIMPLE_NAME, line no: 1463,"No record with this name was found: " + name,INFIX_EXPRESSION, line no: 1263, 0.5882352941176471, 0.5882352941176471, 1.0
name,SIMPLE_NAME, line no: 1463,"No record with this name was found: ",STRING_LITERAL, line no: 1263, 0.5882352941176471, 0.5882352941176471, 1.0
name,SIMPLE_NAME, line no: 1463,param.substring(oldName.length()),METHOD_INVOCATION, line no: 1439, 0.5882352941176471, 0.5882352941176471, 1.0
catalog.get(name),METHOD_INVOCATION, line no: 1463,(A)catalog.get(name),CAST_EXPRESSION, line no: 93, 0.5625, 0.5625, 1.0
catalog.get(name),METHOD_INVOCATION, line no: 1463,catalog.get(param),METHOD_INVOCATION, line no: 1440, 0.5625, 0.5625, 1.0
catalog.get(name) != null,INFIX_EXPRESSION, line no: 1463,(A)catalog.get(name),CAST_EXPRESSION, line no: 93, 0.5333333333333333, 0.5333333333333333, 1.0
catalog.get(name) != null,INFIX_EXPRESSION, line no: 1463,pumpIgnoreDuplicates,SIMPLE_NAME, line no: 574, 0.5333333333333333, 0.06666666666666667, 1.0
catalog.get(name) != null,INFIX_EXPRESSION, line no: 1463,catalog.get(param),METHOD_INVOCATION, line no: 1440, 0.5333333333333333, 0.5333333333333333, 1.0
catalog.get(name) != null,INFIX_EXPRESSION, line no: 1463,add,SIMPLE_NAME, line no: 1441, 0.5333333333333333, 0.5333333333333333, 1.0
get,SIMPLE_NAME, line no: 1463,ret,SIMPLE_NAME, line no: 387, 0.5294117647058824, 0.058823529411764705, 1.0
get,SIMPLE_NAME, line no: 1463,catalog.remove(n),METHOD_INVOCATION, line no: 1401, 0.5294117647058824, 0.5294117647058824, 1.0
name,SIMPLE_NAME, line no: 1463,namesLookup.put(new IdentityWrapper(ret) name),METHOD_INVOCATION, line no: 389, 0.5294117647058824, 0.5294117647058824, 1.0
name,SIMPLE_NAME, line no: 1463,put,SIMPLE_NAME, line no: 389, 0.5294117647058824, 0.5294117647058824, 1.0
name,SIMPLE_NAME, line no: 1463,"DB was already closed",STRING_LITERAL, line no: 1498, 0.5294117647058824, 0.5294117647058824, 1.0
catalog.get(name),METHOD_INVOCATION, line no: 1463,obj,SIMPLE_NAME, line no: 117, 0.5, 0.0625, 1.0
catalog.get(name),METHOD_INVOCATION, line no: 1463,ret,SIMPLE_NAME, line no: 387, 0.5, 0.0625, 1.0
catalog.get(name),METHOD_INVOCATION, line no: 1463,catalog.remove(n),METHOD_INVOCATION, line no: 1401, 0.5, 0.5, 1.0
get,SIMPLE_NAME, line no: 1463,obj,SIMPLE_NAME, line no: 117, 0.47058823529411764, 0.058823529411764705, 1.0
name,SIMPLE_NAME, line no: 1463,get,SIMPLE_NAME, line no: 119, 0.47058823529411764, 0.47058823529411764, 1.0
catalog.get(name),METHOD_INVOCATION, line no: 1463,catalog.put(name + ".type" "HashMap"),METHOD_INVOCATION, line no: 454, 0.46875, 0.9375, 0.5
catalog.get(name),METHOD_INVOCATION, line no: 1463,catalog.put(name + ".type" "HashSet"),METHOD_INVOCATION, line no: 549, 0.46875, 0.9375, 0.5
catalog.get(name),METHOD_INVOCATION, line no: 1463,catalog.put(name + ".type" "TreeMap"),METHOD_INVOCATION, line no: 858, 0.46875, 0.9375, 0.5
catalog.get(name),METHOD_INVOCATION, line no: 1463,catalog.put(m.name + ".type" "TreeSet"),METHOD_INVOCATION, line no: 989, 0.46875, 0.9375, 0.5
catalog.get(name) != null,INFIX_EXPRESSION, line no: 1463,catalog.put(name + ".type" "HashMap"),METHOD_INVOCATION, line no: 454, 0.4666666666666667, 0.9333333333333333, 0.5
catalog.get(name) != null,INFIX_EXPRESSION, line no: 1463,catalog.put(name + ".type" "HashSet"),METHOD_INVOCATION, line no: 549, 0.4666666666666667, 0.9333333333333333, 0.5
catalog.get(name) != null,INFIX_EXPRESSION, line no: 1463,catalog.put(name + ".type" "TreeMap"),METHOD_INVOCATION, line no: 858, 0.4666666666666667, 0.9333333333333333, 0.5
catalog.get(name) != null,INFIX_EXPRESSION, line no: 1463,catalog.put(m.name + ".type" "TreeSet"),METHOD_INVOCATION, line no: 989, 0.4666666666666667, 0.9333333333333333, 0.5
catalog.get(name) != null,INFIX_EXPRESSION, line no: 1463,catalog.remove(n),METHOD_INVOCATION, line no: 1401, 0.4666666666666667, 0.4666666666666667, 1.0
catalog.get(name),METHOD_INVOCATION, line no: 1463,v,SIMPLE_NAME, line no: 61, 0.4375, 0.0625, 1.0
get,SIMPLE_NAME, line no: 1463,v,SIMPLE_NAME, line no: 61, 0.4117647058823529, 0.058823529411764705, 1.0
name,SIMPLE_NAME, line no: 1463,namesLookup.get(new IdentityWrapper(obj)),METHOD_INVOCATION, line no: 119, 0.4117647058823529, 0.4117647058823529, 1.0
catalog,SIMPLE_NAME, line no: 1463,preinitCatalog,SIMPLE_NAME, line no: 88, 0.35294117647058826, 0.35294117647058826, 1.0
get,SIMPLE_NAME, line no: 1463,((IdentityWrapper)v).o,FIELD_ACCESS, line no: 62, 0.35294117647058826, 0.35294117647058826, 1.0
catalog,SIMPLE_NAME, line no: 1463,BTreeMap.preinitCatalog(this),METHOD_INVOCATION, line no: 88, 0.29411764705882354, 0.29411764705882354, 1.0
catalog.get(name),METHOD_INVOCATION, line no: 1463,catalog.put(newName + suffix catalog.get(param)),METHOD_INVOCATION, line no: 1440, 0.28125, 0.5625, 0.5
catalog.get(name) != null,INFIX_EXPRESSION, line no: 1463,catalog=BTreeMap.preinitCatalog(this),ASSIGNMENT, line no: 88, 0.26666666666666666, 0.26666666666666666, 1.0
catalog.get(name) != null,INFIX_EXPRESSION, line no: 1463,catalog.put(newName + suffix catalog.get(param)),METHOD_INVOCATION, line no: 1440, 0.26666666666666666, 0.5333333333333333, 0.5
catalog.get(name),METHOD_INVOCATION, line no: 1463,catalog=BTreeMap.preinitCatalog(this),ASSIGNMENT, line no: 88, 0.25, 0.25, 1.0
catalog,SIMPLE_NAME, line no: 1463,catalog=BTreeMap.preinitCatalog(this),ASSIGNMENT, line no: 88, 0.23529411764705882, 0.23529411764705882, 1.0
get,SIMPLE_NAME, line no: 1463,this.o=o,ASSIGNMENT, line no: 52, 0.11764705882352941, 0.11764705882352941, 1.0
get,SIMPLE_NAME, line no: 1463,this.o,FIELD_ACCESS, line no: 52, 0.11764705882352941, 0.11764705882352941, 1.0
name,SIMPLE_NAME, line no: 1463,this.name=name,ASSIGNMENT, line no: 127, 0.11764705882352941, 0.11764705882352941, 1.0
name,SIMPLE_NAME, line no: 1463,this.name,FIELD_ACCESS, line no: 127, 0.11764705882352941, 0.11764705882352941, 1.0
catalog.get(name) != null,INFIX_EXPRESSION, line no: 1463,exists,SIMPLE_NAME, line no: 1359, 0.06666666666666667, 0.06666666666666667, 1.0
catalog,SIMPLE_NAME, line no: 1463,SortedMap,SIMPLE_NAME, line no: 45, 0.058823529411764705, 0.058823529411764705, 1.0
catalog,SIMPLE_NAME, line no: 1463,getCatalog,SIMPLE_NAME, line no: 903, 0.058823529411764705, 0.058823529411764705, 1.0
name,SIMPLE_NAME, line no: 1463,"unchecked",STRING_LITERAL, line no: 30, 0.058823529411764705, 0.058823529411764705, 1.0
name,SIMPLE_NAME, line no: 1463,getNameForObject,SIMPLE_NAME, line no: 117, 0.058823529411764705, 0.058823529411764705, 1.0
