"MonthSingularName",STRING_LITERAL, line no: 76,"CenturyPattern",STRING_LITERAL, line no: 15, 1.0, 1.0, 1.0
"MonthSingularName",STRING_LITERAL, line no: 76,"%n%u",STRING_LITERAL, line no: 15, 1.0, 1.0, 1.0
"MonthSingularName",STRING_LITERAL, line no: 76,"CenturyFuturePrefix",STRING_LITERAL, line no: 16, 1.0, 1.0, 1.0
"MonthSingularName",STRING_LITERAL, line no: 76,"今から",STRING_LITERAL, line no: 16, 1.0, 1.0, 1.0
"MonthSingularName",STRING_LITERAL, line no: 76,"CenturyFutureSuffix",STRING_LITERAL, line no: 17, 1.0, 1.0, 1.0
"MonthSingularName",STRING_LITERAL, line no: 76,"世紀にもわたっ",STRING_LITERAL, line no: 17, 1.0, 1.0, 1.0
"MonthSingularName",STRING_LITERAL, line no: 76,"CenturyPastPrefix",STRING_LITERAL, line no: 18, 1.0, 1.0, 1.0
"MonthSingularName",STRING_LITERAL, line no: 76,"",STRING_LITERAL, line no: 18, 1.0, 1.0, 1.0
"MonthSingularName",STRING_LITERAL, line no: 76,"CenturyPastSuffix",STRING_LITERAL, line no: 19, 1.0, 1.0, 1.0
"MonthSingularName",STRING_LITERAL, line no: 76,"世紀前",STRING_LITERAL, line no: 19, 1.0, 1.0, 1.0
"MonthSingularName",STRING_LITERAL, line no: 76,"CenturySingularName",STRING_LITERAL, line no: 20, 1.0, 1.0, 1.0
"MonthSingularName",STRING_LITERAL, line no: 76,"CenturyPluralName",STRING_LITERAL, line no: 21, 1.0, 1.0, 1.0
"MonthSingularName",STRING_LITERAL, line no: 76,"DayPattern",STRING_LITERAL, line no: 22, 1.0, 1.0, 1.0
"MonthSingularName",STRING_LITERAL, line no: 76,"DayFuturePrefix",STRING_LITERAL, line no: 23, 1.0, 1.0, 1.0
"MonthSingularName",STRING_LITERAL, line no: 76,"DayFutureSuffix",STRING_LITERAL, line no: 24, 1.0, 1.0, 1.0
"MonthSingularName",STRING_LITERAL, line no: 76,"間",STRING_LITERAL, line no: 24, 1.0, 1.0, 1.0
"MonthSingularName",STRING_LITERAL, line no: 76,"DayPastPrefix",STRING_LITERAL, line no: 25, 1.0, 1.0, 1.0
"MonthSingularName",STRING_LITERAL, line no: 76,"DayPastSuffix",STRING_LITERAL, line no: 26, 1.0, 1.0, 1.0
"MonthSingularName",STRING_LITERAL, line no: 76,"前",STRING_LITERAL, line no: 26, 1.0, 1.0, 1.0
"MonthSingularName",STRING_LITERAL, line no: 76,"DaySingularName",STRING_LITERAL, line no: 27, 1.0, 1.0, 1.0
"MonthSingularName",STRING_LITERAL, line no: 76,"日",STRING_LITERAL, line no: 27, 1.0, 1.0, 1.0
"MonthSingularName",STRING_LITERAL, line no: 76,"DayPluralName",STRING_LITERAL, line no: 28, 1.0, 1.0, 1.0
"MonthSingularName",STRING_LITERAL, line no: 76,"DecadePattern",STRING_LITERAL, line no: 29, 1.0, 1.0, 1.0
"MonthSingularName",STRING_LITERAL, line no: 76,"DecadeFuturePrefix",STRING_LITERAL, line no: 30, 1.0, 1.0, 1.0
"MonthSingularName",STRING_LITERAL, line no: 76,"DecadeFutureSuffix",STRING_LITERAL, line no: 31, 1.0, 1.0, 1.0
"MonthSingularName",STRING_LITERAL, line no: 76,"年間",STRING_LITERAL, line no: 31, 1.0, 1.0, 1.0
"MonthSingularName",STRING_LITERAL, line no: 76,"DecadePastPrefix",STRING_LITERAL, line no: 32, 1.0, 1.0, 1.0
"MonthSingularName",STRING_LITERAL, line no: 76,"DecadePastSuffix",STRING_LITERAL, line no: 33, 1.0, 1.0, 1.0
"MonthSingularName",STRING_LITERAL, line no: 76,"年前",STRING_LITERAL, line no: 33, 1.0, 1.0, 1.0
"MonthSingularName",STRING_LITERAL, line no: 76,"DecadeSingularName",STRING_LITERAL, line no: 34, 1.0, 1.0, 1.0
"MonthSingularName",STRING_LITERAL, line no: 76,"DecadePluralName",STRING_LITERAL, line no: 35, 1.0, 1.0, 1.0
"MonthSingularName",STRING_LITERAL, line no: 76,"HourPattern",STRING_LITERAL, line no: 36, 1.0, 1.0, 1.0
"MonthSingularName",STRING_LITERAL, line no: 76,"HourFuturePrefix",STRING_LITERAL, line no: 37, 1.0, 1.0, 1.0
"MonthSingularName",STRING_LITERAL, line no: 76,"HourFutureSuffix",STRING_LITERAL, line no: 38, 1.0, 1.0, 1.0
"MonthSingularName",STRING_LITERAL, line no: 76,"HourPastPrefix",STRING_LITERAL, line no: 39, 1.0, 1.0, 1.0
"MonthSingularName",STRING_LITERAL, line no: 76,"HourPastSuffix",STRING_LITERAL, line no: 40, 1.0, 1.0, 1.0
"MonthSingularName",STRING_LITERAL, line no: 76,"HourSingularName",STRING_LITERAL, line no: 41, 1.0, 1.0, 1.0
"MonthSingularName",STRING_LITERAL, line no: 76,"時間",STRING_LITERAL, line no: 41, 1.0, 1.0, 1.0
"MonthSingularName",STRING_LITERAL, line no: 76,"HourPluralName",STRING_LITERAL, line no: 42, 1.0, 1.0, 1.0
"MonthSingularName",STRING_LITERAL, line no: 76,"JustNowPattern",STRING_LITERAL, line no: 43, 1.0, 1.0, 1.0
"MonthSingularName",STRING_LITERAL, line no: 76,"%u",STRING_LITERAL, line no: 43, 1.0, 1.0, 1.0
"MonthSingularName",STRING_LITERAL, line no: 76,"JustNowFuturePrefix",STRING_LITERAL, line no: 44, 1.0, 1.0, 1.0
"MonthSingularName",STRING_LITERAL, line no: 76,"JustNowFutureSuffix",STRING_LITERAL, line no: 45, 1.0, 1.0, 1.0
"MonthSingularName",STRING_LITERAL, line no: 76,"今からすぐ",STRING_LITERAL, line no: 45, 1.0, 1.0, 1.0
"MonthSingularName",STRING_LITERAL, line no: 76,"JustNowPastPrefix",STRING_LITERAL, line no: 46, 1.0, 1.0, 1.0
"MonthSingularName",STRING_LITERAL, line no: 76,"JustNowPastSuffix",STRING_LITERAL, line no: 47, 1.0, 1.0, 1.0
"MonthSingularName",STRING_LITERAL, line no: 76,"さっき",STRING_LITERAL, line no: 47, 1.0, 1.0, 1.0
"MonthSingularName",STRING_LITERAL, line no: 76,"JustNowSingularName",STRING_LITERAL, line no: 48, 1.0, 1.0, 1.0
"MonthSingularName",STRING_LITERAL, line no: 76,"JustNowPluralName",STRING_LITERAL, line no: 49, 1.0, 1.0, 1.0
"MonthSingularName",STRING_LITERAL, line no: 76,"MillenniumPattern",STRING_LITERAL, line no: 50, 1.0, 1.0, 1.0
"MonthSingularName",STRING_LITERAL, line no: 76,"%n %u",STRING_LITERAL, line no: 50, 1.0, 1.0, 1.0
"MonthSingularName",STRING_LITERAL, line no: 76,"MillenniumFuturePrefix",STRING_LITERAL, line no: 51, 1.0, 1.0, 1.0
"MonthSingularName",STRING_LITERAL, line no: 76,"MillenniumFutureSuffix",STRING_LITERAL, line no: 52, 1.0, 1.0, 1.0
"MonthSingularName",STRING_LITERAL, line no: 76,"MillenniumPastPrefix",STRING_LITERAL, line no: 53, 1.0, 1.0, 1.0
"MonthSingularName",STRING_LITERAL, line no: 76,"MillenniumPastSuffix",STRING_LITERAL, line no: 54, 1.0, 1.0, 1.0
"MonthSingularName",STRING_LITERAL, line no: 76,"MillenniumSingularName",STRING_LITERAL, line no: 55, 1.0, 1.0, 1.0
"MonthSingularName",STRING_LITERAL, line no: 76,"千年",STRING_LITERAL, line no: 55, 1.0, 1.0, 1.0
"MonthSingularName",STRING_LITERAL, line no: 76,"MillenniumPluralName",STRING_LITERAL, line no: 56, 1.0, 1.0, 1.0
"MonthSingularName",STRING_LITERAL, line no: 76,"MillisecondPattern",STRING_LITERAL, line no: 57, 1.0, 1.0, 1.0
"MonthSingularName",STRING_LITERAL, line no: 76,"MillisecondFuturePrefix",STRING_LITERAL, line no: 58, 1.0, 1.0, 1.0
"MonthSingularName",STRING_LITERAL, line no: 76,"MillisecondFutureSuffix",STRING_LITERAL, line no: 59, 1.0, 1.0, 1.0
"MonthSingularName",STRING_LITERAL, line no: 76,"MillisecondPastPrefix",STRING_LITERAL, line no: 60, 1.0, 1.0, 1.0
"MonthSingularName",STRING_LITERAL, line no: 76,"MillisecondPastSuffix",STRING_LITERAL, line no: 61, 1.0, 1.0, 1.0
"MonthSingularName",STRING_LITERAL, line no: 76,"MillisecondSingularName",STRING_LITERAL, line no: 62, 1.0, 1.0, 1.0
"MonthSingularName",STRING_LITERAL, line no: 76,"ミリ秒",STRING_LITERAL, line no: 62, 1.0, 1.0, 1.0
"MonthSingularName",STRING_LITERAL, line no: 76,"MillisecondPluralName",STRING_LITERAL, line no: 63, 1.0, 1.0, 1.0
"MonthSingularName",STRING_LITERAL, line no: 76,"MinutePattern",STRING_LITERAL, line no: 64, 1.0, 1.0, 1.0
"MonthSingularName",STRING_LITERAL, line no: 76,"MinuteFuturePrefix",STRING_LITERAL, line no: 65, 1.0, 1.0, 1.0
"MonthSingularName",STRING_LITERAL, line no: 76,"MinuteFutureSuffix",STRING_LITERAL, line no: 66, 1.0, 1.0, 1.0
"MonthSingularName",STRING_LITERAL, line no: 76,"MinutePastPrefix",STRING_LITERAL, line no: 67, 1.0, 1.0, 1.0
"MonthSingularName",STRING_LITERAL, line no: 76,"MinutePastSuffix",STRING_LITERAL, line no: 68, 1.0, 1.0, 1.0
"MonthSingularName",STRING_LITERAL, line no: 76,"MinuteSingularName",STRING_LITERAL, line no: 69, 1.0, 1.0, 1.0
"MonthSingularName",STRING_LITERAL, line no: 76,"分",STRING_LITERAL, line no: 69, 1.0, 1.0, 1.0
"MonthSingularName",STRING_LITERAL, line no: 76,"MinutePluralName",STRING_LITERAL, line no: 70, 1.0, 1.0, 1.0
"MonthSingularName",STRING_LITERAL, line no: 76,"MonthPattern",STRING_LITERAL, line no: 71, 1.0, 1.0, 1.0
"MonthSingularName",STRING_LITERAL, line no: 76,"MonthFuturePrefix",STRING_LITERAL, line no: 72, 1.0, 1.0, 1.0
"MonthSingularName",STRING_LITERAL, line no: 76,"MonthFutureSuffix",STRING_LITERAL, line no: 73, 1.0, 1.0, 1.0
"MonthSingularName",STRING_LITERAL, line no: 76,"MonthPastPrefix",STRING_LITERAL, line no: 74, 1.0, 1.0, 1.0
"MonthSingularName",STRING_LITERAL, line no: 76,"MonthPastSuffix",STRING_LITERAL, line no: 75, 1.0, 1.0, 1.0
"MonthSingularName",STRING_LITERAL, line no: 76,"月",STRING_LITERAL, line no: 76, 1.0, 1.0, 1.0
"MonthSingularName",STRING_LITERAL, line no: 76,"MonthPluralName",STRING_LITERAL, line no: 77, 1.0, 1.0, 1.0
"MonthSingularName",STRING_LITERAL, line no: 76,"ヶ月",STRING_LITERAL, line no: 77, 1.0, 1.0, 1.0
"MonthSingularName",STRING_LITERAL, line no: 76,"SecondPattern",STRING_LITERAL, line no: 78, 1.0, 1.0, 1.0
"MonthSingularName",STRING_LITERAL, line no: 76,"SecondFuturePrefix",STRING_LITERAL, line no: 79, 1.0, 1.0, 1.0
"MonthSingularName",STRING_LITERAL, line no: 76,"SecondFutureSuffix",STRING_LITERAL, line no: 80, 1.0, 1.0, 1.0
"MonthSingularName",STRING_LITERAL, line no: 76,"SecondPastPrefix",STRING_LITERAL, line no: 81, 1.0, 1.0, 1.0
"MonthSingularName",STRING_LITERAL, line no: 76,"SecondPastSuffix",STRING_LITERAL, line no: 82, 1.0, 1.0, 1.0
"MonthSingularName",STRING_LITERAL, line no: 76,"SecondSingularName",STRING_LITERAL, line no: 83, 1.0, 1.0, 1.0
"MonthSingularName",STRING_LITERAL, line no: 76,"秒",STRING_LITERAL, line no: 83, 1.0, 1.0, 1.0
"MonthSingularName",STRING_LITERAL, line no: 76,"SecondPluralName",STRING_LITERAL, line no: 84, 1.0, 1.0, 1.0
"MonthSingularName",STRING_LITERAL, line no: 76,"WeekPattern",STRING_LITERAL, line no: 85, 1.0, 1.0, 1.0
"MonthSingularName",STRING_LITERAL, line no: 76,"WeekFuturePrefix",STRING_LITERAL, line no: 86, 1.0, 1.0, 1.0
"MonthSingularName",STRING_LITERAL, line no: 76,"WeekFutureSuffix",STRING_LITERAL, line no: 87, 1.0, 1.0, 1.0
"MonthSingularName",STRING_LITERAL, line no: 76,"週間",STRING_LITERAL, line no: 87, 1.0, 1.0, 1.0
"MonthSingularName",STRING_LITERAL, line no: 76,"WeekPastPrefix",STRING_LITERAL, line no: 88, 1.0, 1.0, 1.0
"MonthSingularName",STRING_LITERAL, line no: 76,"WeekPastSuffix",STRING_LITERAL, line no: 89, 1.0, 1.0, 1.0
"MonthSingularName",STRING_LITERAL, line no: 76,"週間前",STRING_LITERAL, line no: 89, 1.0, 1.0, 1.0
"MonthSingularName",STRING_LITERAL, line no: 76,"WeekSingularName",STRING_LITERAL, line no: 90, 1.0, 1.0, 1.0
"MonthSingularName",STRING_LITERAL, line no: 76,"WeekPluralName",STRING_LITERAL, line no: 91, 1.0, 1.0, 1.0
"MonthSingularName",STRING_LITERAL, line no: 76,"YearPattern",STRING_LITERAL, line no: 92, 1.0, 1.0, 1.0
"MonthSingularName",STRING_LITERAL, line no: 76,"YearFuturePrefix",STRING_LITERAL, line no: 93, 1.0, 1.0, 1.0
"MonthSingularName",STRING_LITERAL, line no: 76,"YearFutureSuffix",STRING_LITERAL, line no: 94, 1.0, 1.0, 1.0
"MonthSingularName",STRING_LITERAL, line no: 76,"年後の",STRING_LITERAL, line no: 94, 1.0, 1.0, 1.0
"MonthSingularName",STRING_LITERAL, line no: 76,"YearPastPrefix",STRING_LITERAL, line no: 95, 1.0, 1.0, 1.0
"MonthSingularName",STRING_LITERAL, line no: 76,"YearPastSuffix",STRING_LITERAL, line no: 96, 1.0, 1.0, 1.0
"MonthSingularName",STRING_LITERAL, line no: 76,"YearSingularName",STRING_LITERAL, line no: 97, 1.0, 1.0, 1.0
"MonthSingularName",STRING_LITERAL, line no: 76,"YearPluralName",STRING_LITERAL, line no: 98, 1.0, 1.0, 1.0
"MonthSingularName",STRING_LITERAL, line no: 76,"AbstractTimeUnitPattern",STRING_LITERAL, line no: 99, 1.0, 1.0, 1.0
"MonthSingularName",STRING_LITERAL, line no: 76,"AbstractTimeUnitFuturePrefix",STRING_LITERAL, line no: 100, 1.0, 1.0, 1.0
"MonthSingularName",STRING_LITERAL, line no: 76,"AbstractTimeUnitFutureSuffix",STRING_LITERAL, line no: 101, 1.0, 1.0, 1.0
"MonthSingularName",STRING_LITERAL, line no: 76,"AbstractTimeUnitPastPrefix",STRING_LITERAL, line no: 102, 1.0, 1.0, 1.0
"MonthSingularName",STRING_LITERAL, line no: 76,"AbstractTimeUnitPastSuffix",STRING_LITERAL, line no: 103, 1.0, 1.0, 1.0
"MonthSingularName",STRING_LITERAL, line no: 76,"AbstractTimeUnitSingularName",STRING_LITERAL, line no: 104, 1.0, 1.0, 1.0
"MonthSingularName",STRING_LITERAL, line no: 76,"AbstractTimeUnitPluralName",STRING_LITERAL, line no: 105, 1.0, 1.0, 1.0
"月",STRING_LITERAL, line no: 76,"CenturyPattern",STRING_LITERAL, line no: 15, 1.0, 1.0, 1.0
"月",STRING_LITERAL, line no: 76,"%n%u",STRING_LITERAL, line no: 15, 1.0, 1.0, 1.0
"月",STRING_LITERAL, line no: 76,"CenturyFuturePrefix",STRING_LITERAL, line no: 16, 1.0, 1.0, 1.0
"月",STRING_LITERAL, line no: 76,"今から",STRING_LITERAL, line no: 16, 1.0, 1.0, 1.0
"月",STRING_LITERAL, line no: 76,"CenturyFutureSuffix",STRING_LITERAL, line no: 17, 1.0, 1.0, 1.0
"月",STRING_LITERAL, line no: 76,"世紀にもわたっ",STRING_LITERAL, line no: 17, 1.0, 1.0, 1.0
"月",STRING_LITERAL, line no: 76,"CenturyPastPrefix",STRING_LITERAL, line no: 18, 1.0, 1.0, 1.0
"月",STRING_LITERAL, line no: 76,"",STRING_LITERAL, line no: 18, 1.0, 1.0, 1.0
"月",STRING_LITERAL, line no: 76,"CenturyPastSuffix",STRING_LITERAL, line no: 19, 1.0, 1.0, 1.0
"月",STRING_LITERAL, line no: 76,"世紀前",STRING_LITERAL, line no: 19, 1.0, 1.0, 1.0
"月",STRING_LITERAL, line no: 76,"CenturySingularName",STRING_LITERAL, line no: 20, 1.0, 1.0, 1.0
"月",STRING_LITERAL, line no: 76,"CenturyPluralName",STRING_LITERAL, line no: 21, 1.0, 1.0, 1.0
"月",STRING_LITERAL, line no: 76,"DayPattern",STRING_LITERAL, line no: 22, 1.0, 1.0, 1.0
"月",STRING_LITERAL, line no: 76,"DayFuturePrefix",STRING_LITERAL, line no: 23, 1.0, 1.0, 1.0
"月",STRING_LITERAL, line no: 76,"DayFutureSuffix",STRING_LITERAL, line no: 24, 1.0, 1.0, 1.0
"月",STRING_LITERAL, line no: 76,"間",STRING_LITERAL, line no: 24, 1.0, 1.0, 1.0
"月",STRING_LITERAL, line no: 76,"DayPastPrefix",STRING_LITERAL, line no: 25, 1.0, 1.0, 1.0
"月",STRING_LITERAL, line no: 76,"DayPastSuffix",STRING_LITERAL, line no: 26, 1.0, 1.0, 1.0
"月",STRING_LITERAL, line no: 76,"前",STRING_LITERAL, line no: 26, 1.0, 1.0, 1.0
"月",STRING_LITERAL, line no: 76,"DaySingularName",STRING_LITERAL, line no: 27, 1.0, 1.0, 1.0
"月",STRING_LITERAL, line no: 76,"日",STRING_LITERAL, line no: 27, 1.0, 1.0, 1.0
"月",STRING_LITERAL, line no: 76,"DayPluralName",STRING_LITERAL, line no: 28, 1.0, 1.0, 1.0
"月",STRING_LITERAL, line no: 76,"DecadePattern",STRING_LITERAL, line no: 29, 1.0, 1.0, 1.0
"月",STRING_LITERAL, line no: 76,"DecadeFuturePrefix",STRING_LITERAL, line no: 30, 1.0, 1.0, 1.0
"月",STRING_LITERAL, line no: 76,"DecadeFutureSuffix",STRING_LITERAL, line no: 31, 1.0, 1.0, 1.0
"月",STRING_LITERAL, line no: 76,"年間",STRING_LITERAL, line no: 31, 1.0, 1.0, 1.0
"月",STRING_LITERAL, line no: 76,"DecadePastPrefix",STRING_LITERAL, line no: 32, 1.0, 1.0, 1.0
"月",STRING_LITERAL, line no: 76,"DecadePastSuffix",STRING_LITERAL, line no: 33, 1.0, 1.0, 1.0
"月",STRING_LITERAL, line no: 76,"年前",STRING_LITERAL, line no: 33, 1.0, 1.0, 1.0
"月",STRING_LITERAL, line no: 76,"DecadeSingularName",STRING_LITERAL, line no: 34, 1.0, 1.0, 1.0
"月",STRING_LITERAL, line no: 76,"DecadePluralName",STRING_LITERAL, line no: 35, 1.0, 1.0, 1.0
"月",STRING_LITERAL, line no: 76,"HourPattern",STRING_LITERAL, line no: 36, 1.0, 1.0, 1.0
"月",STRING_LITERAL, line no: 76,"HourFuturePrefix",STRING_LITERAL, line no: 37, 1.0, 1.0, 1.0
"月",STRING_LITERAL, line no: 76,"HourFutureSuffix",STRING_LITERAL, line no: 38, 1.0, 1.0, 1.0
"月",STRING_LITERAL, line no: 76,"HourPastPrefix",STRING_LITERAL, line no: 39, 1.0, 1.0, 1.0
"月",STRING_LITERAL, line no: 76,"HourPastSuffix",STRING_LITERAL, line no: 40, 1.0, 1.0, 1.0
"月",STRING_LITERAL, line no: 76,"HourSingularName",STRING_LITERAL, line no: 41, 1.0, 1.0, 1.0
"月",STRING_LITERAL, line no: 76,"時間",STRING_LITERAL, line no: 41, 1.0, 1.0, 1.0
"月",STRING_LITERAL, line no: 76,"HourPluralName",STRING_LITERAL, line no: 42, 1.0, 1.0, 1.0
"月",STRING_LITERAL, line no: 76,"JustNowPattern",STRING_LITERAL, line no: 43, 1.0, 1.0, 1.0
"月",STRING_LITERAL, line no: 76,"%u",STRING_LITERAL, line no: 43, 1.0, 1.0, 1.0
"月",STRING_LITERAL, line no: 76,"JustNowFuturePrefix",STRING_LITERAL, line no: 44, 1.0, 1.0, 1.0
"月",STRING_LITERAL, line no: 76,"JustNowFutureSuffix",STRING_LITERAL, line no: 45, 1.0, 1.0, 1.0
"月",STRING_LITERAL, line no: 76,"今からすぐ",STRING_LITERAL, line no: 45, 1.0, 1.0, 1.0
"月",STRING_LITERAL, line no: 76,"JustNowPastPrefix",STRING_LITERAL, line no: 46, 1.0, 1.0, 1.0
"月",STRING_LITERAL, line no: 76,"JustNowPastSuffix",STRING_LITERAL, line no: 47, 1.0, 1.0, 1.0
"月",STRING_LITERAL, line no: 76,"さっき",STRING_LITERAL, line no: 47, 1.0, 1.0, 1.0
"月",STRING_LITERAL, line no: 76,"JustNowSingularName",STRING_LITERAL, line no: 48, 1.0, 1.0, 1.0
"月",STRING_LITERAL, line no: 76,"JustNowPluralName",STRING_LITERAL, line no: 49, 1.0, 1.0, 1.0
"月",STRING_LITERAL, line no: 76,"MillenniumPattern",STRING_LITERAL, line no: 50, 1.0, 1.0, 1.0
"月",STRING_LITERAL, line no: 76,"%n %u",STRING_LITERAL, line no: 50, 1.0, 1.0, 1.0
"月",STRING_LITERAL, line no: 76,"MillenniumFuturePrefix",STRING_LITERAL, line no: 51, 1.0, 1.0, 1.0
"月",STRING_LITERAL, line no: 76,"MillenniumFutureSuffix",STRING_LITERAL, line no: 52, 1.0, 1.0, 1.0
"月",STRING_LITERAL, line no: 76,"MillenniumPastPrefix",STRING_LITERAL, line no: 53, 1.0, 1.0, 1.0
"月",STRING_LITERAL, line no: 76,"MillenniumPastSuffix",STRING_LITERAL, line no: 54, 1.0, 1.0, 1.0
"月",STRING_LITERAL, line no: 76,"MillenniumSingularName",STRING_LITERAL, line no: 55, 1.0, 1.0, 1.0
"月",STRING_LITERAL, line no: 76,"千年",STRING_LITERAL, line no: 55, 1.0, 1.0, 1.0
"月",STRING_LITERAL, line no: 76,"MillenniumPluralName",STRING_LITERAL, line no: 56, 1.0, 1.0, 1.0
"月",STRING_LITERAL, line no: 76,"MillisecondPattern",STRING_LITERAL, line no: 57, 1.0, 1.0, 1.0
"月",STRING_LITERAL, line no: 76,"MillisecondFuturePrefix",STRING_LITERAL, line no: 58, 1.0, 1.0, 1.0
"月",STRING_LITERAL, line no: 76,"MillisecondFutureSuffix",STRING_LITERAL, line no: 59, 1.0, 1.0, 1.0
"月",STRING_LITERAL, line no: 76,"MillisecondPastPrefix",STRING_LITERAL, line no: 60, 1.0, 1.0, 1.0
"月",STRING_LITERAL, line no: 76,"MillisecondPastSuffix",STRING_LITERAL, line no: 61, 1.0, 1.0, 1.0
"月",STRING_LITERAL, line no: 76,"MillisecondSingularName",STRING_LITERAL, line no: 62, 1.0, 1.0, 1.0
"月",STRING_LITERAL, line no: 76,"ミリ秒",STRING_LITERAL, line no: 62, 1.0, 1.0, 1.0
"月",STRING_LITERAL, line no: 76,"MillisecondPluralName",STRING_LITERAL, line no: 63, 1.0, 1.0, 1.0
"月",STRING_LITERAL, line no: 76,"MinutePattern",STRING_LITERAL, line no: 64, 1.0, 1.0, 1.0
"月",STRING_LITERAL, line no: 76,"MinuteFuturePrefix",STRING_LITERAL, line no: 65, 1.0, 1.0, 1.0
"月",STRING_LITERAL, line no: 76,"MinuteFutureSuffix",STRING_LITERAL, line no: 66, 1.0, 1.0, 1.0
"月",STRING_LITERAL, line no: 76,"MinutePastPrefix",STRING_LITERAL, line no: 67, 1.0, 1.0, 1.0
"月",STRING_LITERAL, line no: 76,"MinutePastSuffix",STRING_LITERAL, line no: 68, 1.0, 1.0, 1.0
"月",STRING_LITERAL, line no: 76,"MinuteSingularName",STRING_LITERAL, line no: 69, 1.0, 1.0, 1.0
"月",STRING_LITERAL, line no: 76,"分",STRING_LITERAL, line no: 69, 1.0, 1.0, 1.0
"月",STRING_LITERAL, line no: 76,"MinutePluralName",STRING_LITERAL, line no: 70, 1.0, 1.0, 1.0
"月",STRING_LITERAL, line no: 76,"MonthPattern",STRING_LITERAL, line no: 71, 1.0, 1.0, 1.0
"月",STRING_LITERAL, line no: 76,"MonthFuturePrefix",STRING_LITERAL, line no: 72, 1.0, 1.0, 1.0
"月",STRING_LITERAL, line no: 76,"MonthFutureSuffix",STRING_LITERAL, line no: 73, 1.0, 1.0, 1.0
"月",STRING_LITERAL, line no: 76,"MonthPastPrefix",STRING_LITERAL, line no: 74, 1.0, 1.0, 1.0
"月",STRING_LITERAL, line no: 76,"MonthPastSuffix",STRING_LITERAL, line no: 75, 1.0, 1.0, 1.0
"月",STRING_LITERAL, line no: 76,"MonthSingularName",STRING_LITERAL, line no: 76, 1.0, 1.0, 1.0
"月",STRING_LITERAL, line no: 76,"MonthPluralName",STRING_LITERAL, line no: 77, 1.0, 1.0, 1.0
"月",STRING_LITERAL, line no: 76,"ヶ月",STRING_LITERAL, line no: 77, 1.0, 1.0, 1.0
"月",STRING_LITERAL, line no: 76,"SecondPattern",STRING_LITERAL, line no: 78, 1.0, 1.0, 1.0
"月",STRING_LITERAL, line no: 76,"SecondFuturePrefix",STRING_LITERAL, line no: 79, 1.0, 1.0, 1.0
"月",STRING_LITERAL, line no: 76,"SecondFutureSuffix",STRING_LITERAL, line no: 80, 1.0, 1.0, 1.0
"月",STRING_LITERAL, line no: 76,"SecondPastPrefix",STRING_LITERAL, line no: 81, 1.0, 1.0, 1.0
"月",STRING_LITERAL, line no: 76,"SecondPastSuffix",STRING_LITERAL, line no: 82, 1.0, 1.0, 1.0
"月",STRING_LITERAL, line no: 76,"SecondSingularName",STRING_LITERAL, line no: 83, 1.0, 1.0, 1.0
"月",STRING_LITERAL, line no: 76,"秒",STRING_LITERAL, line no: 83, 1.0, 1.0, 1.0
"月",STRING_LITERAL, line no: 76,"SecondPluralName",STRING_LITERAL, line no: 84, 1.0, 1.0, 1.0
"月",STRING_LITERAL, line no: 76,"WeekPattern",STRING_LITERAL, line no: 85, 1.0, 1.0, 1.0
"月",STRING_LITERAL, line no: 76,"WeekFuturePrefix",STRING_LITERAL, line no: 86, 1.0, 1.0, 1.0
"月",STRING_LITERAL, line no: 76,"WeekFutureSuffix",STRING_LITERAL, line no: 87, 1.0, 1.0, 1.0
"月",STRING_LITERAL, line no: 76,"週間",STRING_LITERAL, line no: 87, 1.0, 1.0, 1.0
"月",STRING_LITERAL, line no: 76,"WeekPastPrefix",STRING_LITERAL, line no: 88, 1.0, 1.0, 1.0
"月",STRING_LITERAL, line no: 76,"WeekPastSuffix",STRING_LITERAL, line no: 89, 1.0, 1.0, 1.0
"月",STRING_LITERAL, line no: 76,"週間前",STRING_LITERAL, line no: 89, 1.0, 1.0, 1.0
"月",STRING_LITERAL, line no: 76,"WeekSingularName",STRING_LITERAL, line no: 90, 1.0, 1.0, 1.0
"月",STRING_LITERAL, line no: 76,"WeekPluralName",STRING_LITERAL, line no: 91, 1.0, 1.0, 1.0
"月",STRING_LITERAL, line no: 76,"YearPattern",STRING_LITERAL, line no: 92, 1.0, 1.0, 1.0
"月",STRING_LITERAL, line no: 76,"YearFuturePrefix",STRING_LITERAL, line no: 93, 1.0, 1.0, 1.0
"月",STRING_LITERAL, line no: 76,"YearFutureSuffix",STRING_LITERAL, line no: 94, 1.0, 1.0, 1.0
"月",STRING_LITERAL, line no: 76,"年後の",STRING_LITERAL, line no: 94, 1.0, 1.0, 1.0
"月",STRING_LITERAL, line no: 76,"YearPastPrefix",STRING_LITERAL, line no: 95, 1.0, 1.0, 1.0
"月",STRING_LITERAL, line no: 76,"YearPastSuffix",STRING_LITERAL, line no: 96, 1.0, 1.0, 1.0
"月",STRING_LITERAL, line no: 76,"YearSingularName",STRING_LITERAL, line no: 97, 1.0, 1.0, 1.0
"月",STRING_LITERAL, line no: 76,"YearPluralName",STRING_LITERAL, line no: 98, 1.0, 1.0, 1.0
"月",STRING_LITERAL, line no: 76,"AbstractTimeUnitPattern",STRING_LITERAL, line no: 99, 1.0, 1.0, 1.0
"月",STRING_LITERAL, line no: 76,"AbstractTimeUnitFuturePrefix",STRING_LITERAL, line no: 100, 1.0, 1.0, 1.0
"月",STRING_LITERAL, line no: 76,"AbstractTimeUnitFutureSuffix",STRING_LITERAL, line no: 101, 1.0, 1.0, 1.0
"月",STRING_LITERAL, line no: 76,"AbstractTimeUnitPastPrefix",STRING_LITERAL, line no: 102, 1.0, 1.0, 1.0
"月",STRING_LITERAL, line no: 76,"AbstractTimeUnitPastSuffix",STRING_LITERAL, line no: 103, 1.0, 1.0, 1.0
"月",STRING_LITERAL, line no: 76,"AbstractTimeUnitSingularName",STRING_LITERAL, line no: 104, 1.0, 1.0, 1.0
"月",STRING_LITERAL, line no: 76,"AbstractTimeUnitPluralName",STRING_LITERAL, line no: 105, 1.0, 1.0, 1.0
"MonthSingularName",STRING_LITERAL, line no: 76,"-",STRING_LITERAL, line no: 124, 0.625, 0.625, 1.0
"MonthSingularName",STRING_LITERAL, line no: 76,"%s",STRING_LITERAL, line no: 125, 0.625, 0.625, 1.0
"MonthSingularName",STRING_LITERAL, line no: 76,"%n",STRING_LITERAL, line no: 126, 0.625, 0.625, 1.0
"月",STRING_LITERAL, line no: 76,"-",STRING_LITERAL, line no: 124, 0.625, 0.625, 1.0
"月",STRING_LITERAL, line no: 76,"%s",STRING_LITERAL, line no: 125, 0.625, 0.625, 1.0
"月",STRING_LITERAL, line no: 76,"%n",STRING_LITERAL, line no: 126, 0.625, 0.625, 1.0
"MonthSingularName",STRING_LITERAL, line no: 76,NEGATIVE,SIMPLE_NAME, line no: 124, 0.5, 0.5, 1.0
"MonthSingularName",STRING_LITERAL, line no: 76,SIGN,SIMPLE_NAME, line no: 125, 0.5, 0.5, 1.0
"MonthSingularName",STRING_LITERAL, line no: 76,QUANTITY,SIMPLE_NAME, line no: 126, 0.5, 0.5, 1.0
"MonthSingularName",STRING_LITERAL, line no: 76,UNIT,SIMPLE_NAME, line no: 127, 0.5, 0.5, 1.0
"MonthSingularName",STRING_LITERAL, line no: 76,singularName,SIMPLE_NAME, line no: 130, 0.5, 0.5, 1.0
"MonthSingularName",STRING_LITERAL, line no: 76,pluralName,SIMPLE_NAME, line no: 131, 0.5, 0.5, 1.0
"MonthSingularName",STRING_LITERAL, line no: 76,futureSingularName,SIMPLE_NAME, line no: 132, 0.5, 0.5, 1.0
"MonthSingularName",STRING_LITERAL, line no: 76,futurePluralName,SIMPLE_NAME, line no: 133, 0.5, 0.5, 1.0
"MonthSingularName",STRING_LITERAL, line no: 76,pastSingularName,SIMPLE_NAME, line no: 134, 0.5, 0.5, 1.0
"MonthSingularName",STRING_LITERAL, line no: 76,pastPluralName,SIMPLE_NAME, line no: 135, 0.5, 0.5, 1.0
"MonthSingularName",STRING_LITERAL, line no: 76,pattern,SIMPLE_NAME, line no: 137, 0.5, 0.5, 1.0
"MonthSingularName",STRING_LITERAL, line no: 76,futurePrefix,SIMPLE_NAME, line no: 138, 0.5, 0.5, 1.0
"MonthSingularName",STRING_LITERAL, line no: 76,futureSuffix,SIMPLE_NAME, line no: 139, 0.5, 0.5, 1.0
"MonthSingularName",STRING_LITERAL, line no: 76,pastPrefix,SIMPLE_NAME, line no: 140, 0.5, 0.5, 1.0
"MonthSingularName",STRING_LITERAL, line no: 76,pastSuffix,SIMPLE_NAME, line no: 141, 0.5, 0.5, 1.0
"月",STRING_LITERAL, line no: 76,NEGATIVE,SIMPLE_NAME, line no: 124, 0.5, 0.5, 1.0
"月",STRING_LITERAL, line no: 76,SIGN,SIMPLE_NAME, line no: 125, 0.5, 0.5, 1.0
"月",STRING_LITERAL, line no: 76,QUANTITY,SIMPLE_NAME, line no: 126, 0.5, 0.5, 1.0
"月",STRING_LITERAL, line no: 76,UNIT,SIMPLE_NAME, line no: 127, 0.5, 0.5, 1.0
"月",STRING_LITERAL, line no: 76,singularName,SIMPLE_NAME, line no: 130, 0.5, 0.5, 1.0
"月",STRING_LITERAL, line no: 76,pluralName,SIMPLE_NAME, line no: 131, 0.5, 0.5, 1.0
"月",STRING_LITERAL, line no: 76,futureSingularName,SIMPLE_NAME, line no: 132, 0.5, 0.5, 1.0
"月",STRING_LITERAL, line no: 76,futurePluralName,SIMPLE_NAME, line no: 133, 0.5, 0.5, 1.0
"月",STRING_LITERAL, line no: 76,pastSingularName,SIMPLE_NAME, line no: 134, 0.5, 0.5, 1.0
"月",STRING_LITERAL, line no: 76,pastPluralName,SIMPLE_NAME, line no: 135, 0.5, 0.5, 1.0
"月",STRING_LITERAL, line no: 76,pattern,SIMPLE_NAME, line no: 137, 0.5, 0.5, 1.0
"月",STRING_LITERAL, line no: 76,futurePrefix,SIMPLE_NAME, line no: 138, 0.5, 0.5, 1.0
"月",STRING_LITERAL, line no: 76,futureSuffix,SIMPLE_NAME, line no: 139, 0.5, 0.5, 1.0
"月",STRING_LITERAL, line no: 76,pastPrefix,SIMPLE_NAME, line no: 140, 0.5, 0.5, 1.0
"月",STRING_LITERAL, line no: 76,pastSuffix,SIMPLE_NAME, line no: 141, 0.5, 0.5, 1.0
"MonthSingularName",STRING_LITERAL, line no: 76,String,SIMPLE_NAME, line no: 124, 0.375, 0.375, 1.0
"月",STRING_LITERAL, line no: 76,String,SIMPLE_NAME, line no: 124, 0.375, 0.375, 1.0
"MonthSingularName",STRING_LITERAL, line no: 76,bundle.getString(getUnitName(unit) + "Pattern"),METHOD_INVOCATION, line no: 148, 0.125, 0.125, 1.0
"MonthSingularName",STRING_LITERAL, line no: 76,getString,SIMPLE_NAME, line no: 148, 0.125, 0.125, 1.0
"MonthSingularName",STRING_LITERAL, line no: 76,getUnitName(unit) + "Pattern",INFIX_EXPRESSION, line no: 148, 0.125, 0.125, 1.0
"MonthSingularName",STRING_LITERAL, line no: 76,getUnitName(unit),METHOD_INVOCATION, line no: 148, 0.125, 0.125, 1.0
"MonthSingularName",STRING_LITERAL, line no: 76,getUnitName,SIMPLE_NAME, line no: 148, 0.125, 0.125, 1.0
"MonthSingularName",STRING_LITERAL, line no: 76,"Pattern",STRING_LITERAL, line no: 148, 0.125, 0.125, 1.0
"MonthSingularName",STRING_LITERAL, line no: 76,bundle.getString(getUnitName(unit) + "FuturePrefix"),METHOD_INVOCATION, line no: 149, 0.125, 0.125, 1.0
"MonthSingularName",STRING_LITERAL, line no: 76,getUnitName(unit) + "FuturePrefix",INFIX_EXPRESSION, line no: 149, 0.125, 0.125, 1.0
"MonthSingularName",STRING_LITERAL, line no: 76,"FuturePrefix",STRING_LITERAL, line no: 149, 0.125, 0.125, 1.0
"MonthSingularName",STRING_LITERAL, line no: 76,bundle.getString(getUnitName(unit) + "FutureSuffix"),METHOD_INVOCATION, line no: 150, 0.125, 0.125, 1.0
"MonthSingularName",STRING_LITERAL, line no: 76,getUnitName(unit) + "FutureSuffix",INFIX_EXPRESSION, line no: 150, 0.125, 0.125, 1.0
"MonthSingularName",STRING_LITERAL, line no: 76,"FutureSuffix",STRING_LITERAL, line no: 150, 0.125, 0.125, 1.0
"MonthSingularName",STRING_LITERAL, line no: 76,bundle.getString(getUnitName(unit) + "PastPrefix"),METHOD_INVOCATION, line no: 151, 0.125, 0.125, 1.0
"MonthSingularName",STRING_LITERAL, line no: 76,getUnitName(unit) + "PastPrefix",INFIX_EXPRESSION, line no: 151, 0.125, 0.125, 1.0
"MonthSingularName",STRING_LITERAL, line no: 76,"PastPrefix",STRING_LITERAL, line no: 151, 0.125, 0.125, 1.0
"MonthSingularName",STRING_LITERAL, line no: 76,bundle.getString(getUnitName(unit) + "PastSuffix"),METHOD_INVOCATION, line no: 152, 0.125, 0.125, 1.0
"MonthSingularName",STRING_LITERAL, line no: 76,getUnitName(unit) + "PastSuffix",INFIX_EXPRESSION, line no: 152, 0.125, 0.125, 1.0
"MonthSingularName",STRING_LITERAL, line no: 76,"PastSuffix",STRING_LITERAL, line no: 152, 0.125, 0.125, 1.0
"MonthSingularName",STRING_LITERAL, line no: 76,bundle.getString(getUnitName(unit) + "SingularName"),METHOD_INVOCATION, line no: 154, 0.125, 0.125, 1.0
"MonthSingularName",STRING_LITERAL, line no: 76,getUnitName(unit) + "SingularName",INFIX_EXPRESSION, line no: 154, 0.125, 0.125, 1.0
"MonthSingularName",STRING_LITERAL, line no: 76,"SingularName",STRING_LITERAL, line no: 154, 0.125, 0.125, 1.0
"MonthSingularName",STRING_LITERAL, line no: 76,bundle.getString(getUnitName(unit) + "PluralName"),METHOD_INVOCATION, line no: 155, 0.125, 0.125, 1.0
"MonthSingularName",STRING_LITERAL, line no: 76,getUnitName(unit) + "PluralName",INFIX_EXPRESSION, line no: 155, 0.125, 0.125, 1.0
"MonthSingularName",STRING_LITERAL, line no: 76,"PluralName",STRING_LITERAL, line no: 155, 0.125, 0.125, 1.0
"MonthSingularName",STRING_LITERAL, line no: 76,bundle.getString(getUnitName(unit) + "FuturePluralName"),METHOD_INVOCATION, line no: 158, 0.125, 0.125, 1.0
"MonthSingularName",STRING_LITERAL, line no: 76,getUnitName(unit) + "FuturePluralName",INFIX_EXPRESSION, line no: 158, 0.125, 0.125, 1.0
"MonthSingularName",STRING_LITERAL, line no: 76,"FuturePluralName",STRING_LITERAL, line no: 158, 0.125, 0.125, 1.0
"MonthSingularName",STRING_LITERAL, line no: 76,(bundle.getString(getUnitName(unit) + "FutureSingularName")),PARENTHESIZED_EXPRESSION, line no: 163, 0.125, 0.125, 1.0
"MonthSingularName",STRING_LITERAL, line no: 76,bundle.getString(getUnitName(unit) + "FutureSingularName"),METHOD_INVOCATION, line no: 163, 0.125, 0.125, 1.0
"MonthSingularName",STRING_LITERAL, line no: 76,getUnitName(unit) + "FutureSingularName",INFIX_EXPRESSION, line no: 163, 0.125, 0.125, 1.0
"MonthSingularName",STRING_LITERAL, line no: 76,"FutureSingularName",STRING_LITERAL, line no: 163, 0.125, 0.125, 1.0
"MonthSingularName",STRING_LITERAL, line no: 76,(bundle.getString(getUnitName(unit) + "PastPluralName")),PARENTHESIZED_EXPRESSION, line no: 168, 0.125, 0.125, 1.0
"MonthSingularName",STRING_LITERAL, line no: 76,bundle.getString(getUnitName(unit) + "PastPluralName"),METHOD_INVOCATION, line no: 168, 0.125, 0.125, 1.0
"MonthSingularName",STRING_LITERAL, line no: 76,getUnitName(unit) + "PastPluralName",INFIX_EXPRESSION, line no: 168, 0.125, 0.125, 1.0
"MonthSingularName",STRING_LITERAL, line no: 76,"PastPluralName",STRING_LITERAL, line no: 168, 0.125, 0.125, 1.0
"MonthSingularName",STRING_LITERAL, line no: 76,(bundle.getString(getUnitName(unit) + "PastSingularName")),PARENTHESIZED_EXPRESSION, line no: 173, 0.125, 0.125, 1.0
"MonthSingularName",STRING_LITERAL, line no: 76,bundle.getString(getUnitName(unit) + "PastSingularName"),METHOD_INVOCATION, line no: 173, 0.125, 0.125, 1.0
"MonthSingularName",STRING_LITERAL, line no: 76,getUnitName(unit) + "PastSingularName",INFIX_EXPRESSION, line no: 173, 0.125, 0.125, 1.0
"MonthSingularName",STRING_LITERAL, line no: 76,"PastSingularName",STRING_LITERAL, line no: 173, 0.125, 0.125, 1.0
"MonthSingularName",STRING_LITERAL, line no: 76,sign,SIMPLE_NAME, line no: 194, 0.125, 0.125, 1.0
"MonthSingularName",STRING_LITERAL, line no: 76,getSign(duration),METHOD_INVOCATION, line no: 194, 0.125, 0.125, 1.0
"MonthSingularName",STRING_LITERAL, line no: 76,getSign,SIMPLE_NAME, line no: 194, 0.125, 0.125, 1.0
"MonthSingularName",STRING_LITERAL, line no: 76,unit,SIMPLE_NAME, line no: 195, 0.125, 0.125, 1.0
"MonthSingularName",STRING_LITERAL, line no: 76,getGramaticallyCorrectName(duration round),METHOD_INVOCATION, line no: 195, 0.125, 0.125, 1.0
"MonthSingularName",STRING_LITERAL, line no: 76,getGramaticallyCorrectName,SIMPLE_NAME, line no: 195, 0.125, 0.125, 1.0
"MonthSingularName",STRING_LITERAL, line no: 76,result,SIMPLE_NAME, line no: 202, 0.125, 0.125, 1.0
"MonthSingularName",STRING_LITERAL, line no: 76,getPattern(quantity).replaceAll(SIGN sign),METHOD_INVOCATION, line no: 202, 0.125, 0.125, 1.0
"MonthSingularName",STRING_LITERAL, line no: 76,getPattern(quantity),METHOD_INVOCATION, line no: 202, 0.125, 0.125, 1.0
"MonthSingularName",STRING_LITERAL, line no: 76,getPattern,SIMPLE_NAME, line no: 202, 0.125, 0.125, 1.0
"MonthSingularName",STRING_LITERAL, line no: 76,replaceAll,SIMPLE_NAME, line no: 202, 0.125, 0.125, 1.0
"MonthSingularName",STRING_LITERAL, line no: 76,getSingularName(d),METHOD_INVOCATION, line no: 221, 0.125, 0.125, 1.0
"MonthSingularName",STRING_LITERAL, line no: 76,getSingularName,SIMPLE_NAME, line no: 221, 0.125, 0.125, 1.0
"MonthSingularName",STRING_LITERAL, line no: 76,result.toString().replaceAll("\\s+" " ").trim(),METHOD_INVOCATION, line no: 268, 0.125, 0.125, 1.0
"MonthSingularName",STRING_LITERAL, line no: 76,result.toString().replaceAll("\\s+" " "),METHOD_INVOCATION, line no: 268, 0.125, 0.125, 1.0
"MonthSingularName",STRING_LITERAL, line no: 76,result.toString(),METHOD_INVOCATION, line no: 268, 0.125, 0.125, 1.0
"MonthSingularName",STRING_LITERAL, line no: 76,toString,SIMPLE_NAME, line no: 268, 0.125, 0.125, 1.0
"MonthSingularName",STRING_LITERAL, line no: 76,"\\s+",STRING_LITERAL, line no: 268, 0.125, 0.125, 1.0
"MonthSingularName",STRING_LITERAL, line no: 76," ",STRING_LITERAL, line no: 268, 0.125, 0.125, 1.0
"MonthSingularName",STRING_LITERAL, line no: 76,trim,SIMPLE_NAME, line no: 268, 0.125, 0.125, 1.0
"MonthSingularName",STRING_LITERAL, line no: 76,"JaTimeFormat [pattern=" + pattern + "  futurePrefix="+ futurePrefix+ "  futureSuffix="+ futureSuffix+ "  pastPrefix="+ pastPrefix+ "  pastSuffix="+ pastSuffix+ "  roundingTolerance="+ roundingTolerance+ "]",INFIX_EXPRESSION, line no: 347, 0.125, 0.125, 1.0
"MonthSingularName",STRING_LITERAL, line no: 76,"JaTimeFormat [pattern=",STRING_LITERAL, line no: 347, 0.125, 0.125, 1.0
"MonthSingularName",STRING_LITERAL, line no: 76,"  futurePrefix=",STRING_LITERAL, line no: 347, 0.125, 0.125, 1.0
"MonthSingularName",STRING_LITERAL, line no: 76,"  futureSuffix=",STRING_LITERAL, line no: 347, 0.125, 0.125, 1.0
"MonthSingularName",STRING_LITERAL, line no: 76,"  pastPrefix=",STRING_LITERAL, line no: 348, 0.125, 0.125, 1.0
"MonthSingularName",STRING_LITERAL, line no: 76,"  pastSuffix=",STRING_LITERAL, line no: 348, 0.125, 0.125, 1.0
"MonthSingularName",STRING_LITERAL, line no: 76,"  roundingTolerance=",STRING_LITERAL, line no: 349, 0.125, 0.125, 1.0
"MonthSingularName",STRING_LITERAL, line no: 76,"]",STRING_LITERAL, line no: 350, 0.125, 0.125, 1.0
"月",STRING_LITERAL, line no: 76,bundle.getString(getUnitName(unit) + "Pattern"),METHOD_INVOCATION, line no: 148, 0.125, 0.125, 1.0
"月",STRING_LITERAL, line no: 76,getString,SIMPLE_NAME, line no: 148, 0.125, 0.125, 1.0
"月",STRING_LITERAL, line no: 76,getUnitName(unit) + "Pattern",INFIX_EXPRESSION, line no: 148, 0.125, 0.125, 1.0
"月",STRING_LITERAL, line no: 76,getUnitName(unit),METHOD_INVOCATION, line no: 148, 0.125, 0.125, 1.0
"月",STRING_LITERAL, line no: 76,getUnitName,SIMPLE_NAME, line no: 148, 0.125, 0.125, 1.0
"月",STRING_LITERAL, line no: 76,"Pattern",STRING_LITERAL, line no: 148, 0.125, 0.125, 1.0
"月",STRING_LITERAL, line no: 76,bundle.getString(getUnitName(unit) + "FuturePrefix"),METHOD_INVOCATION, line no: 149, 0.125, 0.125, 1.0
"月",STRING_LITERAL, line no: 76,getUnitName(unit) + "FuturePrefix",INFIX_EXPRESSION, line no: 149, 0.125, 0.125, 1.0
"月",STRING_LITERAL, line no: 76,"FuturePrefix",STRING_LITERAL, line no: 149, 0.125, 0.125, 1.0
"月",STRING_LITERAL, line no: 76,bundle.getString(getUnitName(unit) + "FutureSuffix"),METHOD_INVOCATION, line no: 150, 0.125, 0.125, 1.0
"月",STRING_LITERAL, line no: 76,getUnitName(unit) + "FutureSuffix",INFIX_EXPRESSION, line no: 150, 0.125, 0.125, 1.0
"月",STRING_LITERAL, line no: 76,"FutureSuffix",STRING_LITERAL, line no: 150, 0.125, 0.125, 1.0
"月",STRING_LITERAL, line no: 76,bundle.getString(getUnitName(unit) + "PastPrefix"),METHOD_INVOCATION, line no: 151, 0.125, 0.125, 1.0
"月",STRING_LITERAL, line no: 76,getUnitName(unit) + "PastPrefix",INFIX_EXPRESSION, line no: 151, 0.125, 0.125, 1.0
"月",STRING_LITERAL, line no: 76,"PastPrefix",STRING_LITERAL, line no: 151, 0.125, 0.125, 1.0
"月",STRING_LITERAL, line no: 76,bundle.getString(getUnitName(unit) + "PastSuffix"),METHOD_INVOCATION, line no: 152, 0.125, 0.125, 1.0
"月",STRING_LITERAL, line no: 76,getUnitName(unit) + "PastSuffix",INFIX_EXPRESSION, line no: 152, 0.125, 0.125, 1.0
"月",STRING_LITERAL, line no: 76,"PastSuffix",STRING_LITERAL, line no: 152, 0.125, 0.125, 1.0
"月",STRING_LITERAL, line no: 76,bundle.getString(getUnitName(unit) + "SingularName"),METHOD_INVOCATION, line no: 154, 0.125, 0.125, 1.0
"月",STRING_LITERAL, line no: 76,getUnitName(unit) + "SingularName",INFIX_EXPRESSION, line no: 154, 0.125, 0.125, 1.0
"月",STRING_LITERAL, line no: 76,"SingularName",STRING_LITERAL, line no: 154, 0.125, 0.125, 1.0
"月",STRING_LITERAL, line no: 76,bundle.getString(getUnitName(unit) + "PluralName"),METHOD_INVOCATION, line no: 155, 0.125, 0.125, 1.0
"月",STRING_LITERAL, line no: 76,getUnitName(unit) + "PluralName",INFIX_EXPRESSION, line no: 155, 0.125, 0.125, 1.0
"月",STRING_LITERAL, line no: 76,"PluralName",STRING_LITERAL, line no: 155, 0.125, 0.125, 1.0
"月",STRING_LITERAL, line no: 76,bundle.getString(getUnitName(unit) + "FuturePluralName"),METHOD_INVOCATION, line no: 158, 0.125, 0.125, 1.0
"月",STRING_LITERAL, line no: 76,getUnitName(unit) + "FuturePluralName",INFIX_EXPRESSION, line no: 158, 0.125, 0.125, 1.0
"月",STRING_LITERAL, line no: 76,"FuturePluralName",STRING_LITERAL, line no: 158, 0.125, 0.125, 1.0
"月",STRING_LITERAL, line no: 76,(bundle.getString(getUnitName(unit) + "FutureSingularName")),PARENTHESIZED_EXPRESSION, line no: 163, 0.125, 0.125, 1.0
"月",STRING_LITERAL, line no: 76,bundle.getString(getUnitName(unit) + "FutureSingularName"),METHOD_INVOCATION, line no: 163, 0.125, 0.125, 1.0
"月",STRING_LITERAL, line no: 76,getUnitName(unit) + "FutureSingularName",INFIX_EXPRESSION, line no: 163, 0.125, 0.125, 1.0
"月",STRING_LITERAL, line no: 76,"FutureSingularName",STRING_LITERAL, line no: 163, 0.125, 0.125, 1.0
"月",STRING_LITERAL, line no: 76,(bundle.getString(getUnitName(unit) + "PastPluralName")),PARENTHESIZED_EXPRESSION, line no: 168, 0.125, 0.125, 1.0
"月",STRING_LITERAL, line no: 76,bundle.getString(getUnitName(unit) + "PastPluralName"),METHOD_INVOCATION, line no: 168, 0.125, 0.125, 1.0
"月",STRING_LITERAL, line no: 76,getUnitName(unit) + "PastPluralName",INFIX_EXPRESSION, line no: 168, 0.125, 0.125, 1.0
"月",STRING_LITERAL, line no: 76,"PastPluralName",STRING_LITERAL, line no: 168, 0.125, 0.125, 1.0
"月",STRING_LITERAL, line no: 76,(bundle.getString(getUnitName(unit) + "PastSingularName")),PARENTHESIZED_EXPRESSION, line no: 173, 0.125, 0.125, 1.0
"月",STRING_LITERAL, line no: 76,bundle.getString(getUnitName(unit) + "PastSingularName"),METHOD_INVOCATION, line no: 173, 0.125, 0.125, 1.0
"月",STRING_LITERAL, line no: 76,getUnitName(unit) + "PastSingularName",INFIX_EXPRESSION, line no: 173, 0.125, 0.125, 1.0
"月",STRING_LITERAL, line no: 76,"PastSingularName",STRING_LITERAL, line no: 173, 0.125, 0.125, 1.0
"月",STRING_LITERAL, line no: 76,sign,SIMPLE_NAME, line no: 194, 0.125, 0.125, 1.0
"月",STRING_LITERAL, line no: 76,getSign(duration),METHOD_INVOCATION, line no: 194, 0.125, 0.125, 1.0
"月",STRING_LITERAL, line no: 76,getSign,SIMPLE_NAME, line no: 194, 0.125, 0.125, 1.0
"月",STRING_LITERAL, line no: 76,unit,SIMPLE_NAME, line no: 195, 0.125, 0.125, 1.0
"月",STRING_LITERAL, line no: 76,getGramaticallyCorrectName(duration round),METHOD_INVOCATION, line no: 195, 0.125, 0.125, 1.0
"月",STRING_LITERAL, line no: 76,getGramaticallyCorrectName,SIMPLE_NAME, line no: 195, 0.125, 0.125, 1.0
"月",STRING_LITERAL, line no: 76,result,SIMPLE_NAME, line no: 202, 0.125, 0.125, 1.0
"月",STRING_LITERAL, line no: 76,getPattern(quantity).replaceAll(SIGN sign),METHOD_INVOCATION, line no: 202, 0.125, 0.125, 1.0
"月",STRING_LITERAL, line no: 76,getPattern(quantity),METHOD_INVOCATION, line no: 202, 0.125, 0.125, 1.0
"月",STRING_LITERAL, line no: 76,getPattern,SIMPLE_NAME, line no: 202, 0.125, 0.125, 1.0
"月",STRING_LITERAL, line no: 76,replaceAll,SIMPLE_NAME, line no: 202, 0.125, 0.125, 1.0
"月",STRING_LITERAL, line no: 76,getSingularName(d),METHOD_INVOCATION, line no: 221, 0.125, 0.125, 1.0
"月",STRING_LITERAL, line no: 76,getSingularName,SIMPLE_NAME, line no: 221, 0.125, 0.125, 1.0
"月",STRING_LITERAL, line no: 76,result.toString().replaceAll("\\s+" " ").trim(),METHOD_INVOCATION, line no: 268, 0.125, 0.125, 1.0
"月",STRING_LITERAL, line no: 76,result.toString().replaceAll("\\s+" " "),METHOD_INVOCATION, line no: 268, 0.125, 0.125, 1.0
"月",STRING_LITERAL, line no: 76,result.toString(),METHOD_INVOCATION, line no: 268, 0.125, 0.125, 1.0
"月",STRING_LITERAL, line no: 76,toString,SIMPLE_NAME, line no: 268, 0.125, 0.125, 1.0
"月",STRING_LITERAL, line no: 76,"\\s+",STRING_LITERAL, line no: 268, 0.125, 0.125, 1.0
"月",STRING_LITERAL, line no: 76," ",STRING_LITERAL, line no: 268, 0.125, 0.125, 1.0
"月",STRING_LITERAL, line no: 76,trim,SIMPLE_NAME, line no: 268, 0.125, 0.125, 1.0
"月",STRING_LITERAL, line no: 76,"JaTimeFormat [pattern=" + pattern + "  futurePrefix="+ futurePrefix+ "  futureSuffix="+ futureSuffix+ "  pastPrefix="+ pastPrefix+ "  pastSuffix="+ pastSuffix+ "  roundingTolerance="+ roundingTolerance+ "]",INFIX_EXPRESSION, line no: 347, 0.125, 0.125, 1.0
"月",STRING_LITERAL, line no: 76,"JaTimeFormat [pattern=",STRING_LITERAL, line no: 347, 0.125, 0.125, 1.0
"月",STRING_LITERAL, line no: 76,"  futurePrefix=",STRING_LITERAL, line no: 347, 0.125, 0.125, 1.0
"月",STRING_LITERAL, line no: 76,"  futureSuffix=",STRING_LITERAL, line no: 347, 0.125, 0.125, 1.0
"月",STRING_LITERAL, line no: 76,"  pastPrefix=",STRING_LITERAL, line no: 348, 0.125, 0.125, 1.0
"月",STRING_LITERAL, line no: 76,"  pastSuffix=",STRING_LITERAL, line no: 348, 0.125, 0.125, 1.0
"月",STRING_LITERAL, line no: 76,"  roundingTolerance=",STRING_LITERAL, line no: 349, 0.125, 0.125, 1.0
"月",STRING_LITERAL, line no: 76,"]",STRING_LITERAL, line no: 350, 0.125, 0.125, 1.0
