100,NUMBER_LITERAL, line no: 25,100.0,NUMBER_LITERAL, line no: 33, 0.6, 0.6923076923076923, 0.0, 0.6, 0.0
result == 0,INFIX_EXPRESSION, line no: 25,result,SIMPLE_NAME, line no: 14, 0.5454545454545454, 0.08333333333333333, 0.0, 0.5454545454545454, 0.0
result == 0,INFIX_EXPRESSION, line no: 25,total == 0,INFIX_EXPRESSION, line no: 17, 0.5454545454545454, 0.6666666666666666, 0.0, 0.5454545454545454, 0.0
result,SIMPLE_NAME, line no: 25,result == 0,INFIX_EXPRESSION, line no: 25, 0.5454545454545454, 0.9230769230769231, 0.0, 0.5454545454545454, 0.0
result,SIMPLE_NAME, line no: 25,result == 0,INFIX_EXPRESSION, line no: 25, 0.5454545454545454, 0.9230769230769231, 0.0, 0.5454545454545454, 0.0
result == 0,INFIX_EXPRESSION, line no: 25,100 - result,INFIX_EXPRESSION, line no: 25, 0.5, 1.0, 1.0, 0.5, 0.0
result,SIMPLE_NAME, line no: 25,100 - result,INFIX_EXPRESSION, line no: 25, 0.5, 0.9230769230769231, 1.0, 0.5, 0.0
100 - result,INFIX_EXPRESSION, line no: 25,result,SIMPLE_NAME, line no: 14, 0.5, 0.08333333333333333, 1.0, 0.5, 0.0
100 - result,INFIX_EXPRESSION, line no: 25,result == 0,INFIX_EXPRESSION, line no: 25, 0.5, 1.0, 1.0, 0.5, 0.0
result,SIMPLE_NAME, line no: 25,100 - result,INFIX_EXPRESSION, line no: 25, 0.5, 0.9230769230769231, 1.0, 0.5, 0.0
result == 0 ? 0 : 100 - result,CONDITIONAL_EXPRESSION, line no: 25,result=total == 0 ? 0 : computeRatio(part total),ASSIGNMENT, line no: 17, 0.4166666666666667, 0.5454545454545454, 0.3333333333333333, 0.4166666666666667, 0.0
result == 0 ? 0 : 100 - result,CONDITIONAL_EXPRESSION, line no: 25,100 - result,INFIX_EXPRESSION, line no: 25, 0.4, 1.0, 1.0, 0.4, 0.0
100 - result,INFIX_EXPRESSION, line no: 25,result == 0 ? 0 : 100 - result,CONDITIONAL_EXPRESSION, line no: 25, 0.4, 0.9166666666666666, 1.0, 0.4, 0.0
result == 0 ? 0 : 100 - result,CONDITIONAL_EXPRESSION, line no: 25,result == 0,INFIX_EXPRESSION, line no: 25, 0.36666666666666664, 1.0, 1.0, 0.36666666666666664, 0.0
result == 0,INFIX_EXPRESSION, line no: 25,result == 0 ? 0 : 100 - result,CONDITIONAL_EXPRESSION, line no: 25, 0.36666666666666664, 0.9166666666666666, 1.0, 0.36666666666666664, 0.0
result == 0 ? 0 : 100 - result,CONDITIONAL_EXPRESSION, line no: 25,total == 0 ? 0 : computeRatio(part total),CONDITIONAL_EXPRESSION, line no: 17, 0.36585365853658536, 0.6363636363636364, 0.0, 0.36585365853658536, 0.0
result == 0,INFIX_EXPRESSION, line no: 25,projectusus,SIMPLE_NAME, line no: 5, 0.36363636363636365, 0.08333333333333333, 0.0, 0.36363636363636365, 0.0
result,SIMPLE_NAME, line no: 25,projectusus,SIMPLE_NAME, line no: 5, 0.36363636363636365, 0.07692307692307693, 0.0, 0.36363636363636365, 0.0
result,SIMPLE_NAME, line no: 25,projectusus,SIMPLE_NAME, line no: 5, 0.36363636363636365, 0.07692307692307693, 0.0, 0.36363636363636365, 0.0
result,SIMPLE_NAME, line no: 25,core,SIMPLE_NAME, line no: 5, 0.3333333333333333, 0.07692307692307693, 0.0, 0.3333333333333333, 0.0
result,SIMPLE_NAME, line no: 25,part,SIMPLE_NAME, line no: 16, 0.3333333333333333, 0.07692307692307693, 0.0, 0.3333333333333333, 0.0
result,SIMPLE_NAME, line no: 25,ratio,SIMPLE_NAME, line no: 32, 0.3333333333333333, 0.6153846153846154, 0.0, 0.3333333333333333, 0.0
0,NUMBER_LITERAL, line no: 25,100,NUMBER_LITERAL, line no: 25, 0.3333333333333333, 1.0, 1.0, 0.3333333333333333, 0.0
0,NUMBER_LITERAL, line no: 25,100,NUMBER_LITERAL, line no: 25, 0.3333333333333333, 1.0, 1.0, 0.3333333333333333, 0.0
100 - result,INFIX_EXPRESSION, line no: 25,projectusus,SIMPLE_NAME, line no: 5, 0.3333333333333333, 0.08333333333333333, 0.0, 0.3333333333333333, 0.0
100,NUMBER_LITERAL, line no: 25,0,NUMBER_LITERAL, line no: 17, 0.3333333333333333, 0.6923076923076923, 1.0, 0.3333333333333333, 0.0
result,SIMPLE_NAME, line no: 25,core,SIMPLE_NAME, line no: 5, 0.3333333333333333, 0.07692307692307693, 0.0, 0.3333333333333333, 0.0
result,SIMPLE_NAME, line no: 25,part,SIMPLE_NAME, line no: 16, 0.3333333333333333, 0.07692307692307693, 0.0, 0.3333333333333333, 0.0
result,SIMPLE_NAME, line no: 25,ratio,SIMPLE_NAME, line no: 32, 0.3333333333333333, 0.6153846153846154, 0.0, 0.3333333333333333, 0.0
result,SIMPLE_NAME, line no: 25,compute,SIMPLE_NAME, line no: 20, 0.2857142857142857, 0.07692307692307693, 1.0, 0.2857142857142857, 0.0
result,SIMPLE_NAME, line no: 25,compute,SIMPLE_NAME, line no: 20, 0.2857142857142857, 0.07692307692307693, 1.0, 0.2857142857142857, 0.0
result == 0 ? 0 : 100 - result,CONDITIONAL_EXPRESSION, line no: 25,min(ratio.doubleValue() * 100 100.0),METHOD_INVOCATION, line no: 33, 0.2777777777777778, 0.7272727272727273, 0.0, 0.2777777777777778, 0.0
result == 0 ? 0 : 100 - result,CONDITIONAL_EXPRESSION, line no: 25,ratio.doubleValue() * 100,INFIX_EXPRESSION, line no: 33, 0.26666666666666666, 0.8181818181818182, 0.0, 0.26666666666666666, 0.0
result == 0,INFIX_EXPRESSION, line no: 25,org.projectusus,QUALIFIED_NAME, line no: 5, 0.26666666666666666, 0.0, 0.0, 0.26666666666666666, 0.0
result,SIMPLE_NAME, line no: 25,org.projectusus,QUALIFIED_NAME, line no: 5, 0.26666666666666666, 0.0, 0.0, 0.26666666666666666, 0.0
100 - result,INFIX_EXPRESSION, line no: 25,org.projectusus,QUALIFIED_NAME, line no: 5, 0.26666666666666666, 0.0, 0.0, 0.26666666666666666, 0.0
result,SIMPLE_NAME, line no: 25,org.projectusus,QUALIFIED_NAME, line no: 5, 0.26666666666666666, 0.0, 0.0, 0.26666666666666666, 0.0
result,SIMPLE_NAME, line no: 25,internal,SIMPLE_NAME, line no: 5, 0.25, 0.07692307692307693, 0.0, 0.25, 0.0
100 - result,INFIX_EXPRESSION, line no: 25,100,NUMBER_LITERAL, line no: 25, 0.25, 1.0, 0.0, 0.25, 0.0
100 - result,INFIX_EXPRESSION, line no: 25,100.0,NUMBER_LITERAL, line no: 33, 0.25, 0.6666666666666666, 1.0, 0.25, 0.0
100,NUMBER_LITERAL, line no: 25,100 - result,INFIX_EXPRESSION, line no: 25, 0.25, 0.9230769230769231, 0.0, 0.25, 0.0
result,SIMPLE_NAME, line no: 25,internal,SIMPLE_NAME, line no: 5, 0.25, 0.07692307692307693, 0.0, 0.25, 0.0
result == 0,INFIX_EXPRESSION, line no: 25,ratio.doubleValue() * 100,INFIX_EXPRESSION, line no: 33, 0.24, 0.75, 0.0, 0.24, 0.0
result == 0 ? 0 : 100 - result,CONDITIONAL_EXPRESSION, line no: 25,org.projectusus.core.internal,QUALIFIED_NAME, line no: 5, 0.23333333333333334, 0.0, 0.0, 0.23333333333333334, 0.0
result == 0,INFIX_EXPRESSION, line no: 25,result=total == 0 ? 0 : computeRatio(part total),ASSIGNMENT, line no: 17, 0.22916666666666666, 0.5, 0.3333333333333333, 0.22916666666666666, 0.0
result == 0 ? 0 : 100 - result,CONDITIONAL_EXPRESSION, line no: 25,org.projectusus.core,QUALIFIED_NAME, line no: 5, 0.2, 0.0, 0.0, 0.2, 0.0
result == 0 ? 0 : 100 - result,CONDITIONAL_EXPRESSION, line no: 25,result,SIMPLE_NAME, line no: 14, 0.2, 0.09090909090909091, 1.0, 0.2, 0.0
result == 0 ? 0 : 100 - result,CONDITIONAL_EXPRESSION, line no: 25,total == 0,INFIX_EXPRESSION, line no: 17, 0.2, 0.7272727272727273, 0.0, 0.2, 0.0
result == 0,INFIX_EXPRESSION, line no: 25,org.projectusus.core,QUALIFIED_NAME, line no: 5, 0.2, 0.0, 0.0, 0.2, 0.0
result,SIMPLE_NAME, line no: 25,org.projectusus.core,QUALIFIED_NAME, line no: 5, 0.2, 0.0, 0.0, 0.2, 0.0
result,SIMPLE_NAME, line no: 25,BigDecimal,SIMPLE_NAME, line no: 8, 0.2, 0.07692307692307693, 0.0, 0.2, 0.0
result,SIMPLE_NAME, line no: 25,result == 0 ? 0 : 100 - result,CONDITIONAL_EXPRESSION, line no: 25, 0.2, 0.8461538461538461, 1.0, 0.2, 0.0
0,NUMBER_LITERAL, line no: 25,100.0,NUMBER_LITERAL, line no: 33, 0.2, 0.6923076923076923, 0.0, 0.2, 0.0
0,NUMBER_LITERAL, line no: 25,100.0,NUMBER_LITERAL, line no: 33, 0.2, 0.75, 0.0, 0.2, 0.0
100 - result,INFIX_EXPRESSION, line no: 25,org.projectusus.core,QUALIFIED_NAME, line no: 5, 0.2, 0.0, 0.0, 0.2, 0.0
100 - result,INFIX_EXPRESSION, line no: 25,new BigDecimal(part),CLASS_INSTANCE_CREATION, line no: 32, 0.2, 0.5833333333333334, 0.0, 0.2, 0.0
result,SIMPLE_NAME, line no: 25,org.projectusus.core,QUALIFIED_NAME, line no: 5, 0.2, 0.0, 0.0, 0.2, 0.0
result,SIMPLE_NAME, line no: 25,BigDecimal,SIMPLE_NAME, line no: 8, 0.2, 0.07692307692307693, 0.0, 0.2, 0.0
result,SIMPLE_NAME, line no: 25,result == 0 ? 0 : 100 - result,CONDITIONAL_EXPRESSION, line no: 25, 0.2, 0.8461538461538461, 1.0, 0.2, 0.0
result == 0 ? 0 : 100 - result,CONDITIONAL_EXPRESSION, line no: 25,org.projectusus.core.internal.proportions,QUALIFIED_NAME, line no: 5, 0.1951219512195122, 0.0, 0.0, 0.1951219512195122, 0.0
100 - result,INFIX_EXPRESSION, line no: 25,new BigDecimal(total),CLASS_INSTANCE_CREATION, line no: 32, 0.19047619047619047, 0.5833333333333334, 0.0, 0.19047619047619047, 0.0
result == 0,INFIX_EXPRESSION, line no: 25,core,SIMPLE_NAME, line no: 5, 0.18181818181818182, 0.08333333333333333, 0.0, 0.18181818181818182, 0.0
result == 0,INFIX_EXPRESSION, line no: 25,internal,SIMPLE_NAME, line no: 5, 0.18181818181818182, 0.08333333333333333, 0.0, 0.18181818181818182, 0.0
result == 0,INFIX_EXPRESSION, line no: 25,proportions,SIMPLE_NAME, line no: 5, 0.18181818181818182, 0.08333333333333333, 0.0, 0.18181818181818182, 0.0
result == 0,INFIX_EXPRESSION, line no: 25,BigDecimal,SIMPLE_NAME, line no: 8, 0.18181818181818182, 0.08333333333333333, 0.0, 0.18181818181818182, 0.0
result == 0,INFIX_EXPRESSION, line no: 25,part,SIMPLE_NAME, line no: 16, 0.18181818181818182, 0.08333333333333333, 0.0, 0.18181818181818182, 0.0
result == 0,INFIX_EXPRESSION, line no: 25,compute,SIMPLE_NAME, line no: 20, 0.18181818181818182, 0.08333333333333333, 0.0, 0.18181818181818182, 0.0
result == 0,INFIX_EXPRESSION, line no: 25,ratio,SIMPLE_NAME, line no: 32, 0.18181818181818182, 0.5833333333333334, 0.0, 0.18181818181818182, 0.0
result == 0,INFIX_EXPRESSION, line no: 25,doubleValue,SIMPLE_NAME, line no: 33, 0.18181818181818182, 0.75, 0.0, 0.18181818181818182, 0.0
result,SIMPLE_NAME, line no: 25,proportions,SIMPLE_NAME, line no: 5, 0.18181818181818182, 0.07692307692307693, 0.0, 0.18181818181818182, 0.0
result,SIMPLE_NAME, line no: 25,doubleValue,SIMPLE_NAME, line no: 33, 0.18181818181818182, 0.7692307692307693, 1.0, 0.18181818181818182, 0.0
result,SIMPLE_NAME, line no: 25,proportions,SIMPLE_NAME, line no: 5, 0.18181818181818182, 0.07692307692307693, 0.0, 0.18181818181818182, 0.0
result,SIMPLE_NAME, line no: 25,doubleValue,SIMPLE_NAME, line no: 33, 0.18181818181818182, 0.7692307692307693, 1.0, 0.18181818181818182, 0.0
result == 0,INFIX_EXPRESSION, line no: 25,org.projectusus.core.internal,QUALIFIED_NAME, line no: 5, 0.1724137931034483, 0.0, 0.0, 0.1724137931034483, 0.0
result,SIMPLE_NAME, line no: 25,org.projectusus.core.internal,QUALIFIED_NAME, line no: 5, 0.1724137931034483, 0.0, 0.0, 0.1724137931034483, 0.0
100 - result,INFIX_EXPRESSION, line no: 25,org.projectusus.core.internal,QUALIFIED_NAME, line no: 5, 0.1724137931034483, 0.0, 0.0, 0.1724137931034483, 0.0
result,SIMPLE_NAME, line no: 25,org.projectusus.core.internal,QUALIFIED_NAME, line no: 5, 0.1724137931034483, 0.0, 0.0, 0.1724137931034483, 0.0
result == 0 ? 0 : 100 - result,CONDITIONAL_EXPRESSION, line no: 25,org.projectusus,QUALIFIED_NAME, line no: 5, 0.16666666666666666, 0.0, 0.0, 0.16666666666666666, 0.0
result == 0 ? 0 : 100 - result,CONDITIONAL_EXPRESSION, line no: 25,projectusus,SIMPLE_NAME, line no: 5, 0.16666666666666666, 0.09090909090909091, 0.0, 0.16666666666666666, 0.0
result == 0 ? 0 : 100 - result,CONDITIONAL_EXPRESSION, line no: 25,computeReverseIndicator,SIMPLE_NAME, line no: 24, 0.16666666666666666, 0.09090909090909091, 1.0, 0.16666666666666666, 0.0
result == 0 ? 0 : 100 - result,CONDITIONAL_EXPRESSION, line no: 25,new BigDecimal(part),CLASS_INSTANCE_CREATION, line no: 32, 0.16666666666666666, 0.6363636363636364, 0.0, 0.16666666666666666, 0.0
result == 0 ? 0 : 100 - result,CONDITIONAL_EXPRESSION, line no: 25,new BigDecimal(total),CLASS_INSTANCE_CREATION, line no: 32, 0.16666666666666666, 0.6363636363636364, 0.0, 0.16666666666666666, 0.0
result == 0 ? 0 : 100 - result,CONDITIONAL_EXPRESSION, line no: 25,ratio.doubleValue(),METHOD_INVOCATION, line no: 33, 0.16666666666666666, 0.8181818181818182, 0.0, 0.16666666666666666, 0.0
result == 0,INFIX_EXPRESSION, line no: 25,computeRatio,SIMPLE_NAME, line no: 17, 0.16666666666666666, 0.5833333333333334, 0.0, 0.16666666666666666, 0.0
result == 0,INFIX_EXPRESSION, line no: 25,min(ratio.doubleValue() * 100 100.0),METHOD_INVOCATION, line no: 33, 0.16666666666666666, 0.6666666666666666, 0.0, 0.16666666666666666, 0.0
result,SIMPLE_NAME, line no: 25,org,SIMPLE_NAME, line no: 5, 0.16666666666666666, 0.07692307692307693, 0.0, 0.16666666666666666, 0.0
result,SIMPLE_NAME, line no: 25,lang,SIMPLE_NAME, line no: 7, 0.16666666666666666, 0.07692307692307693, 0.0, 0.16666666666666666, 0.0
result,SIMPLE_NAME, line no: 25,Math,SIMPLE_NAME, line no: 7, 0.16666666666666666, 0.07692307692307693, 0.0, 0.16666666666666666, 0.0
result,SIMPLE_NAME, line no: 25,math,SIMPLE_NAME, line no: 8, 0.16666666666666666, 0.07692307692307693, 0.0, 0.16666666666666666, 0.0
result,SIMPLE_NAME, line no: 25,total,SIMPLE_NAME, line no: 16, 0.16666666666666666, 0.07692307692307693, 0.0, 0.16666666666666666, 0.0
result,SIMPLE_NAME, line no: 25,computeRatio,SIMPLE_NAME, line no: 17, 0.16666666666666666, 0.6153846153846154, 1.0, 0.16666666666666666, 0.0
result,SIMPLE_NAME, line no: 25,divide,SIMPLE_NAME, line no: 32, 0.16666666666666666, 0.6153846153846154, 0.0, 0.16666666666666666, 0.0
100 - result,INFIX_EXPRESSION, line no: 25,core,SIMPLE_NAME, line no: 5, 0.16666666666666666, 0.08333333333333333, 0.0, 0.16666666666666666, 0.0
100 - result,INFIX_EXPRESSION, line no: 25,internal,SIMPLE_NAME, line no: 5, 0.16666666666666666, 0.08333333333333333, 0.0, 0.16666666666666666, 0.0
100 - result,INFIX_EXPRESSION, line no: 25,proportions,SIMPLE_NAME, line no: 5, 0.16666666666666666, 0.08333333333333333, 0.0, 0.16666666666666666, 0.0
100 - result,INFIX_EXPRESSION, line no: 25,BigDecimal,SIMPLE_NAME, line no: 8, 0.16666666666666666, 0.08333333333333333, 0.0, 0.16666666666666666, 0.0
100 - result,INFIX_EXPRESSION, line no: 25,part,SIMPLE_NAME, line no: 16, 0.16666666666666666, 0.08333333333333333, 0.0, 0.16666666666666666, 0.0
100 - result,INFIX_EXPRESSION, line no: 25,total == 0,INFIX_EXPRESSION, line no: 17, 0.16666666666666666, 0.6666666666666666, 0.0, 0.16666666666666666, 0.0
100 - result,INFIX_EXPRESSION, line no: 25,computeRatio,SIMPLE_NAME, line no: 17, 0.16666666666666666, 0.5833333333333334, 1.0, 0.16666666666666666, 0.0
100 - result,INFIX_EXPRESSION, line no: 25,compute,SIMPLE_NAME, line no: 20, 0.16666666666666666, 0.08333333333333333, 1.0, 0.16666666666666666, 0.0
100 - result,INFIX_EXPRESSION, line no: 25,ratio,SIMPLE_NAME, line no: 32, 0.16666666666666666, 0.5833333333333334, 0.0, 0.16666666666666666, 0.0
100 - result,INFIX_EXPRESSION, line no: 25,doubleValue,SIMPLE_NAME, line no: 33, 0.16666666666666666, 0.75, 1.0, 0.16666666666666666, 0.0
result,SIMPLE_NAME, line no: 25,org,SIMPLE_NAME, line no: 5, 0.16666666666666666, 0.07692307692307693, 0.0, 0.16666666666666666, 0.0
result,SIMPLE_NAME, line no: 25,lang,SIMPLE_NAME, line no: 7, 0.16666666666666666, 0.07692307692307693, 0.0, 0.16666666666666666, 0.0
result,SIMPLE_NAME, line no: 25,Math,SIMPLE_NAME, line no: 7, 0.16666666666666666, 0.07692307692307693, 0.0, 0.16666666666666666, 0.0
result,SIMPLE_NAME, line no: 25,math,SIMPLE_NAME, line no: 8, 0.16666666666666666, 0.07692307692307693, 0.0, 0.16666666666666666, 0.0
result,SIMPLE_NAME, line no: 25,total,SIMPLE_NAME, line no: 16, 0.16666666666666666, 0.07692307692307693, 0.0, 0.16666666666666666, 0.0
result,SIMPLE_NAME, line no: 25,computeRatio,SIMPLE_NAME, line no: 17, 0.16666666666666666, 0.6153846153846154, 1.0, 0.16666666666666666, 0.0
result,SIMPLE_NAME, line no: 25,divide,SIMPLE_NAME, line no: 32, 0.16666666666666666, 0.6153846153846154, 0.0, 0.16666666666666666, 0.0
result == 0,INFIX_EXPRESSION, line no: 25,ratio.doubleValue(),METHOD_INVOCATION, line no: 33, 0.15789473684210525, 0.75, 0.0, 0.15789473684210525, 0.0
result,SIMPLE_NAME, line no: 25,ratio.doubleValue(),METHOD_INVOCATION, line no: 33, 0.15789473684210525, 0.7692307692307693, 1.0, 0.15789473684210525, 0.0
100 - result,INFIX_EXPRESSION, line no: 25,ratio.doubleValue(),METHOD_INVOCATION, line no: 33, 0.15789473684210525, 0.75, 0.0, 0.15789473684210525, 0.0
result,SIMPLE_NAME, line no: 25,ratio.doubleValue(),METHOD_INVOCATION, line no: 33, 0.15789473684210525, 0.7692307692307693, 1.0, 0.15789473684210525, 0.0
result == 0,INFIX_EXPRESSION, line no: 25,CodeProportionsRatio,SIMPLE_NAME, line no: 12, 0.15, 0.08333333333333333, 0.0, 0.15, 0.0
result == 0,INFIX_EXPRESSION, line no: 25,new BigDecimal(part),CLASS_INSTANCE_CREATION, line no: 32, 0.15, 0.5833333333333334, 0.0, 0.15, 0.0
result,SIMPLE_NAME, line no: 25,CodeProportionsRatio,SIMPLE_NAME, line no: 12, 0.15, 0.07692307692307693, 0.0, 0.15, 0.0
result,SIMPLE_NAME, line no: 25,new BigDecimal(part),CLASS_INSTANCE_CREATION, line no: 32, 0.15, 0.6153846153846154, 0.0, 0.15, 0.0
100 - result,INFIX_EXPRESSION, line no: 25,CodeProportionsRatio,SIMPLE_NAME, line no: 12, 0.15, 0.08333333333333333, 0.0, 0.15, 0.0
result,SIMPLE_NAME, line no: 25,CodeProportionsRatio,SIMPLE_NAME, line no: 12, 0.15, 0.07692307692307693, 0.0, 0.15, 0.0
result,SIMPLE_NAME, line no: 25,new BigDecimal(part),CLASS_INSTANCE_CREATION, line no: 32, 0.15, 0.6153846153846154, 0.0, 0.15, 0.0
result == 0,INFIX_EXPRESSION, line no: 25,org.projectusus.core.internal.proportions,QUALIFIED_NAME, line no: 5, 0.14634146341463414, 0.0, 0.0, 0.14634146341463414, 0.0
result == 0,INFIX_EXPRESSION, line no: 25,total == 0 ? 0 : computeRatio(part total),CONDITIONAL_EXPRESSION, line no: 17, 0.14634146341463414, 0.5833333333333334, 0.0, 0.14634146341463414, 0.0
result,SIMPLE_NAME, line no: 25,org.projectusus.core.internal.proportions,QUALIFIED_NAME, line no: 5, 0.14634146341463414, 0.0, 0.0, 0.14634146341463414, 0.0
100 - result,INFIX_EXPRESSION, line no: 25,org.projectusus.core.internal.proportions,QUALIFIED_NAME, line no: 5, 0.14634146341463414, 0.0, 0.0, 0.14634146341463414, 0.0
100 - result,INFIX_EXPRESSION, line no: 25,total == 0 ? 0 : computeRatio(part total),CONDITIONAL_EXPRESSION, line no: 17, 0.14634146341463414, 0.5833333333333334, 0.0, 0.14634146341463414, 0.0
result,SIMPLE_NAME, line no: 25,org.projectusus.core.internal.proportions,QUALIFIED_NAME, line no: 5, 0.14634146341463414, 0.0, 0.0, 0.14634146341463414, 0.0
result == 0,INFIX_EXPRESSION, line no: 25,java.lang.Math,QUALIFIED_NAME, line no: 7, 0.14285714285714285, 0.0, 0.0, 0.14285714285714285, 0.0
result == 0,INFIX_EXPRESSION, line no: 25,new BigDecimal(total),CLASS_INSTANCE_CREATION, line no: 32, 0.14285714285714285, 0.5833333333333334, 0.0, 0.14285714285714285, 0.0
result,SIMPLE_NAME, line no: 25,java.lang.Math,QUALIFIED_NAME, line no: 7, 0.14285714285714285, 0.0, 0.0, 0.14285714285714285, 0.0
result,SIMPLE_NAME, line no: 25,new BigDecimal(total),CLASS_INSTANCE_CREATION, line no: 32, 0.14285714285714285, 0.6153846153846154, 0.0, 0.14285714285714285, 0.0
100 - result,INFIX_EXPRESSION, line no: 25,java.lang.Math,QUALIFIED_NAME, line no: 7, 0.14285714285714285, 0.0, 0.0, 0.14285714285714285, 0.0
result,SIMPLE_NAME, line no: 25,java.lang.Math,QUALIFIED_NAME, line no: 7, 0.14285714285714285, 0.0, 0.0, 0.14285714285714285, 0.0
result,SIMPLE_NAME, line no: 25,new BigDecimal(total),CLASS_INSTANCE_CREATION, line no: 32, 0.14285714285714285, 0.6153846153846154, 0.0, 0.14285714285714285, 0.0
result == 0 ? 0 : 100 - result,CONDITIONAL_EXPRESSION, line no: 25,CodeProportionsRatio,SIMPLE_NAME, line no: 12, 0.13333333333333333, 0.09090909090909091, 0.0, 0.13333333333333333, 0.0
result == 0 ? 0 : 100 - result,CONDITIONAL_EXPRESSION, line no: 25,computeRatio(part total),METHOD_INVOCATION, line no: 17, 0.13333333333333333, 0.6363636363636364, 0.0, 0.13333333333333333, 0.0
result == 0 ? 0 : 100 - result,CONDITIONAL_EXPRESSION, line no: 25,computeRatio,SIMPLE_NAME, line no: 17, 0.13333333333333333, 0.6363636363636364, 1.0, 0.13333333333333333, 0.0
result == 0 ? 0 : 100 - result,CONDITIONAL_EXPRESSION, line no: 25,doubleValue,SIMPLE_NAME, line no: 33, 0.13333333333333333, 0.8181818181818182, 1.0, 0.13333333333333333, 0.0
result == 0,INFIX_EXPRESSION, line no: 25,computeReverseIndicator,SIMPLE_NAME, line no: 24, 0.13043478260869565, 0.08333333333333333, 0.0, 0.13043478260869565, 0.0
result,SIMPLE_NAME, line no: 25,computeReverseIndicator,SIMPLE_NAME, line no: 24, 0.13043478260869565, 0.07692307692307693, 1.0, 0.13043478260869565, 0.0
100 - result,INFIX_EXPRESSION, line no: 25,computeReverseIndicator,SIMPLE_NAME, line no: 24, 0.13043478260869565, 0.08333333333333333, 1.0, 0.13043478260869565, 0.0
result,SIMPLE_NAME, line no: 25,computeReverseIndicator,SIMPLE_NAME, line no: 24, 0.13043478260869565, 0.07692307692307693, 1.0, 0.13043478260869565, 0.0
result,SIMPLE_NAME, line no: 25,result=total == 0 ? 0 : computeRatio(part total),ASSIGNMENT, line no: 17, 0.125, 0.5384615384615384, 1.0, 0.125, 0.0
100 - result,INFIX_EXPRESSION, line no: 25,result=total == 0 ? 0 : computeRatio(part total),ASSIGNMENT, line no: 17, 0.125, 0.5, 0.3333333333333333, 0.125, 0.0
result,SIMPLE_NAME, line no: 25,result=total == 0 ? 0 : computeRatio(part total),ASSIGNMENT, line no: 17, 0.125, 0.5384615384615384, 1.0, 0.125, 0.0
result,SIMPLE_NAME, line no: 25,ratio.doubleValue() * 100,INFIX_EXPRESSION, line no: 33, 0.12, 0.7692307692307693, 1.0, 0.12, 0.0
100 - result,INFIX_EXPRESSION, line no: 25,ratio.doubleValue() * 100,INFIX_EXPRESSION, line no: 33, 0.12, 0.75, 0.0, 0.12, 0.0
100,NUMBER_LITERAL, line no: 25,ratio.doubleValue() * 100,INFIX_EXPRESSION, line no: 33, 0.12, 0.6923076923076923, 0.0, 0.12, 0.0
result,SIMPLE_NAME, line no: 25,ratio.doubleValue() * 100,INFIX_EXPRESSION, line no: 33, 0.12, 0.7692307692307693, 1.0, 0.12, 0.0
result == 0 ? 0 : 100 - result,CONDITIONAL_EXPRESSION, line no: 25,new BigDecimal(part).divide(new BigDecimal(total) 5 ROUND_DOWN),METHOD_INVOCATION, line no: 32, 0.1111111111111111, 0.6363636363636364, 0.0, 0.1111111111111111, 0.0
result == 0,INFIX_EXPRESSION, line no: 25,java.lang.Math.min,QUALIFIED_NAME, line no: 7, 0.1111111111111111, 0.0, 0.0, 0.1111111111111111, 0.0
result,SIMPLE_NAME, line no: 25,java.lang.Math.min,QUALIFIED_NAME, line no: 7, 0.1111111111111111, 0.0, 0.0, 0.1111111111111111, 0.0
result,SIMPLE_NAME, line no: 25,java.lang,QUALIFIED_NAME, line no: 7, 0.1111111111111111, 0.0, 0.0, 0.1111111111111111, 0.0
result,SIMPLE_NAME, line no: 25,java.math,QUALIFIED_NAME, line no: 8, 0.1111111111111111, 0.0, 0.0, 0.1111111111111111, 0.0
100 - result,INFIX_EXPRESSION, line no: 25,java.lang.Math.min,QUALIFIED_NAME, line no: 7, 0.1111111111111111, 0.0, 0.0, 0.1111111111111111, 0.0
result,SIMPLE_NAME, line no: 25,java.lang.Math.min,QUALIFIED_NAME, line no: 7, 0.1111111111111111, 0.0, 0.0, 0.1111111111111111, 0.0
result,SIMPLE_NAME, line no: 25,java.lang,QUALIFIED_NAME, line no: 7, 0.1111111111111111, 0.0, 0.0, 0.1111111111111111, 0.0
result,SIMPLE_NAME, line no: 25,java.math,QUALIFIED_NAME, line no: 8, 0.1111111111111111, 0.0, 0.0, 0.1111111111111111, 0.0
result == 0 ? 0 : 100 - result,CONDITIONAL_EXPRESSION, line no: 25,internal,SIMPLE_NAME, line no: 5, 0.1, 0.09090909090909091, 0.0, 0.1, 0.0
result == 0 ? 0 : 100 - result,CONDITIONAL_EXPRESSION, line no: 25,proportions,SIMPLE_NAME, line no: 5, 0.1, 0.09090909090909091, 0.0, 0.1, 0.0
result == 0 ? 0 : 100 - result,CONDITIONAL_EXPRESSION, line no: 25,java.math.BigDecimal,QUALIFIED_NAME, line no: 8, 0.1, 0.0, 0.0, 0.1, 0.0
result == 0 ? 0 : 100 - result,CONDITIONAL_EXPRESSION, line no: 25,compute,SIMPLE_NAME, line no: 20, 0.1, 0.09090909090909091, 1.0, 0.1, 0.0
result == 0 ? 0 : 100 - result,CONDITIONAL_EXPRESSION, line no: 25,100,NUMBER_LITERAL, line no: 25, 0.1, 1.0, 0.0, 0.1, 0.0
result == 0 ? 0 : 100 - result,CONDITIONAL_EXPRESSION, line no: 25,100.0,NUMBER_LITERAL, line no: 33, 0.1, 0.7272727272727273, 1.0, 0.1, 0.0
result == 0,INFIX_EXPRESSION, line no: 25,java.math.BigDecimal,QUALIFIED_NAME, line no: 8, 0.1, 0.0, 0.0, 0.1, 0.0
result,SIMPLE_NAME, line no: 25,java.math.BigDecimal,QUALIFIED_NAME, line no: 8, 0.1, 0.0, 0.0, 0.1, 0.0
result,SIMPLE_NAME, line no: 25,total == 0,INFIX_EXPRESSION, line no: 17, 0.1, 0.6923076923076923, 0.0, 0.1, 0.0
0,NUMBER_LITERAL, line no: 25,total == 0,INFIX_EXPRESSION, line no: 17, 0.1, 0.6153846153846154, 0.0, 0.1, 0.0
0,NUMBER_LITERAL, line no: 25,total == 0,INFIX_EXPRESSION, line no: 17, 0.1, 0.6666666666666666, 0.0, 0.1, 0.0
100 - result,INFIX_EXPRESSION, line no: 25,java.math.BigDecimal,QUALIFIED_NAME, line no: 8, 0.1, 0.0, 0.0, 0.1, 0.0
100,NUMBER_LITERAL, line no: 25,total == 0,INFIX_EXPRESSION, line no: 17, 0.1, 0.6153846153846154, 0.0, 0.1, 0.0
100,NUMBER_LITERAL, line no: 25,result == 0 ? 0 : 100 - result,CONDITIONAL_EXPRESSION, line no: 25, 0.1, 0.8461538461538461, 0.0, 0.1, 0.0
result,SIMPLE_NAME, line no: 25,java.math.BigDecimal,QUALIFIED_NAME, line no: 8, 0.1, 0.0, 0.0, 0.1, 0.0
result,SIMPLE_NAME, line no: 25,total == 0,INFIX_EXPRESSION, line no: 17, 0.1, 0.6923076923076923, 0.0, 0.1, 0.0
result == 0 ? 0 : 100 - result,CONDITIONAL_EXPRESSION, line no: 25,java.math.BigDecimal.ROUND_DOWN,QUALIFIED_NAME, line no: 8, 0.0967741935483871, 0.0, 0.0, 0.0967741935483871, 0.0
result == 0,INFIX_EXPRESSION, line no: 25,org,SIMPLE_NAME, line no: 5, 0.09090909090909091, 0.08333333333333333, 0.0, 0.09090909090909091, 0.0
result == 0,INFIX_EXPRESSION, line no: 25,java.lang,QUALIFIED_NAME, line no: 7, 0.09090909090909091, 0.0, 0.0, 0.09090909090909091, 0.0
result == 0,INFIX_EXPRESSION, line no: 25,lang,SIMPLE_NAME, line no: 7, 0.09090909090909091, 0.08333333333333333, 0.0, 0.09090909090909091, 0.0
result == 0,INFIX_EXPRESSION, line no: 25,Math,SIMPLE_NAME, line no: 7, 0.09090909090909091, 0.08333333333333333, 0.0, 0.09090909090909091, 0.0
result == 0,INFIX_EXPRESSION, line no: 25,java.math,QUALIFIED_NAME, line no: 8, 0.09090909090909091, 0.0, 0.0, 0.09090909090909091, 0.0
result == 0,INFIX_EXPRESSION, line no: 25,math,SIMPLE_NAME, line no: 8, 0.09090909090909091, 0.08333333333333333, 0.0, 0.09090909090909091, 0.0
result == 0,INFIX_EXPRESSION, line no: 25,total,SIMPLE_NAME, line no: 16, 0.09090909090909091, 0.08333333333333333, 0.0, 0.09090909090909091, 0.0
result == 0,INFIX_EXPRESSION, line no: 25,0,NUMBER_LITERAL, line no: 17, 0.09090909090909091, 0.75, 0.0, 0.09090909090909091, 0.0
result == 0,INFIX_EXPRESSION, line no: 25,100,NUMBER_LITERAL, line no: 25, 0.09090909090909091, 1.0, 0.0, 0.09090909090909091, 0.0
result == 0,INFIX_EXPRESSION, line no: 25,divide,SIMPLE_NAME, line no: 32, 0.09090909090909091, 0.5833333333333334, 0.0, 0.09090909090909091, 0.0
result == 0,INFIX_EXPRESSION, line no: 25,100.0,NUMBER_LITERAL, line no: 33, 0.09090909090909091, 0.6666666666666666, 0.0, 0.09090909090909091, 0.0
0,NUMBER_LITERAL, line no: 25,result == 0,INFIX_EXPRESSION, line no: 25, 0.09090909090909091, 0.9230769230769231, 0.0, 0.09090909090909091, 0.0
0,NUMBER_LITERAL, line no: 25,result == 0,INFIX_EXPRESSION, line no: 25, 0.09090909090909091, 0.9166666666666666, 0.0, 0.09090909090909091, 0.0
100,NUMBER_LITERAL, line no: 25,result == 0,INFIX_EXPRESSION, line no: 25, 0.09090909090909091, 0.9230769230769231, 0.0, 0.09090909090909091, 0.0
result == 0,INFIX_EXPRESSION, line no: 25,computeRatio(part total),METHOD_INVOCATION, line no: 17, 0.08333333333333333, 0.5833333333333334, 0.0, 0.08333333333333333, 0.0
result,SIMPLE_NAME, line no: 25,computeRatio(part total),METHOD_INVOCATION, line no: 17, 0.08333333333333333, 0.6153846153846154, 1.0, 0.08333333333333333, 0.0
result,SIMPLE_NAME, line no: 25,min(ratio.doubleValue() * 100 100.0),METHOD_INVOCATION, line no: 33, 0.08333333333333333, 0.6923076923076923, 1.0, 0.08333333333333333, 0.0
0,NUMBER_LITERAL, line no: 25,100 - result,INFIX_EXPRESSION, line no: 25, 0.08333333333333333, 0.9230769230769231, 0.0, 0.08333333333333333, 0.0
0,NUMBER_LITERAL, line no: 25,100 - result,INFIX_EXPRESSION, line no: 25, 0.08333333333333333, 0.9166666666666666, 0.0, 0.08333333333333333, 0.0
100 - result,INFIX_EXPRESSION, line no: 25,org,SIMPLE_NAME, line no: 5, 0.08333333333333333, 0.08333333333333333, 0.0, 0.08333333333333333, 0.0
100 - result,INFIX_EXPRESSION, line no: 25,java.lang,QUALIFIED_NAME, line no: 7, 0.08333333333333333, 0.0, 0.0, 0.08333333333333333, 0.0
100 - result,INFIX_EXPRESSION, line no: 25,lang,SIMPLE_NAME, line no: 7, 0.08333333333333333, 0.08333333333333333, 0.0, 0.08333333333333333, 0.0
100 - result,INFIX_EXPRESSION, line no: 25,Math,SIMPLE_NAME, line no: 7, 0.08333333333333333, 0.08333333333333333, 0.0, 0.08333333333333333, 0.0
100 - result,INFIX_EXPRESSION, line no: 25,java.math,QUALIFIED_NAME, line no: 8, 0.08333333333333333, 0.0, 0.0, 0.08333333333333333, 0.0
100 - result,INFIX_EXPRESSION, line no: 25,math,SIMPLE_NAME, line no: 8, 0.08333333333333333, 0.08333333333333333, 0.0, 0.08333333333333333, 0.0
100 - result,INFIX_EXPRESSION, line no: 25,total,SIMPLE_NAME, line no: 16, 0.08333333333333333, 0.08333333333333333, 0.0, 0.08333333333333333, 0.0
100 - result,INFIX_EXPRESSION, line no: 25,0,NUMBER_LITERAL, line no: 17, 0.08333333333333333, 0.75, 0.0, 0.08333333333333333, 0.0
100 - result,INFIX_EXPRESSION, line no: 25,computeRatio(part total),METHOD_INVOCATION, line no: 17, 0.08333333333333333, 0.5833333333333334, 0.0, 0.08333333333333333, 0.0
100 - result,INFIX_EXPRESSION, line no: 25,divide,SIMPLE_NAME, line no: 32, 0.08333333333333333, 0.5833333333333334, 0.0, 0.08333333333333333, 0.0
100 - result,INFIX_EXPRESSION, line no: 25,min(ratio.doubleValue() * 100 100.0),METHOD_INVOCATION, line no: 33, 0.08333333333333333, 0.6666666666666666, 0.0, 0.08333333333333333, 0.0
100,NUMBER_LITERAL, line no: 25,min(ratio.doubleValue() * 100 100.0),METHOD_INVOCATION, line no: 33, 0.08333333333333333, 0.6153846153846154, 0.0, 0.08333333333333333, 0.0
result,SIMPLE_NAME, line no: 25,computeRatio(part total),METHOD_INVOCATION, line no: 17, 0.08333333333333333, 0.6153846153846154, 1.0, 0.08333333333333333, 0.0
result,SIMPLE_NAME, line no: 25,min(ratio.doubleValue() * 100 100.0),METHOD_INVOCATION, line no: 33, 0.08333333333333333, 0.6923076923076923, 1.0, 0.08333333333333333, 0.0
100 - result,INFIX_EXPRESSION, line no: 25,new BigDecimal(part).divide(new BigDecimal(total) 5 ROUND_DOWN),METHOD_INVOCATION, line no: 32, 0.07936507936507936, 0.5833333333333334, 0.0, 0.07936507936507936, 0.0
result == 0 ? 0 : 100 - result,CONDITIONAL_EXPRESSION, line no: 25,core,SIMPLE_NAME, line no: 5, 0.06666666666666667, 0.09090909090909091, 0.0, 0.06666666666666667, 0.0
result == 0 ? 0 : 100 - result,CONDITIONAL_EXPRESSION, line no: 25,java.lang.Math.min,QUALIFIED_NAME, line no: 7, 0.06666666666666667, 0.0, 0.0, 0.06666666666666667, 0.0
result == 0 ? 0 : 100 - result,CONDITIONAL_EXPRESSION, line no: 25,java.lang.Math,QUALIFIED_NAME, line no: 7, 0.06666666666666667, 0.0, 0.0, 0.06666666666666667, 0.0
result == 0 ? 0 : 100 - result,CONDITIONAL_EXPRESSION, line no: 25,BigDecimal,SIMPLE_NAME, line no: 8, 0.06666666666666667, 0.09090909090909091, 0.0, 0.06666666666666667, 0.0
result == 0 ? 0 : 100 - result,CONDITIONAL_EXPRESSION, line no: 25,part,SIMPLE_NAME, line no: 16, 0.06666666666666667, 0.09090909090909091, 0.0, 0.06666666666666667, 0.0
result == 0 ? 0 : 100 - result,CONDITIONAL_EXPRESSION, line no: 25,total,SIMPLE_NAME, line no: 16, 0.06666666666666667, 0.09090909090909091, 0.0, 0.06666666666666667, 0.0
result == 0 ? 0 : 100 - result,CONDITIONAL_EXPRESSION, line no: 25,ratio,SIMPLE_NAME, line no: 32, 0.06666666666666667, 0.6363636363636364, 0.0, 0.06666666666666667, 0.0
result == 0,INFIX_EXPRESSION, line no: 25,java.math.BigDecimal.ROUND_DOWN,QUALIFIED_NAME, line no: 8, 0.06451612903225806, 0.0, 0.0, 0.06451612903225806, 0.0
result,SIMPLE_NAME, line no: 25,java.math.BigDecimal.ROUND_DOWN,QUALIFIED_NAME, line no: 8, 0.06451612903225806, 0.0, 0.0, 0.06451612903225806, 0.0
100 - result,INFIX_EXPRESSION, line no: 25,java.math.BigDecimal.ROUND_DOWN,QUALIFIED_NAME, line no: 8, 0.06451612903225806, 0.0, 0.0, 0.06451612903225806, 0.0
result,SIMPLE_NAME, line no: 25,java.math.BigDecimal.ROUND_DOWN,QUALIFIED_NAME, line no: 8, 0.06451612903225806, 0.0, 0.0, 0.06451612903225806, 0.0
result == 0,INFIX_EXPRESSION, line no: 25,new BigDecimal(part).divide(new BigDecimal(total) 5 ROUND_DOWN),METHOD_INVOCATION, line no: 32, 0.06349206349206349, 0.5833333333333334, 0.0, 0.06349206349206349, 0.0
result,SIMPLE_NAME, line no: 25,new BigDecimal(part).divide(new BigDecimal(total) 5 ROUND_DOWN),METHOD_INVOCATION, line no: 32, 0.06349206349206349, 0.6153846153846154, 0.0, 0.06349206349206349, 0.0
result,SIMPLE_NAME, line no: 25,new BigDecimal(part).divide(new BigDecimal(total) 5 ROUND_DOWN),METHOD_INVOCATION, line no: 32, 0.06349206349206349, 0.6153846153846154, 0.0, 0.06349206349206349, 0.0
result,SIMPLE_NAME, line no: 25,total == 0 ? 0 : computeRatio(part total),CONDITIONAL_EXPRESSION, line no: 17, 0.04878048780487805, 0.6153846153846154, 1.0, 0.04878048780487805, 0.0
100,NUMBER_LITERAL, line no: 25,total == 0 ? 0 : computeRatio(part total),CONDITIONAL_EXPRESSION, line no: 17, 0.04878048780487805, 0.5384615384615384, 0.0, 0.04878048780487805, 0.0
result,SIMPLE_NAME, line no: 25,total == 0 ? 0 : computeRatio(part total),CONDITIONAL_EXPRESSION, line no: 17, 0.04878048780487805, 0.6153846153846154, 1.0, 0.04878048780487805, 0.0
100,NUMBER_LITERAL, line no: 25,result=total == 0 ? 0 : computeRatio(part total),ASSIGNMENT, line no: 17, 0.041666666666666664, 0.46153846153846156, 0.0, 0.041666666666666664, 0.0
0,NUMBER_LITERAL, line no: 25,ratio.doubleValue() * 100,INFIX_EXPRESSION, line no: 33, 0.04, 0.6923076923076923, 0.0, 0.04, 0.0
0,NUMBER_LITERAL, line no: 25,ratio.doubleValue() * 100,INFIX_EXPRESSION, line no: 33, 0.04, 0.75, 0.0, 0.04, 0.0
result == 0 ? 0 : 100 - result,CONDITIONAL_EXPRESSION, line no: 25,org,SIMPLE_NAME, line no: 5, 0.03333333333333333, 0.09090909090909091, 0.0, 0.03333333333333333, 0.0
result == 0 ? 0 : 100 - result,CONDITIONAL_EXPRESSION, line no: 25,java.lang,QUALIFIED_NAME, line no: 7, 0.03333333333333333, 0.0, 0.0, 0.03333333333333333, 0.0
result == 0 ? 0 : 100 - result,CONDITIONAL_EXPRESSION, line no: 25,lang,SIMPLE_NAME, line no: 7, 0.03333333333333333, 0.09090909090909091, 0.0, 0.03333333333333333, 0.0
result == 0 ? 0 : 100 - result,CONDITIONAL_EXPRESSION, line no: 25,Math,SIMPLE_NAME, line no: 7, 0.03333333333333333, 0.09090909090909091, 0.0, 0.03333333333333333, 0.0
result == 0 ? 0 : 100 - result,CONDITIONAL_EXPRESSION, line no: 25,java.math,QUALIFIED_NAME, line no: 8, 0.03333333333333333, 0.0, 0.0, 0.03333333333333333, 0.0
result == 0 ? 0 : 100 - result,CONDITIONAL_EXPRESSION, line no: 25,math,SIMPLE_NAME, line no: 8, 0.03333333333333333, 0.09090909090909091, 0.0, 0.03333333333333333, 0.0
result == 0 ? 0 : 100 - result,CONDITIONAL_EXPRESSION, line no: 25,0,NUMBER_LITERAL, line no: 17, 0.03333333333333333, 0.8181818181818182, 0.0, 0.03333333333333333, 0.0
result == 0 ? 0 : 100 - result,CONDITIONAL_EXPRESSION, line no: 25,divide,SIMPLE_NAME, line no: 32, 0.03333333333333333, 0.6363636363636364, 0.0, 0.03333333333333333, 0.0
0,NUMBER_LITERAL, line no: 25,result == 0 ? 0 : 100 - result,CONDITIONAL_EXPRESSION, line no: 25, 0.03333333333333333, 0.8461538461538461, 0.0, 0.03333333333333333, 0.0
0,NUMBER_LITERAL, line no: 25,result == 0 ? 0 : 100 - result,CONDITIONAL_EXPRESSION, line no: 25, 0.03333333333333333, 0.9166666666666666, 0.0, 0.03333333333333333, 0.0
0,NUMBER_LITERAL, line no: 25,min(ratio.doubleValue() * 100 100.0),METHOD_INVOCATION, line no: 33, 0.027777777777777776, 0.6153846153846154, 0.0, 0.027777777777777776, 0.0
0,NUMBER_LITERAL, line no: 25,min(ratio.doubleValue() * 100 100.0),METHOD_INVOCATION, line no: 33, 0.027777777777777776, 0.6666666666666666, 0.0, 0.027777777777777776, 0.0
0,NUMBER_LITERAL, line no: 25,total == 0 ? 0 : computeRatio(part total),CONDITIONAL_EXPRESSION, line no: 17, 0.024390243902439025, 0.5384615384615384, 0.0, 0.024390243902439025, 0.0
0,NUMBER_LITERAL, line no: 25,total == 0 ? 0 : computeRatio(part total),CONDITIONAL_EXPRESSION, line no: 17, 0.024390243902439025, 0.5833333333333334, 0.0, 0.024390243902439025, 0.0
0,NUMBER_LITERAL, line no: 25,result=total == 0 ? 0 : computeRatio(part total),ASSIGNMENT, line no: 17, 0.020833333333333332, 0.46153846153846156, 0.0, 0.020833333333333332, 0.0
0,NUMBER_LITERAL, line no: 25,result=total == 0 ? 0 : computeRatio(part total),ASSIGNMENT, line no: 17, 0.020833333333333332, 0.5, 0.0, 0.020833333333333332, 0.0
result == 0 ? 0 : 100 - result,CONDITIONAL_EXPRESSION, line no: 25,java,SIMPLE_NAME, line no: 7, 0.0, 0.09090909090909091, 0.0, 0.0, 0.0
result == 0 ? 0 : 100 - result,CONDITIONAL_EXPRESSION, line no: 25,min,SIMPLE_NAME, line no: 7, 0.0, 0.09090909090909091, 0.0, 0.0, 0.0
result == 0 ? 0 : 100 - result,CONDITIONAL_EXPRESSION, line no: 25,ROUND_DOWN,SIMPLE_NAME, line no: 8, 0.0, 0.09090909090909091, 0.0, 0.0, 0.0
result == 0 ? 0 : 100 - result,CONDITIONAL_EXPRESSION, line no: 25,5,NUMBER_LITERAL, line no: 32, 0.0, 0.6363636363636364, 0.0, 0.0, 0.0
result == 0,INFIX_EXPRESSION, line no: 25,java,SIMPLE_NAME, line no: 7, 0.0, 0.08333333333333333, 0.0, 0.0, 0.0
result == 0,INFIX_EXPRESSION, line no: 25,min,SIMPLE_NAME, line no: 7, 0.0, 0.08333333333333333, 0.0, 0.0, 0.0
result == 0,INFIX_EXPRESSION, line no: 25,ROUND_DOWN,SIMPLE_NAME, line no: 8, 0.0, 0.08333333333333333, 0.0, 0.0, 0.0
result == 0,INFIX_EXPRESSION, line no: 25,5,NUMBER_LITERAL, line no: 32, 0.0, 0.5833333333333334, 0.0, 0.0, 0.0
result,SIMPLE_NAME, line no: 25,java,SIMPLE_NAME, line no: 7, 0.0, 0.07692307692307693, 0.0, 0.0, 0.0
result,SIMPLE_NAME, line no: 25,min,SIMPLE_NAME, line no: 7, 0.0, 0.07692307692307693, 0.0, 0.0, 0.0
result,SIMPLE_NAME, line no: 25,ROUND_DOWN,SIMPLE_NAME, line no: 8, 0.0, 0.07692307692307693, 0.0, 0.0, 0.0
result,SIMPLE_NAME, line no: 25,0,NUMBER_LITERAL, line no: 17, 0.0, 0.7692307692307693, 0.0, 0.0, 0.0
result,SIMPLE_NAME, line no: 25,100,NUMBER_LITERAL, line no: 25, 0.0, 0.9230769230769231, 0.0, 0.0, 0.0
result,SIMPLE_NAME, line no: 25,5,NUMBER_LITERAL, line no: 32, 0.0, 0.6153846153846154, 0.0, 0.0, 0.0
result,SIMPLE_NAME, line no: 25,100.0,NUMBER_LITERAL, line no: 33, 0.0, 0.6923076923076923, 1.0, 0.0, 0.0
0,NUMBER_LITERAL, line no: 25,org.projectusus.core.internal.proportions,QUALIFIED_NAME, line no: 5, 0.0, 0.0, 0.0, 0.0, 0.0
0,NUMBER_LITERAL, line no: 25,org.projectusus.core.internal,QUALIFIED_NAME, line no: 5, 0.0, 0.0, 0.0, 0.0, 0.0
0,NUMBER_LITERAL, line no: 25,org.projectusus.core,QUALIFIED_NAME, line no: 5, 0.0, 0.0, 0.0, 0.0, 0.0
0,NUMBER_LITERAL, line no: 25,org.projectusus,QUALIFIED_NAME, line no: 5, 0.0, 0.0, 0.0, 0.0, 0.0
0,NUMBER_LITERAL, line no: 25,org,SIMPLE_NAME, line no: 5, 0.0, 0.07692307692307693, 0.0, 0.0, 0.0
0,NUMBER_LITERAL, line no: 25,projectusus,SIMPLE_NAME, line no: 5, 0.0, 0.07692307692307693, 0.0, 0.0, 0.0
0,NUMBER_LITERAL, line no: 25,core,SIMPLE_NAME, line no: 5, 0.0, 0.07692307692307693, 0.0, 0.0, 0.0
0,NUMBER_LITERAL, line no: 25,internal,SIMPLE_NAME, line no: 5, 0.0, 0.07692307692307693, 0.0, 0.0, 0.0
0,NUMBER_LITERAL, line no: 25,proportions,SIMPLE_NAME, line no: 5, 0.0, 0.07692307692307693, 0.0, 0.0, 0.0
0,NUMBER_LITERAL, line no: 25,java.lang.Math.min,QUALIFIED_NAME, line no: 7, 0.0, 0.0, 0.0, 0.0, 0.0
0,NUMBER_LITERAL, line no: 25,java.lang.Math,QUALIFIED_NAME, line no: 7, 0.0, 0.0, 0.0, 0.0, 0.0
0,NUMBER_LITERAL, line no: 25,java.lang,QUALIFIED_NAME, line no: 7, 0.0, 0.0, 0.0, 0.0, 0.0
0,NUMBER_LITERAL, line no: 25,java,SIMPLE_NAME, line no: 7, 0.0, 0.07692307692307693, 0.0, 0.0, 0.0
0,NUMBER_LITERAL, line no: 25,lang,SIMPLE_NAME, line no: 7, 0.0, 0.07692307692307693, 0.0, 0.0, 0.0
0,NUMBER_LITERAL, line no: 25,Math,SIMPLE_NAME, line no: 7, 0.0, 0.07692307692307693, 0.0, 0.0, 0.0
0,NUMBER_LITERAL, line no: 25,min,SIMPLE_NAME, line no: 7, 0.0, 0.07692307692307693, 0.0, 0.0, 0.0
0,NUMBER_LITERAL, line no: 25,java.math.BigDecimal.ROUND_DOWN,QUALIFIED_NAME, line no: 8, 0.0, 0.0, 0.0, 0.0, 0.0
0,NUMBER_LITERAL, line no: 25,java.math.BigDecimal,QUALIFIED_NAME, line no: 8, 0.0, 0.0, 0.0, 0.0, 0.0
0,NUMBER_LITERAL, line no: 25,java.math,QUALIFIED_NAME, line no: 8, 0.0, 0.0, 0.0, 0.0, 0.0
0,NUMBER_LITERAL, line no: 25,math,SIMPLE_NAME, line no: 8, 0.0, 0.07692307692307693, 0.0, 0.0, 0.0
0,NUMBER_LITERAL, line no: 25,BigDecimal,SIMPLE_NAME, line no: 8, 0.0, 0.07692307692307693, 0.0, 0.0, 0.0
0,NUMBER_LITERAL, line no: 25,ROUND_DOWN,SIMPLE_NAME, line no: 8, 0.0, 0.07692307692307693, 0.0, 0.0, 0.0
0,NUMBER_LITERAL, line no: 25,CodeProportionsRatio,SIMPLE_NAME, line no: 12, 0.0, 0.07692307692307693, 0.0, 0.0, 0.0
0,NUMBER_LITERAL, line no: 25,result,SIMPLE_NAME, line no: 14, 0.0, 0.07692307692307693, 0.0, 0.0, 0.0
0,NUMBER_LITERAL, line no: 25,part,SIMPLE_NAME, line no: 16, 0.0, 0.07692307692307693, 1.0, 0.0, 0.0
0,NUMBER_LITERAL, line no: 25,total,SIMPLE_NAME, line no: 16, 0.0, 0.07692307692307693, 1.0, 0.0, 0.0
0,NUMBER_LITERAL, line no: 25,computeRatio(part total),METHOD_INVOCATION, line no: 17, 0.0, 0.5384615384615384, 0.0, 0.0, 0.0
0,NUMBER_LITERAL, line no: 25,computeRatio,SIMPLE_NAME, line no: 17, 0.0, 0.5384615384615384, 0.0, 0.0, 0.0
0,NUMBER_LITERAL, line no: 25,compute,SIMPLE_NAME, line no: 20, 0.0, 0.07692307692307693, 0.0, 0.0, 0.0
0,NUMBER_LITERAL, line no: 25,computeReverseIndicator,SIMPLE_NAME, line no: 24, 0.0, 0.07692307692307693, 0.0, 0.0, 0.0
0,NUMBER_LITERAL, line no: 25,ratio,SIMPLE_NAME, line no: 32, 0.0, 0.5384615384615384, 0.0, 0.0, 0.0
0,NUMBER_LITERAL, line no: 25,new BigDecimal(part).divide(new BigDecimal(total) 5 ROUND_DOWN),METHOD_INVOCATION, line no: 32, 0.0, 0.5384615384615384, 0.0, 0.0, 0.0
0,NUMBER_LITERAL, line no: 25,new BigDecimal(part),CLASS_INSTANCE_CREATION, line no: 32, 0.0, 0.5384615384615384, 0.0, 0.0, 0.0
0,NUMBER_LITERAL, line no: 25,divide,SIMPLE_NAME, line no: 32, 0.0, 0.5384615384615384, 0.0, 0.0, 0.0
0,NUMBER_LITERAL, line no: 25,new BigDecimal(total),CLASS_INSTANCE_CREATION, line no: 32, 0.0, 0.5384615384615384, 0.0, 0.0, 0.0
0,NUMBER_LITERAL, line no: 25,5,NUMBER_LITERAL, line no: 32, 0.0, 0.6153846153846154, 1.0, 0.0, 0.0
0,NUMBER_LITERAL, line no: 25,ratio.doubleValue(),METHOD_INVOCATION, line no: 33, 0.0, 0.6923076923076923, 0.0, 0.0, 0.0
0,NUMBER_LITERAL, line no: 25,doubleValue,SIMPLE_NAME, line no: 33, 0.0, 0.6923076923076923, 0.0, 0.0, 0.0
0,NUMBER_LITERAL, line no: 25,org.projectusus.core.internal.proportions,QUALIFIED_NAME, line no: 5, 0.0, 0.0, 0.0, 0.0, 0.0
0,NUMBER_LITERAL, line no: 25,org.projectusus.core.internal,QUALIFIED_NAME, line no: 5, 0.0, 0.0, 0.0, 0.0, 0.0
0,NUMBER_LITERAL, line no: 25,org.projectusus.core,QUALIFIED_NAME, line no: 5, 0.0, 0.0, 0.0, 0.0, 0.0
0,NUMBER_LITERAL, line no: 25,org.projectusus,QUALIFIED_NAME, line no: 5, 0.0, 0.0, 0.0, 0.0, 0.0
0,NUMBER_LITERAL, line no: 25,org,SIMPLE_NAME, line no: 5, 0.0, 0.08333333333333333, 0.0, 0.0, 0.0
0,NUMBER_LITERAL, line no: 25,projectusus,SIMPLE_NAME, line no: 5, 0.0, 0.08333333333333333, 0.0, 0.0, 0.0
0,NUMBER_LITERAL, line no: 25,core,SIMPLE_NAME, line no: 5, 0.0, 0.08333333333333333, 0.0, 0.0, 0.0
0,NUMBER_LITERAL, line no: 25,internal,SIMPLE_NAME, line no: 5, 0.0, 0.08333333333333333, 0.0, 0.0, 0.0
0,NUMBER_LITERAL, line no: 25,proportions,SIMPLE_NAME, line no: 5, 0.0, 0.08333333333333333, 0.0, 0.0, 0.0
0,NUMBER_LITERAL, line no: 25,java.lang.Math.min,QUALIFIED_NAME, line no: 7, 0.0, 0.0, 0.0, 0.0, 0.0
0,NUMBER_LITERAL, line no: 25,java.lang.Math,QUALIFIED_NAME, line no: 7, 0.0, 0.0, 0.0, 0.0, 0.0
0,NUMBER_LITERAL, line no: 25,java.lang,QUALIFIED_NAME, line no: 7, 0.0, 0.0, 0.0, 0.0, 0.0
0,NUMBER_LITERAL, line no: 25,java,SIMPLE_NAME, line no: 7, 0.0, 0.08333333333333333, 0.0, 0.0, 0.0
0,NUMBER_LITERAL, line no: 25,lang,SIMPLE_NAME, line no: 7, 0.0, 0.08333333333333333, 0.0, 0.0, 0.0
0,NUMBER_LITERAL, line no: 25,Math,SIMPLE_NAME, line no: 7, 0.0, 0.08333333333333333, 0.0, 0.0, 0.0
0,NUMBER_LITERAL, line no: 25,min,SIMPLE_NAME, line no: 7, 0.0, 0.08333333333333333, 0.0, 0.0, 0.0
0,NUMBER_LITERAL, line no: 25,java.math.BigDecimal.ROUND_DOWN,QUALIFIED_NAME, line no: 8, 0.0, 0.0, 0.0, 0.0, 0.0
0,NUMBER_LITERAL, line no: 25,java.math.BigDecimal,QUALIFIED_NAME, line no: 8, 0.0, 0.0, 0.0, 0.0, 0.0
0,NUMBER_LITERAL, line no: 25,java.math,QUALIFIED_NAME, line no: 8, 0.0, 0.0, 0.0, 0.0, 0.0
0,NUMBER_LITERAL, line no: 25,math,SIMPLE_NAME, line no: 8, 0.0, 0.08333333333333333, 0.0, 0.0, 0.0
0,NUMBER_LITERAL, line no: 25,BigDecimal,SIMPLE_NAME, line no: 8, 0.0, 0.08333333333333333, 0.0, 0.0, 0.0
0,NUMBER_LITERAL, line no: 25,ROUND_DOWN,SIMPLE_NAME, line no: 8, 0.0, 0.08333333333333333, 0.0, 0.0, 0.0
0,NUMBER_LITERAL, line no: 25,CodeProportionsRatio,SIMPLE_NAME, line no: 12, 0.0, 0.08333333333333333, 0.0, 0.0, 0.0
0,NUMBER_LITERAL, line no: 25,result,SIMPLE_NAME, line no: 14, 0.0, 0.08333333333333333, 0.0, 0.0, 0.0
0,NUMBER_LITERAL, line no: 25,part,SIMPLE_NAME, line no: 16, 0.0, 0.08333333333333333, 1.0, 0.0, 0.0
0,NUMBER_LITERAL, line no: 25,total,SIMPLE_NAME, line no: 16, 0.0, 0.08333333333333333, 1.0, 0.0, 0.0
0,NUMBER_LITERAL, line no: 25,computeRatio(part total),METHOD_INVOCATION, line no: 17, 0.0, 0.5833333333333334, 0.0, 0.0, 0.0
0,NUMBER_LITERAL, line no: 25,computeRatio,SIMPLE_NAME, line no: 17, 0.0, 0.5833333333333334, 0.0, 0.0, 0.0
0,NUMBER_LITERAL, line no: 25,compute,SIMPLE_NAME, line no: 20, 0.0, 0.08333333333333333, 0.0, 0.0, 0.0
0,NUMBER_LITERAL, line no: 25,computeReverseIndicator,SIMPLE_NAME, line no: 24, 0.0, 0.08333333333333333, 0.0, 0.0, 0.0
0,NUMBER_LITERAL, line no: 25,ratio,SIMPLE_NAME, line no: 32, 0.0, 0.5833333333333334, 0.0, 0.0, 0.0
0,NUMBER_LITERAL, line no: 25,new BigDecimal(part).divide(new BigDecimal(total) 5 ROUND_DOWN),METHOD_INVOCATION, line no: 32, 0.0, 0.5833333333333334, 0.0, 0.0, 0.0
0,NUMBER_LITERAL, line no: 25,new BigDecimal(part),CLASS_INSTANCE_CREATION, line no: 32, 0.0, 0.5833333333333334, 0.0, 0.0, 0.0
0,NUMBER_LITERAL, line no: 25,divide,SIMPLE_NAME, line no: 32, 0.0, 0.5833333333333334, 0.0, 0.0, 0.0
0,NUMBER_LITERAL, line no: 25,new BigDecimal(total),CLASS_INSTANCE_CREATION, line no: 32, 0.0, 0.5833333333333334, 0.0, 0.0, 0.0
0,NUMBER_LITERAL, line no: 25,5,NUMBER_LITERAL, line no: 32, 0.0, 0.6666666666666666, 1.0, 0.0, 0.0
0,NUMBER_LITERAL, line no: 25,ratio.doubleValue(),METHOD_INVOCATION, line no: 33, 0.0, 0.75, 0.0, 0.0, 0.0
0,NUMBER_LITERAL, line no: 25,doubleValue,SIMPLE_NAME, line no: 33, 0.0, 0.75, 0.0, 0.0, 0.0
100 - result,INFIX_EXPRESSION, line no: 25,java,SIMPLE_NAME, line no: 7, 0.0, 0.08333333333333333, 0.0, 0.0, 0.0
100 - result,INFIX_EXPRESSION, line no: 25,min,SIMPLE_NAME, line no: 7, 0.0, 0.08333333333333333, 0.0, 0.0, 0.0
100 - result,INFIX_EXPRESSION, line no: 25,ROUND_DOWN,SIMPLE_NAME, line no: 8, 0.0, 0.08333333333333333, 0.0, 0.0, 0.0
100 - result,INFIX_EXPRESSION, line no: 25,5,NUMBER_LITERAL, line no: 32, 0.0, 0.5833333333333334, 0.0, 0.0, 0.0
100,NUMBER_LITERAL, line no: 25,org.projectusus.core.internal.proportions,QUALIFIED_NAME, line no: 5, 0.0, 0.0, 0.0, 0.0, 0.0
100,NUMBER_LITERAL, line no: 25,org.projectusus.core.internal,QUALIFIED_NAME, line no: 5, 0.0, 0.0, 0.0, 0.0, 0.0
100,NUMBER_LITERAL, line no: 25,org.projectusus.core,QUALIFIED_NAME, line no: 5, 0.0, 0.0, 0.0, 0.0, 0.0
100,NUMBER_LITERAL, line no: 25,org.projectusus,QUALIFIED_NAME, line no: 5, 0.0, 0.0, 0.0, 0.0, 0.0
100,NUMBER_LITERAL, line no: 25,org,SIMPLE_NAME, line no: 5, 0.0, 0.07692307692307693, 0.0, 0.0, 0.0
100,NUMBER_LITERAL, line no: 25,projectusus,SIMPLE_NAME, line no: 5, 0.0, 0.07692307692307693, 0.0, 0.0, 0.0
100,NUMBER_LITERAL, line no: 25,core,SIMPLE_NAME, line no: 5, 0.0, 0.07692307692307693, 0.0, 0.0, 0.0
100,NUMBER_LITERAL, line no: 25,internal,SIMPLE_NAME, line no: 5, 0.0, 0.07692307692307693, 0.0, 0.0, 0.0
100,NUMBER_LITERAL, line no: 25,proportions,SIMPLE_NAME, line no: 5, 0.0, 0.07692307692307693, 0.0, 0.0, 0.0
100,NUMBER_LITERAL, line no: 25,java.lang.Math.min,QUALIFIED_NAME, line no: 7, 0.0, 0.0, 0.0, 0.0, 0.0
100,NUMBER_LITERAL, line no: 25,java.lang.Math,QUALIFIED_NAME, line no: 7, 0.0, 0.0, 0.0, 0.0, 0.0
100,NUMBER_LITERAL, line no: 25,java.lang,QUALIFIED_NAME, line no: 7, 0.0, 0.0, 0.0, 0.0, 0.0
100,NUMBER_LITERAL, line no: 25,java,SIMPLE_NAME, line no: 7, 0.0, 0.07692307692307693, 0.0, 0.0, 0.0
100,NUMBER_LITERAL, line no: 25,lang,SIMPLE_NAME, line no: 7, 0.0, 0.07692307692307693, 0.0, 0.0, 0.0
100,NUMBER_LITERAL, line no: 25,Math,SIMPLE_NAME, line no: 7, 0.0, 0.07692307692307693, 0.0, 0.0, 0.0
100,NUMBER_LITERAL, line no: 25,min,SIMPLE_NAME, line no: 7, 0.0, 0.07692307692307693, 0.0, 0.0, 0.0
100,NUMBER_LITERAL, line no: 25,java.math.BigDecimal.ROUND_DOWN,QUALIFIED_NAME, line no: 8, 0.0, 0.0, 0.0, 0.0, 0.0
100,NUMBER_LITERAL, line no: 25,java.math.BigDecimal,QUALIFIED_NAME, line no: 8, 0.0, 0.0, 0.0, 0.0, 0.0
100,NUMBER_LITERAL, line no: 25,java.math,QUALIFIED_NAME, line no: 8, 0.0, 0.0, 0.0, 0.0, 0.0
100,NUMBER_LITERAL, line no: 25,math,SIMPLE_NAME, line no: 8, 0.0, 0.07692307692307693, 0.0, 0.0, 0.0
100,NUMBER_LITERAL, line no: 25,BigDecimal,SIMPLE_NAME, line no: 8, 0.0, 0.07692307692307693, 0.0, 0.0, 0.0
100,NUMBER_LITERAL, line no: 25,ROUND_DOWN,SIMPLE_NAME, line no: 8, 0.0, 0.07692307692307693, 0.0, 0.0, 0.0
100,NUMBER_LITERAL, line no: 25,CodeProportionsRatio,SIMPLE_NAME, line no: 12, 0.0, 0.07692307692307693, 0.0, 0.0, 0.0
100,NUMBER_LITERAL, line no: 25,result,SIMPLE_NAME, line no: 14, 0.0, 0.07692307692307693, 0.0, 0.0, 0.0
100,NUMBER_LITERAL, line no: 25,part,SIMPLE_NAME, line no: 16, 0.0, 0.07692307692307693, 1.0, 0.0, 0.0
100,NUMBER_LITERAL, line no: 25,total,SIMPLE_NAME, line no: 16, 0.0, 0.07692307692307693, 1.0, 0.0, 0.0
100,NUMBER_LITERAL, line no: 25,computeRatio(part total),METHOD_INVOCATION, line no: 17, 0.0, 0.5384615384615384, 0.0, 0.0, 0.0
100,NUMBER_LITERAL, line no: 25,computeRatio,SIMPLE_NAME, line no: 17, 0.0, 0.5384615384615384, 0.0, 0.0, 0.0
100,NUMBER_LITERAL, line no: 25,compute,SIMPLE_NAME, line no: 20, 0.0, 0.07692307692307693, 0.0, 0.0, 0.0
100,NUMBER_LITERAL, line no: 25,computeReverseIndicator,SIMPLE_NAME, line no: 24, 0.0, 0.07692307692307693, 0.0, 0.0, 0.0
100,NUMBER_LITERAL, line no: 25,ratio,SIMPLE_NAME, line no: 32, 0.0, 0.5384615384615384, 0.0, 0.0, 0.0
100,NUMBER_LITERAL, line no: 25,new BigDecimal(part).divide(new BigDecimal(total) 5 ROUND_DOWN),METHOD_INVOCATION, line no: 32, 0.0, 0.5384615384615384, 0.0, 0.0, 0.0
100,NUMBER_LITERAL, line no: 25,new BigDecimal(part),CLASS_INSTANCE_CREATION, line no: 32, 0.0, 0.5384615384615384, 0.0, 0.0, 0.0
100,NUMBER_LITERAL, line no: 25,divide,SIMPLE_NAME, line no: 32, 0.0, 0.5384615384615384, 0.0, 0.0, 0.0
100,NUMBER_LITERAL, line no: 25,new BigDecimal(total),CLASS_INSTANCE_CREATION, line no: 32, 0.0, 0.5384615384615384, 0.0, 0.0, 0.0
100,NUMBER_LITERAL, line no: 25,5,NUMBER_LITERAL, line no: 32, 0.0, 0.6153846153846154, 1.0, 0.0, 0.0
100,NUMBER_LITERAL, line no: 25,ratio.doubleValue(),METHOD_INVOCATION, line no: 33, 0.0, 0.6923076923076923, 0.0, 0.0, 0.0
100,NUMBER_LITERAL, line no: 25,doubleValue,SIMPLE_NAME, line no: 33, 0.0, 0.6923076923076923, 0.0, 0.0, 0.0
result,SIMPLE_NAME, line no: 25,java,SIMPLE_NAME, line no: 7, 0.0, 0.07692307692307693, 0.0, 0.0, 0.0
result,SIMPLE_NAME, line no: 25,min,SIMPLE_NAME, line no: 7, 0.0, 0.07692307692307693, 0.0, 0.0, 0.0
result,SIMPLE_NAME, line no: 25,ROUND_DOWN,SIMPLE_NAME, line no: 8, 0.0, 0.07692307692307693, 0.0, 0.0, 0.0
result,SIMPLE_NAME, line no: 25,0,NUMBER_LITERAL, line no: 17, 0.0, 0.7692307692307693, 0.0, 0.0, 0.0
result,SIMPLE_NAME, line no: 25,100,NUMBER_LITERAL, line no: 25, 0.0, 0.9230769230769231, 0.0, 0.0, 0.0
result,SIMPLE_NAME, line no: 25,5,NUMBER_LITERAL, line no: 32, 0.0, 0.6153846153846154, 0.0, 0.0, 0.0
result,SIMPLE_NAME, line no: 25,100.0,NUMBER_LITERAL, line no: 33, 0.0, 0.6923076923076923, 1.0, 0.0, 0.0
